LOCATION,INDICATOR,SUBJECT,MEASURE,FREQUENCY,TIME,Value,Flag Codes
AUS,INCOMEINEQ,P50P10,RT,A,2012,2.2,
AUS,INCOMEINEQ,P50P10,RT,A,2014,2.2,
AUS,INCOMEINEQ,P90P10,RT,A,2012,4.4,
AUS,INCOMEINEQ,P90P10,RT,A,2014,4.3,
AUS,INCOMEINEQ,P90P50,RT,A,2012,2,
AUS,INCOMEINEQ,P90P50,RT,A,2014,2,
AUS,INCOMEINEQ,S90S10,RT,A,2012,8.8,
AUS,INCOMEINEQ,S90S10,RT,A,2014,9.4,
AUS,INCOMEINEQ,GINI,INEQ,A,2012,0.326,
AUS,INCOMEINEQ,GINI,INEQ,A,2014,0.337,
AUT,INCOMEINEQ,P50P10,RT,A,2004,1.8,
AUT,INCOMEINEQ,P50P10,RT,A,2005,1.8,
AUT,INCOMEINEQ,P50P10,RT,A,2006,1.8,
AUT,INCOMEINEQ,P50P10,RT,A,2007,2,
AUT,INCOMEINEQ,P50P10,RT,A,2008,1.9,
AUT,INCOMEINEQ,P50P10,RT,A,2009,2,
AUT,INCOMEINEQ,P50P10,RT,A,2010,1.9,
AUT,INCOMEINEQ,P50P10,RT,A,2011,1.9,
AUT,INCOMEINEQ,P50P10,RT,A,2012,2,
AUT,INCOMEINEQ,P50P10,RT,A,2013,1.9,
AUT,INCOMEINEQ,P90P10,RT,A,2004,3.2,
AUT,INCOMEINEQ,P90P10,RT,A,2005,3.2,
AUT,INCOMEINEQ,P90P10,RT,A,2006,3.2,
AUT,INCOMEINEQ,P90P10,RT,A,2007,3.6,
AUT,INCOMEINEQ,P90P10,RT,A,2008,3.5,
AUT,INCOMEINEQ,P90P10,RT,A,2009,3.6,
AUT,INCOMEINEQ,P90P10,RT,A,2010,3.5,
AUT,INCOMEINEQ,P90P10,RT,A,2011,3.5,
AUT,INCOMEINEQ,P90P10,RT,A,2012,3.5,
AUT,INCOMEINEQ,P90P10,RT,A,2013,3.4,
AUT,INCOMEINEQ,P90P50,RT,A,2004,1.8,
AUT,INCOMEINEQ,P90P50,RT,A,2005,1.8,
AUT,INCOMEINEQ,P90P50,RT,A,2006,1.8,
AUT,INCOMEINEQ,P90P50,RT,A,2007,1.8,
AUT,INCOMEINEQ,P90P50,RT,A,2008,1.8,
AUT,INCOMEINEQ,P90P50,RT,A,2009,1.8,
AUT,INCOMEINEQ,P90P50,RT,A,2010,1.8,
AUT,INCOMEINEQ,P90P50,RT,A,2011,1.8,
AUT,INCOMEINEQ,P90P50,RT,A,2012,1.8,
AUT,INCOMEINEQ,P90P50,RT,A,2013,1.8,
AUT,INCOMEINEQ,S90S10,RT,A,2004,6,
AUT,INCOMEINEQ,S90S10,RT,A,2005,5.8,
AUT,INCOMEINEQ,S90S10,RT,A,2006,6,
AUT,INCOMEINEQ,S90S10,RT,A,2007,6.9,
AUT,INCOMEINEQ,S90S10,RT,A,2008,6.9,
AUT,INCOMEINEQ,S90S10,RT,A,2009,7.5,
AUT,INCOMEINEQ,S90S10,RT,A,2010,6.7,
AUT,INCOMEINEQ,S90S10,RT,A,2011,7.1,
AUT,INCOMEINEQ,S90S10,RT,A,2012,7,
AUT,INCOMEINEQ,S90S10,RT,A,2013,6.8,
AUT,INCOMEINEQ,GINI,INEQ,A,2004,0.269,
AUT,INCOMEINEQ,GINI,INEQ,A,2005,0.261,
AUT,INCOMEINEQ,GINI,INEQ,A,2006,0.268,
AUT,INCOMEINEQ,GINI,INEQ,A,2007,0.285,
AUT,INCOMEINEQ,GINI,INEQ,A,2008,0.281,
AUT,INCOMEINEQ,GINI,INEQ,A,2009,0.289,
AUT,INCOMEINEQ,GINI,INEQ,A,2010,0.28,
AUT,INCOMEINEQ,GINI,INEQ,A,2011,0.282,
AUT,INCOMEINEQ,GINI,INEQ,A,2012,0.276,
AUT,INCOMEINEQ,GINI,INEQ,A,2013,0.28,
BEL,INCOMEINEQ,P50P10,RT,A,2004,1.9,
BEL,INCOMEINEQ,P50P10,RT,A,2005,2,
BEL,INCOMEINEQ,P50P10,RT,A,2006,2,
BEL,INCOMEINEQ,P50P10,RT,A,2007,2,
BEL,INCOMEINEQ,P50P10,RT,A,2008,2,
BEL,INCOMEINEQ,P50P10,RT,A,2009,2,
BEL,INCOMEINEQ,P50P10,RT,A,2010,2,
BEL,INCOMEINEQ,P50P10,RT,A,2011,2,
BEL,INCOMEINEQ,P50P10,RT,A,2012,2,
BEL,INCOMEINEQ,P50P10,RT,A,2013,2,
BEL,INCOMEINEQ,P90P10,RT,A,2004,3.4,
BEL,INCOMEINEQ,P90P10,RT,A,2005,3.4,
BEL,INCOMEINEQ,P90P10,RT,A,2006,3.5,
BEL,INCOMEINEQ,P90P10,RT,A,2007,3.4,
BEL,INCOMEINEQ,P90P10,RT,A,2008,3.4,
BEL,INCOMEINEQ,P90P10,RT,A,2009,3.5,
BEL,INCOMEINEQ,P90P10,RT,A,2010,3.4,
BEL,INCOMEINEQ,P90P10,RT,A,2011,3.4,
BEL,INCOMEINEQ,P90P10,RT,A,2012,3.4,
BEL,INCOMEINEQ,P90P10,RT,A,2013,3.5,
BEL,INCOMEINEQ,P90P50,RT,A,2004,1.7,
BEL,INCOMEINEQ,P90P50,RT,A,2005,1.7,
BEL,INCOMEINEQ,P90P50,RT,A,2006,1.7,
BEL,INCOMEINEQ,P90P50,RT,A,2007,1.7,
BEL,INCOMEINEQ,P90P50,RT,A,2008,1.7,
BEL,INCOMEINEQ,P90P50,RT,A,2009,1.7,
BEL,INCOMEINEQ,P90P50,RT,A,2010,1.7,
BEL,INCOMEINEQ,P90P50,RT,A,2011,1.7,
BEL,INCOMEINEQ,P90P50,RT,A,2012,1.7,
BEL,INCOMEINEQ,P90P50,RT,A,2013,1.7,
BEL,INCOMEINEQ,S90S10,RT,A,2004,6.4,
BEL,INCOMEINEQ,S90S10,RT,A,2005,6.3,
BEL,INCOMEINEQ,S90S10,RT,A,2006,6,
BEL,INCOMEINEQ,S90S10,RT,A,2007,6.4,
BEL,INCOMEINEQ,S90S10,RT,A,2008,5.9,
BEL,INCOMEINEQ,S90S10,RT,A,2009,6.2,
BEL,INCOMEINEQ,S90S10,RT,A,2010,6,
BEL,INCOMEINEQ,S90S10,RT,A,2011,6.1,
BEL,INCOMEINEQ,S90S10,RT,A,2012,5.8,
BEL,INCOMEINEQ,S90S10,RT,A,2013,5.8,
BEL,INCOMEINEQ,GINI,INEQ,A,2004,0.288,
BEL,INCOMEINEQ,GINI,INEQ,A,2005,0.278,
BEL,INCOMEINEQ,GINI,INEQ,A,2006,0.27,
BEL,INCOMEINEQ,GINI,INEQ,A,2007,0.28,
BEL,INCOMEINEQ,GINI,INEQ,A,2008,0.269,
BEL,INCOMEINEQ,GINI,INEQ,A,2009,0.275,
BEL,INCOMEINEQ,GINI,INEQ,A,2010,0.27,
BEL,INCOMEINEQ,GINI,INEQ,A,2011,0.272,
BEL,INCOMEINEQ,GINI,INEQ,A,2012,0.268,
BEL,INCOMEINEQ,GINI,INEQ,A,2013,0.268,
CAN,INCOMEINEQ,P50P10,RT,A,2006,2.2,
CAN,INCOMEINEQ,P50P10,RT,A,2007,2.2,
CAN,INCOMEINEQ,P50P10,RT,A,2008,2.2,
CAN,INCOMEINEQ,P50P10,RT,A,2009,2.2,
CAN,INCOMEINEQ,P50P10,RT,A,2010,2.2,
CAN,INCOMEINEQ,P50P10,RT,A,2011,2.2,
CAN,INCOMEINEQ,P50P10,RT,A,2012,2.2,
CAN,INCOMEINEQ,P50P10,RT,A,2013,2.2,
CAN,INCOMEINEQ,P90P10,RT,A,2006,4.3,
CAN,INCOMEINEQ,P90P10,RT,A,2007,4.2,
CAN,INCOMEINEQ,P90P10,RT,A,2008,4.2,
CAN,INCOMEINEQ,P90P10,RT,A,2009,4.3,
CAN,INCOMEINEQ,P90P10,RT,A,2010,4.1,
CAN,INCOMEINEQ,P90P10,RT,A,2011,4.2,
CAN,INCOMEINEQ,P90P10,RT,A,2012,4.3,
CAN,INCOMEINEQ,P90P10,RT,A,2013,4.4,
CAN,INCOMEINEQ,P90P50,RT,A,2006,1.9,
CAN,INCOMEINEQ,P90P50,RT,A,2007,1.9,
CAN,INCOMEINEQ,P90P50,RT,A,2008,1.9,
CAN,INCOMEINEQ,P90P50,RT,A,2009,1.9,
CAN,INCOMEINEQ,P90P50,RT,A,2010,1.9,
CAN,INCOMEINEQ,P90P50,RT,A,2011,1.9,
CAN,INCOMEINEQ,P90P50,RT,A,2012,1.9,
CAN,INCOMEINEQ,P90P50,RT,A,2013,2,
CAN,INCOMEINEQ,S90S10,RT,A,2006,8.6,
CAN,INCOMEINEQ,S90S10,RT,A,2007,8.7,
CAN,INCOMEINEQ,S90S10,RT,A,2008,8.7,
CAN,INCOMEINEQ,S90S10,RT,A,2009,8.9,
CAN,INCOMEINEQ,S90S10,RT,A,2010,8.6,
CAN,INCOMEINEQ,S90S10,RT,A,2011,8.6,
CAN,INCOMEINEQ,S90S10,RT,A,2012,9.2,
CAN,INCOMEINEQ,S90S10,RT,A,2013,9.3,
CAN,INCOMEINEQ,GINI,INEQ,A,2006,0.316,
CAN,INCOMEINEQ,GINI,INEQ,A,2007,0.318,
CAN,INCOMEINEQ,GINI,INEQ,A,2008,0.316,
CAN,INCOMEINEQ,GINI,INEQ,A,2009,0.318,
CAN,INCOMEINEQ,GINI,INEQ,A,2010,0.316,
CAN,INCOMEINEQ,GINI,INEQ,A,2011,0.314,
CAN,INCOMEINEQ,GINI,INEQ,A,2012,0.321,
CAN,INCOMEINEQ,GINI,INEQ,A,2013,0.322,
CZE,INCOMEINEQ,P50P10,RT,A,2004,1.7,
CZE,INCOMEINEQ,P50P10,RT,A,2005,1.7,
CZE,INCOMEINEQ,P50P10,RT,A,2006,1.7,
CZE,INCOMEINEQ,P50P10,RT,A,2007,1.7,
CZE,INCOMEINEQ,P50P10,RT,A,2008,1.7,
CZE,INCOMEINEQ,P50P10,RT,A,2009,1.7,
CZE,INCOMEINEQ,P50P10,RT,A,2010,1.8,
CZE,INCOMEINEQ,P50P10,RT,A,2011,1.7,
CZE,INCOMEINEQ,P50P10,RT,A,2012,1.7,
CZE,INCOMEINEQ,P50P10,RT,A,2013,1.7,
CZE,INCOMEINEQ,P90P10,RT,A,2004,3.2,
CZE,INCOMEINEQ,P90P10,RT,A,2005,3.1,
CZE,INCOMEINEQ,P90P10,RT,A,2006,3.1,
CZE,INCOMEINEQ,P90P10,RT,A,2007,3,
CZE,INCOMEINEQ,P90P10,RT,A,2008,2.9,
CZE,INCOMEINEQ,P90P10,RT,A,2009,3,
CZE,INCOMEINEQ,P90P10,RT,A,2010,3.1,
CZE,INCOMEINEQ,P90P10,RT,A,2011,3.1,
CZE,INCOMEINEQ,P90P10,RT,A,2012,3,
CZE,INCOMEINEQ,P90P10,RT,A,2013,3.1,
CZE,INCOMEINEQ,P90P50,RT,A,2004,1.8,
CZE,INCOMEINEQ,P90P50,RT,A,2005,1.8,
CZE,INCOMEINEQ,P90P50,RT,A,2006,1.8,
CZE,INCOMEINEQ,P90P50,RT,A,2007,1.8,
CZE,INCOMEINEQ,P90P50,RT,A,2008,1.7,
CZE,INCOMEINEQ,P90P50,RT,A,2009,1.8,
CZE,INCOMEINEQ,P90P50,RT,A,2010,1.8,
CZE,INCOMEINEQ,P90P50,RT,A,2011,1.8,
CZE,INCOMEINEQ,P90P50,RT,A,2012,1.8,
CZE,INCOMEINEQ,P90P50,RT,A,2013,1.8,
CZE,INCOMEINEQ,S90S10,RT,A,2004,5.7,
CZE,INCOMEINEQ,S90S10,RT,A,2005,5.4,
CZE,INCOMEINEQ,S90S10,RT,A,2006,5.4,
CZE,INCOMEINEQ,S90S10,RT,A,2007,5.3,
CZE,INCOMEINEQ,S90S10,RT,A,2008,5.5,
CZE,INCOMEINEQ,S90S10,RT,A,2009,5.5,
CZE,INCOMEINEQ,S90S10,RT,A,2010,5.7,
CZE,INCOMEINEQ,S90S10,RT,A,2011,5.5,
CZE,INCOMEINEQ,S90S10,RT,A,2012,5.4,
CZE,INCOMEINEQ,S90S10,RT,A,2013,5.6,
CZE,INCOMEINEQ,GINI,INEQ,A,2004,0.268,
CZE,INCOMEINEQ,GINI,INEQ,A,2005,0.261,
CZE,INCOMEINEQ,GINI,INEQ,A,2006,0.261,
CZE,INCOMEINEQ,GINI,INEQ,A,2007,0.257,
CZE,INCOMEINEQ,GINI,INEQ,A,2008,0.26,
CZE,INCOMEINEQ,GINI,INEQ,A,2009,0.258,
CZE,INCOMEINEQ,GINI,INEQ,A,2010,0.262,
CZE,INCOMEINEQ,GINI,INEQ,A,2011,0.259,
CZE,INCOMEINEQ,GINI,INEQ,A,2012,0.256,
CZE,INCOMEINEQ,GINI,INEQ,A,2013,0.262,
DNK,INCOMEINEQ,P50P10,RT,A,2011,1.8,
DNK,INCOMEINEQ,P50P10,RT,A,2012,1.7,
DNK,INCOMEINEQ,P50P10,RT,A,2013,1.7,
DNK,INCOMEINEQ,P90P10,RT,A,2011,2.9,
DNK,INCOMEINEQ,P90P10,RT,A,2012,2.8,
DNK,INCOMEINEQ,P90P10,RT,A,2013,2.9,
DNK,INCOMEINEQ,P90P50,RT,A,2011,1.6,
DNK,INCOMEINEQ,P90P50,RT,A,2012,1.6,
DNK,INCOMEINEQ,P90P50,RT,A,2013,1.6,
DNK,INCOMEINEQ,S90S10,RT,A,2011,5.2,
DNK,INCOMEINEQ,S90S10,RT,A,2012,5.2,
DNK,INCOMEINEQ,S90S10,RT,A,2013,5.3,
DNK,INCOMEINEQ,GINI,INEQ,A,2011,0.251,
DNK,INCOMEINEQ,GINI,INEQ,A,2012,0.249,
DNK,INCOMEINEQ,GINI,INEQ,A,2013,0.254,
FIN,INCOMEINEQ,P50P10,RT,A,1987,1.7,
FIN,INCOMEINEQ,P50P10,RT,A,1988,1.7,
FIN,INCOMEINEQ,P50P10,RT,A,1989,1.7,
FIN,INCOMEINEQ,P50P10,RT,A,1990,1.7,
FIN,INCOMEINEQ,P50P10,RT,A,1991,1.7,
FIN,INCOMEINEQ,P50P10,RT,A,1992,1.7,
FIN,INCOMEINEQ,P50P10,RT,A,1993,1.6,
FIN,INCOMEINEQ,P50P10,RT,A,1994,1.6,
FIN,INCOMEINEQ,P50P10,RT,A,1995,1.6,
FIN,INCOMEINEQ,P50P10,RT,A,1996,1.7,
FIN,INCOMEINEQ,P50P10,RT,A,1997,1.7,
FIN,INCOMEINEQ,P50P10,RT,A,1998,1.7,
FIN,INCOMEINEQ,P50P10,RT,A,1999,1.7,
FIN,INCOMEINEQ,P50P10,RT,A,2000,1.8,
FIN,INCOMEINEQ,P50P10,RT,A,2001,1.8,
FIN,INCOMEINEQ,P50P10,RT,A,2002,1.8,
FIN,INCOMEINEQ,P50P10,RT,A,2003,1.8,
FIN,INCOMEINEQ,P50P10,RT,A,2004,1.8,
FIN,INCOMEINEQ,P50P10,RT,A,2005,1.8,
FIN,INCOMEINEQ,P50P10,RT,A,2006,1.8,
FIN,INCOMEINEQ,P50P10,RT,A,2007,1.9,
FIN,INCOMEINEQ,P50P10,RT,A,2008,1.9,
FIN,INCOMEINEQ,P50P10,RT,A,2009,1.8,
FIN,INCOMEINEQ,P50P10,RT,A,2010,1.9,
FIN,INCOMEINEQ,P50P10,RT,A,2011,1.9,
FIN,INCOMEINEQ,P50P10,RT,A,2012,1.8,
FIN,INCOMEINEQ,P50P10,RT,A,2013,1.8,
FIN,INCOMEINEQ,P50P10,RT,A,2014,1.8,
FIN,INCOMEINEQ,P90P10,RT,A,1987,2.6,
FIN,INCOMEINEQ,P90P10,RT,A,1988,2.7,
FIN,INCOMEINEQ,P90P10,RT,A,1989,2.7,
FIN,INCOMEINEQ,P90P10,RT,A,1990,2.7,
FIN,INCOMEINEQ,P90P10,RT,A,1991,2.6,
FIN,INCOMEINEQ,P90P10,RT,A,1992,2.6,
FIN,INCOMEINEQ,P90P10,RT,A,1993,2.6,
FIN,INCOMEINEQ,P90P10,RT,A,1994,2.6,
FIN,INCOMEINEQ,P90P10,RT,A,1995,2.6,
FIN,INCOMEINEQ,P90P10,RT,A,1996,2.7,
FIN,INCOMEINEQ,P90P10,RT,A,1997,2.8,
FIN,INCOMEINEQ,P90P10,RT,A,1998,2.8,
FIN,INCOMEINEQ,P90P10,RT,A,1999,2.8,
FIN,INCOMEINEQ,P90P10,RT,A,2000,2.9,
FIN,INCOMEINEQ,P90P10,RT,A,2001,3,
FIN,INCOMEINEQ,P90P10,RT,A,2002,3,
FIN,INCOMEINEQ,P90P10,RT,A,2003,3,
FIN,INCOMEINEQ,P90P10,RT,A,2004,3.1,
FIN,INCOMEINEQ,P90P10,RT,A,2005,3.1,
FIN,INCOMEINEQ,P90P10,RT,A,2006,3.1,
FIN,INCOMEINEQ,P90P10,RT,A,2007,3.2,
FIN,INCOMEINEQ,P90P10,RT,A,2008,3.2,
FIN,INCOMEINEQ,P90P10,RT,A,2009,3.1,
FIN,INCOMEINEQ,P90P10,RT,A,2010,3.2,
FIN,INCOMEINEQ,P90P10,RT,A,2011,3.2,
FIN,INCOMEINEQ,P90P10,RT,A,2012,3.1,
FIN,INCOMEINEQ,P90P10,RT,A,2013,3.2,
FIN,INCOMEINEQ,P90P10,RT,A,2014,3.1,
FIN,INCOMEINEQ,P90P50,RT,A,1987,1.5,
FIN,INCOMEINEQ,P90P50,RT,A,1988,1.5,
FIN,INCOMEINEQ,P90P50,RT,A,1989,1.6,
FIN,INCOMEINEQ,P90P50,RT,A,1990,1.6,
FIN,INCOMEINEQ,P90P50,RT,A,1991,1.6,
FIN,INCOMEINEQ,P90P50,RT,A,1992,1.5,
FIN,INCOMEINEQ,P90P50,RT,A,1993,1.6,
FIN,INCOMEINEQ,P90P50,RT,A,1994,1.6,
FIN,INCOMEINEQ,P90P50,RT,A,1995,1.6,
FIN,INCOMEINEQ,P90P50,RT,A,1996,1.6,
FIN,INCOMEINEQ,P90P50,RT,A,1997,1.7,
FIN,INCOMEINEQ,P90P50,RT,A,1998,1.7,
FIN,INCOMEINEQ,P90P50,RT,A,1999,1.7,
FIN,INCOMEINEQ,P90P50,RT,A,2000,1.7,
FIN,INCOMEINEQ,P90P50,RT,A,2001,1.7,
FIN,INCOMEINEQ,P90P50,RT,A,2002,1.7,
FIN,INCOMEINEQ,P90P50,RT,A,2003,1.7,
FIN,INCOMEINEQ,P90P50,RT,A,2004,1.7,
FIN,INCOMEINEQ,P90P50,RT,A,2005,1.7,
FIN,INCOMEINEQ,P90P50,RT,A,2006,1.7,
FIN,INCOMEINEQ,P90P50,RT,A,2007,1.7,
FIN,INCOMEINEQ,P90P50,RT,A,2008,1.7,
FIN,INCOMEINEQ,P90P50,RT,A,2009,1.7,
FIN,INCOMEINEQ,P90P50,RT,A,2010,1.7,
FIN,INCOMEINEQ,P90P50,RT,A,2011,1.7,
FIN,INCOMEINEQ,P90P50,RT,A,2012,1.7,
FIN,INCOMEINEQ,P90P50,RT,A,2013,1.7,
FIN,INCOMEINEQ,P90P50,RT,A,2014,1.7,
FIN,INCOMEINEQ,S90S10,RT,A,1987,4.1,
FIN,INCOMEINEQ,S90S10,RT,A,1988,4.2,
FIN,INCOMEINEQ,S90S10,RT,A,1989,4.2,
FIN,INCOMEINEQ,S90S10,RT,A,1990,4.2,
FIN,INCOMEINEQ,S90S10,RT,A,1991,4.2,
FIN,INCOMEINEQ,S90S10,RT,A,1992,4.1,
FIN,INCOMEINEQ,S90S10,RT,A,1993,4.1,
FIN,INCOMEINEQ,S90S10,RT,A,1994,4.1,
FIN,INCOMEINEQ,S90S10,RT,A,1995,4.2,
FIN,INCOMEINEQ,S90S10,RT,A,1996,4.3,
FIN,INCOMEINEQ,S90S10,RT,A,1997,4.6,
FIN,INCOMEINEQ,S90S10,RT,A,1998,4.9,
FIN,INCOMEINEQ,S90S10,RT,A,1999,5.1,
FIN,INCOMEINEQ,S90S10,RT,A,2000,5.2,
FIN,INCOMEINEQ,S90S10,RT,A,2001,5.5,
FIN,INCOMEINEQ,S90S10,RT,A,2002,5.4,
FIN,INCOMEINEQ,S90S10,RT,A,2003,5.4,
FIN,INCOMEINEQ,S90S10,RT,A,2004,5.6,
FIN,INCOMEINEQ,S90S10,RT,A,2005,5.6,
FIN,INCOMEINEQ,S90S10,RT,A,2006,5.7,
FIN,INCOMEINEQ,S90S10,RT,A,2007,5.8,
FIN,INCOMEINEQ,S90S10,RT,A,2008,5.7,
FIN,INCOMEINEQ,S90S10,RT,A,2009,5.5,
FIN,INCOMEINEQ,S90S10,RT,A,2010,5.6,
FIN,INCOMEINEQ,S90S10,RT,A,2011,5.6,
FIN,INCOMEINEQ,S90S10,RT,A,2012,5.4,
FIN,INCOMEINEQ,S90S10,RT,A,2013,5.5,
FIN,INCOMEINEQ,S90S10,RT,A,2014,5.3,
FIN,INCOMEINEQ,GINI,INEQ,A,1987,0.209,
FIN,INCOMEINEQ,GINI,INEQ,A,1988,0.213,
FIN,INCOMEINEQ,GINI,INEQ,A,1989,0.217,
FIN,INCOMEINEQ,GINI,INEQ,A,1990,0.215,
FIN,INCOMEINEQ,GINI,INEQ,A,1991,0.212,
FIN,INCOMEINEQ,GINI,INEQ,A,1992,0.211,
FIN,INCOMEINEQ,GINI,INEQ,A,1993,0.214,
FIN,INCOMEINEQ,GINI,INEQ,A,1994,0.215,
FIN,INCOMEINEQ,GINI,INEQ,A,1995,0.22,
FIN,INCOMEINEQ,GINI,INEQ,A,1996,0.224,
FIN,INCOMEINEQ,GINI,INEQ,A,1997,0.235,
FIN,INCOMEINEQ,GINI,INEQ,A,1998,0.243,
FIN,INCOMEINEQ,GINI,INEQ,A,1999,0.25,
FIN,INCOMEINEQ,GINI,INEQ,A,2000,0.254,
FIN,INCOMEINEQ,GINI,INEQ,A,2001,0.262,
FIN,INCOMEINEQ,GINI,INEQ,A,2002,0.258,
FIN,INCOMEINEQ,GINI,INEQ,A,2003,0.261,
FIN,INCOMEINEQ,GINI,INEQ,A,2004,0.266,
FIN,INCOMEINEQ,GINI,INEQ,A,2005,0.265,
FIN,INCOMEINEQ,GINI,INEQ,A,2006,0.268,
FIN,INCOMEINEQ,GINI,INEQ,A,2007,0.269,
FIN,INCOMEINEQ,GINI,INEQ,A,2008,0.264,
FIN,INCOMEINEQ,GINI,INEQ,A,2009,0.259,
FIN,INCOMEINEQ,GINI,INEQ,A,2010,0.264,
FIN,INCOMEINEQ,GINI,INEQ,A,2011,0.264,
FIN,INCOMEINEQ,GINI,INEQ,A,2012,0.26,
FIN,INCOMEINEQ,GINI,INEQ,A,2013,0.262,
FIN,INCOMEINEQ,GINI,INEQ,A,2014,0.257,
FRA,INCOMEINEQ,P50P10,RT,A,2012,1.9,
FRA,INCOMEINEQ,P50P10,RT,A,2013,1.9,
FRA,INCOMEINEQ,P90P10,RT,A,2012,3.6,
FRA,INCOMEINEQ,P90P10,RT,A,2013,3.5,
FRA,INCOMEINEQ,P90P50,RT,A,2012,1.9,
FRA,INCOMEINEQ,P90P50,RT,A,2013,1.9,
FRA,INCOMEINEQ,S90S10,RT,A,2012,7.7,
FRA,INCOMEINEQ,S90S10,RT,A,2013,6.9,
FRA,INCOMEINEQ,GINI,INEQ,A,2012,0.308,
FRA,INCOMEINEQ,GINI,INEQ,A,2013,0.294,
DEU,INCOMEINEQ,P50P10,RT,A,2008,1.9,
DEU,INCOMEINEQ,P50P10,RT,A,2011,1.9,
DEU,INCOMEINEQ,P50P10,RT,A,2012,1.9,
DEU,INCOMEINEQ,P50P10,RT,A,2013,1.9,
DEU,INCOMEINEQ,P90P10,RT,A,2008,3.5,
DEU,INCOMEINEQ,P90P10,RT,A,2011,3.5,
DEU,INCOMEINEQ,P90P10,RT,A,2012,3.5,
DEU,INCOMEINEQ,P90P10,RT,A,2013,3.6,
DEU,INCOMEINEQ,P90P50,RT,A,2008,1.8,
DEU,INCOMEINEQ,P90P50,RT,A,2011,1.9,
DEU,INCOMEINEQ,P90P50,RT,A,2012,1.9,
DEU,INCOMEINEQ,P90P50,RT,A,2013,1.9,
DEU,INCOMEINEQ,S90S10,RT,A,2008,6.7,
DEU,INCOMEINEQ,S90S10,RT,A,2011,6.8,
DEU,INCOMEINEQ,S90S10,RT,A,2012,6.6,
DEU,INCOMEINEQ,S90S10,RT,A,2013,6.8,
DEU,INCOMEINEQ,GINI,INEQ,A,2008,0.285,
DEU,INCOMEINEQ,GINI,INEQ,A,2011,0.291,
DEU,INCOMEINEQ,GINI,INEQ,A,2012,0.289,
DEU,INCOMEINEQ,GINI,INEQ,A,2013,0.292,
GRC,INCOMEINEQ,P50P10,RT,A,2004,2.2,
GRC,INCOMEINEQ,P50P10,RT,A,2005,2.2,
GRC,INCOMEINEQ,P50P10,RT,A,2006,2.2,
GRC,INCOMEINEQ,P50P10,RT,A,2007,2.2,
GRC,INCOMEINEQ,P50P10,RT,A,2008,2.2,
GRC,INCOMEINEQ,P50P10,RT,A,2009,2.2,
GRC,INCOMEINEQ,P50P10,RT,A,2010,2.3,
GRC,INCOMEINEQ,P50P10,RT,A,2011,2.5,
GRC,INCOMEINEQ,P50P10,RT,A,2012,2.5,
GRC,INCOMEINEQ,P50P10,RT,A,2013,2.5,
GRC,INCOMEINEQ,P90P10,RT,A,2004,4.5,
GRC,INCOMEINEQ,P90P10,RT,A,2005,4.8,
GRC,INCOMEINEQ,P90P10,RT,A,2006,4.6,
GRC,INCOMEINEQ,P90P10,RT,A,2007,4.4,
GRC,INCOMEINEQ,P90P10,RT,A,2008,4.4,
GRC,INCOMEINEQ,P90P10,RT,A,2009,4.3,
GRC,INCOMEINEQ,P90P10,RT,A,2010,4.6,
GRC,INCOMEINEQ,P90P10,RT,A,2011,4.8,
GRC,INCOMEINEQ,P90P10,RT,A,2012,4.9,
GRC,INCOMEINEQ,P90P10,RT,A,2013,5.1,
GRC,INCOMEINEQ,P90P50,RT,A,2004,2.1,
GRC,INCOMEINEQ,P90P50,RT,A,2005,2.1,
GRC,INCOMEINEQ,P90P50,RT,A,2006,2.1,
GRC,INCOMEINEQ,P90P50,RT,A,2007,2,
GRC,INCOMEINEQ,P90P50,RT,A,2008,2,
GRC,INCOMEINEQ,P90P50,RT,A,2009,2,
GRC,INCOMEINEQ,P90P50,RT,A,2010,2,
GRC,INCOMEINEQ,P90P50,RT,A,2011,2,
GRC,INCOMEINEQ,P90P50,RT,A,2012,1.9,
GRC,INCOMEINEQ,P90P50,RT,A,2013,2.1,
GRC,INCOMEINEQ,S90S10,RT,A,2004,9.6,
GRC,INCOMEINEQ,S90S10,RT,A,2005,10,
GRC,INCOMEINEQ,S90S10,RT,A,2006,10.1,
GRC,INCOMEINEQ,S90S10,RT,A,2007,9.6,
GRC,INCOMEINEQ,S90S10,RT,A,2008,9.4,
GRC,INCOMEINEQ,S90S10,RT,A,2009,9.6,
GRC,INCOMEINEQ,S90S10,RT,A,2010,10.8,
GRC,INCOMEINEQ,S90S10,RT,A,2011,12.2,
GRC,INCOMEINEQ,S90S10,RT,A,2012,12.2,
GRC,INCOMEINEQ,S90S10,RT,A,2013,11.4,
GRC,INCOMEINEQ,GINI,INEQ,A,2004,0.333,
GRC,INCOMEINEQ,GINI,INEQ,A,2005,0.346,
GRC,INCOMEINEQ,GINI,INEQ,A,2006,0.339,
GRC,INCOMEINEQ,GINI,INEQ,A,2007,0.33,
GRC,INCOMEINEQ,GINI,INEQ,A,2008,0.329,
GRC,INCOMEINEQ,GINI,INEQ,A,2009,0.331,
GRC,INCOMEINEQ,GINI,INEQ,A,2010,0.337,
GRC,INCOMEINEQ,GINI,INEQ,A,2011,0.335,
GRC,INCOMEINEQ,GINI,INEQ,A,2012,0.34,
GRC,INCOMEINEQ,GINI,INEQ,A,2013,0.343,
HUN,INCOMEINEQ,P50P10,RT,A,2012,2,
HUN,INCOMEINEQ,P50P10,RT,A,2014,2,
HUN,INCOMEINEQ,P90P10,RT,A,2012,3.8,
HUN,INCOMEINEQ,P90P10,RT,A,2014,3.6,
HUN,INCOMEINEQ,P90P50,RT,A,2012,1.8,
HUN,INCOMEINEQ,P90P50,RT,A,2014,1.8,
HUN,INCOMEINEQ,S90S10,RT,A,2012,7.3,
HUN,INCOMEINEQ,S90S10,RT,A,2014,7.2,
HUN,INCOMEINEQ,GINI,INEQ,A,2012,0.289,
HUN,INCOMEINEQ,GINI,INEQ,A,2014,0.288,
ISL,INCOMEINEQ,P50P10,RT,A,2004,1.7,
ISL,INCOMEINEQ,P50P10,RT,A,2005,1.8,
ISL,INCOMEINEQ,P50P10,RT,A,2006,1.8,
ISL,INCOMEINEQ,P50P10,RT,A,2007,1.8,
ISL,INCOMEINEQ,P50P10,RT,A,2008,1.8,
ISL,INCOMEINEQ,P50P10,RT,A,2009,1.8,
ISL,INCOMEINEQ,P50P10,RT,A,2010,1.7,
ISL,INCOMEINEQ,P50P10,RT,A,2011,1.7,
ISL,INCOMEINEQ,P50P10,RT,A,2012,1.7,
ISL,INCOMEINEQ,P50P10,RT,A,2013,1.7,
ISL,INCOMEINEQ,P90P10,RT,A,2004,2.9,
ISL,INCOMEINEQ,P90P10,RT,A,2005,3,
ISL,INCOMEINEQ,P90P10,RT,A,2006,3.2,
ISL,INCOMEINEQ,P90P10,RT,A,2007,3.3,
ISL,INCOMEINEQ,P90P10,RT,A,2008,3.3,
ISL,INCOMEINEQ,P90P10,RT,A,2009,3.1,
ISL,INCOMEINEQ,P90P10,RT,A,2010,2.9,
ISL,INCOMEINEQ,P90P10,RT,A,2011,2.9,
ISL,INCOMEINEQ,P90P10,RT,A,2012,3,
ISL,INCOMEINEQ,P90P10,RT,A,2013,2.9,
ISL,INCOMEINEQ,P90P50,RT,A,2004,1.7,
ISL,INCOMEINEQ,P90P50,RT,A,2005,1.7,
ISL,INCOMEINEQ,P90P50,RT,A,2006,1.8,
ISL,INCOMEINEQ,P90P50,RT,A,2007,1.8,
ISL,INCOMEINEQ,P90P50,RT,A,2008,1.9,
ISL,INCOMEINEQ,P90P50,RT,A,2009,1.8,
ISL,INCOMEINEQ,P90P50,RT,A,2010,1.6,
ISL,INCOMEINEQ,P90P50,RT,A,2011,1.7,
ISL,INCOMEINEQ,P90P50,RT,A,2012,1.7,
ISL,INCOMEINEQ,P90P50,RT,A,2013,1.7,
ISL,INCOMEINEQ,S90S10,RT,A,2004,5.8,
ISL,INCOMEINEQ,S90S10,RT,A,2005,6.3,
ISL,INCOMEINEQ,S90S10,RT,A,2006,6.7,
ISL,INCOMEINEQ,S90S10,RT,A,2007,6.6,
ISL,INCOMEINEQ,S90S10,RT,A,2008,7.5,
ISL,INCOMEINEQ,S90S10,RT,A,2009,6.2,
ISL,INCOMEINEQ,S90S10,RT,A,2010,5.7,
ISL,INCOMEINEQ,S90S10,RT,A,2011,5.6,
ISL,INCOMEINEQ,S90S10,RT,A,2012,5.5,
ISL,INCOMEINEQ,S90S10,RT,A,2013,5,
ISL,INCOMEINEQ,GINI,INEQ,A,2004,0.261,
ISL,INCOMEINEQ,GINI,INEQ,A,2005,0.273,
ISL,INCOMEINEQ,GINI,INEQ,A,2006,0.292,
ISL,INCOMEINEQ,GINI,INEQ,A,2007,0.289,
ISL,INCOMEINEQ,GINI,INEQ,A,2008,0.309,
ISL,INCOMEINEQ,GINI,INEQ,A,2009,0.27,
ISL,INCOMEINEQ,GINI,INEQ,A,2010,0.253,
ISL,INCOMEINEQ,GINI,INEQ,A,2011,0.256,
ISL,INCOMEINEQ,GINI,INEQ,A,2012,0.256,
ISL,INCOMEINEQ,GINI,INEQ,A,2013,0.244,
IRL,INCOMEINEQ,P50P10,RT,A,2004,2.2,
IRL,INCOMEINEQ,P50P10,RT,A,2005,2.1,
IRL,INCOMEINEQ,P50P10,RT,A,2006,2.1,
IRL,INCOMEINEQ,P50P10,RT,A,2007,2,
IRL,INCOMEINEQ,P50P10,RT,A,2008,2,
IRL,INCOMEINEQ,P50P10,RT,A,2009,1.9,
IRL,INCOMEINEQ,P50P10,RT,A,2010,2,
IRL,INCOMEINEQ,P50P10,RT,A,2011,2,
IRL,INCOMEINEQ,P50P10,RT,A,2012,1.9,
IRL,INCOMEINEQ,P50P10,RT,A,2013,1.9,
IRL,INCOMEINEQ,P90P10,RT,A,2004,4.2,
IRL,INCOMEINEQ,P90P10,RT,A,2005,4,
IRL,INCOMEINEQ,P90P10,RT,A,2006,4,
IRL,INCOMEINEQ,P90P10,RT,A,2007,3.8,
IRL,INCOMEINEQ,P90P10,RT,A,2008,3.8,
IRL,INCOMEINEQ,P90P10,RT,A,2009,3.9,
IRL,INCOMEINEQ,P90P10,RT,A,2010,3.8,
IRL,INCOMEINEQ,P90P10,RT,A,2011,3.8,
IRL,INCOMEINEQ,P90P10,RT,A,2012,3.8,
IRL,INCOMEINEQ,P90P10,RT,A,2013,3.8,
IRL,INCOMEINEQ,P90P50,RT,A,2004,1.9,
IRL,INCOMEINEQ,P90P50,RT,A,2005,2,
IRL,INCOMEINEQ,P90P50,RT,A,2006,1.9,
IRL,INCOMEINEQ,P90P50,RT,A,2007,1.9,
IRL,INCOMEINEQ,P90P50,RT,A,2008,1.9,
IRL,INCOMEINEQ,P90P50,RT,A,2009,2,
IRL,INCOMEINEQ,P90P50,RT,A,2010,1.9,
IRL,INCOMEINEQ,P90P50,RT,A,2011,1.9,
IRL,INCOMEINEQ,P90P50,RT,A,2012,2,
IRL,INCOMEINEQ,P90P50,RT,A,2013,2,
IRL,INCOMEINEQ,S90S10,RT,A,2004,7.9,
IRL,INCOMEINEQ,S90S10,RT,A,2005,7.7,
IRL,INCOMEINEQ,S90S10,RT,A,2006,7.6,
IRL,INCOMEINEQ,S90S10,RT,A,2007,7,
IRL,INCOMEINEQ,S90S10,RT,A,2008,6.6,
IRL,INCOMEINEQ,S90S10,RT,A,2009,7.9,
IRL,INCOMEINEQ,S90S10,RT,A,2010,7.5,
IRL,INCOMEINEQ,S90S10,RT,A,2011,7.6,
IRL,INCOMEINEQ,S90S10,RT,A,2012,7.4,
IRL,INCOMEINEQ,S90S10,RT,A,2013,7.8,
IRL,INCOMEINEQ,GINI,INEQ,A,2004,0.324,
IRL,INCOMEINEQ,GINI,INEQ,A,2005,0.324,
IRL,INCOMEINEQ,GINI,INEQ,A,2006,0.318,
IRL,INCOMEINEQ,GINI,INEQ,A,2007,0.305,
IRL,INCOMEINEQ,GINI,INEQ,A,2008,0.296,
IRL,INCOMEINEQ,GINI,INEQ,A,2009,0.314,
IRL,INCOMEINEQ,GINI,INEQ,A,2010,0.3,
IRL,INCOMEINEQ,GINI,INEQ,A,2011,0.302,
IRL,INCOMEINEQ,GINI,INEQ,A,2012,0.304,
IRL,INCOMEINEQ,GINI,INEQ,A,2013,0.309,
ITA,INCOMEINEQ,P50P10,RT,A,2004,2.2,
ITA,INCOMEINEQ,P50P10,RT,A,2005,2.2,
ITA,INCOMEINEQ,P50P10,RT,A,2006,2.2,
ITA,INCOMEINEQ,P50P10,RT,A,2007,2.1,
ITA,INCOMEINEQ,P50P10,RT,A,2008,2.1,
ITA,INCOMEINEQ,P50P10,RT,A,2009,2.2,
ITA,INCOMEINEQ,P50P10,RT,A,2010,2.3,
ITA,INCOMEINEQ,P50P10,RT,A,2011,2.2,
ITA,INCOMEINEQ,P50P10,RT,A,2012,2.3,
ITA,INCOMEINEQ,P50P10,RT,A,2013,2.3,
ITA,INCOMEINEQ,P90P10,RT,A,2004,4.3,
ITA,INCOMEINEQ,P90P10,RT,A,2005,4.4,
ITA,INCOMEINEQ,P90P10,RT,A,2006,4.3,
ITA,INCOMEINEQ,P90P10,RT,A,2007,4.1,
ITA,INCOMEINEQ,P90P10,RT,A,2008,4.2,
ITA,INCOMEINEQ,P90P10,RT,A,2009,4.2,
ITA,INCOMEINEQ,P90P10,RT,A,2010,4.4,
ITA,INCOMEINEQ,P90P10,RT,A,2011,4.3,
ITA,INCOMEINEQ,P90P10,RT,A,2012,4.4,
ITA,INCOMEINEQ,P90P10,RT,A,2013,4.5,
ITA,INCOMEINEQ,P90P50,RT,A,2004,2,
ITA,INCOMEINEQ,P90P50,RT,A,2005,2,
ITA,INCOMEINEQ,P90P50,RT,A,2006,2,
ITA,INCOMEINEQ,P90P50,RT,A,2007,1.9,
ITA,INCOMEINEQ,P90P50,RT,A,2008,2,
ITA,INCOMEINEQ,P90P50,RT,A,2009,1.9,
ITA,INCOMEINEQ,P90P50,RT,A,2010,1.9,
ITA,INCOMEINEQ,P90P50,RT,A,2011,2,
ITA,INCOMEINEQ,P90P50,RT,A,2012,2,
ITA,INCOMEINEQ,P90P50,RT,A,2013,1.9,
ITA,INCOMEINEQ,S90S10,RT,A,2004,10,
ITA,INCOMEINEQ,S90S10,RT,A,2005,9.6,
ITA,INCOMEINEQ,S90S10,RT,A,2006,9.5,
ITA,INCOMEINEQ,S90S10,RT,A,2007,8.9,
ITA,INCOMEINEQ,S90S10,RT,A,2008,9.1,
ITA,INCOMEINEQ,S90S10,RT,A,2009,9.2,
ITA,INCOMEINEQ,S90S10,RT,A,2010,10.5,
ITA,INCOMEINEQ,S90S10,RT,A,2011,10.6,
ITA,INCOMEINEQ,S90S10,RT,A,2012,11.6,
ITA,INCOMEINEQ,S90S10,RT,A,2013,11.4,
ITA,INCOMEINEQ,GINI,INEQ,A,2004,0.331,
ITA,INCOMEINEQ,GINI,INEQ,A,2005,0.324,
ITA,INCOMEINEQ,GINI,INEQ,A,2006,0.325,
ITA,INCOMEINEQ,GINI,INEQ,A,2007,0.313,
ITA,INCOMEINEQ,GINI,INEQ,A,2008,0.317,
ITA,INCOMEINEQ,GINI,INEQ,A,2009,0.316,
ITA,INCOMEINEQ,GINI,INEQ,A,2010,0.323,
ITA,INCOMEINEQ,GINI,INEQ,A,2011,0.327,
ITA,INCOMEINEQ,GINI,INEQ,A,2012,0.331,
ITA,INCOMEINEQ,GINI,INEQ,A,2013,0.325,
JPN,INCOMEINEQ,P50P10,RT,A,2009,2.6,
JPN,INCOMEINEQ,P50P10,RT,A,2012,2.6,
JPN,INCOMEINEQ,P90P10,RT,A,2009,5.2,
JPN,INCOMEINEQ,P90P10,RT,A,2012,5.1,
JPN,INCOMEINEQ,P90P50,RT,A,2009,2,
JPN,INCOMEINEQ,P90P50,RT,A,2012,2,
JPN,INCOMEINEQ,S90S10,RT,A,2009,10.7,
JPN,INCOMEINEQ,S90S10,RT,A,2012,10.4,
JPN,INCOMEINEQ,GINI,INEQ,A,2009,0.336,
JPN,INCOMEINEQ,GINI,INEQ,A,2012,0.33,
KOR,INCOMEINEQ,P50P10,RT,A,2012,2.5,
KOR,INCOMEINEQ,P50P10,RT,A,2013,2.6,
KOR,INCOMEINEQ,P50P10,RT,A,2014,2.5,
KOR,INCOMEINEQ,P90P10,RT,A,2012,4.8,
KOR,INCOMEINEQ,P90P10,RT,A,2013,4.7,
KOR,INCOMEINEQ,P90P10,RT,A,2014,4.7,
KOR,INCOMEINEQ,P90P50,RT,A,2012,1.9,
KOR,INCOMEINEQ,P90P50,RT,A,2013,1.8,
KOR,INCOMEINEQ,P90P50,RT,A,2014,1.9,
KOR,INCOMEINEQ,S90S10,RT,A,2012,10.2,
KOR,INCOMEINEQ,S90S10,RT,A,2013,10.1,
KOR,INCOMEINEQ,S90S10,RT,A,2014,9.9,
KOR,INCOMEINEQ,GINI,INEQ,A,2012,0.307,
KOR,INCOMEINEQ,GINI,INEQ,A,2013,0.302,
KOR,INCOMEINEQ,GINI,INEQ,A,2014,0.302,
LUX,INCOMEINEQ,P50P10,RT,A,2004,1.9,
LUX,INCOMEINEQ,P50P10,RT,A,2005,1.9,
LUX,INCOMEINEQ,P50P10,RT,A,2006,1.9,
LUX,INCOMEINEQ,P50P10,RT,A,2007,1.8,
LUX,INCOMEINEQ,P50P10,RT,A,2008,1.9,
LUX,INCOMEINEQ,P50P10,RT,A,2009,1.9,
LUX,INCOMEINEQ,P50P10,RT,A,2010,1.8,
LUX,INCOMEINEQ,P50P10,RT,A,2011,1.9,
LUX,INCOMEINEQ,P50P10,RT,A,2012,1.9,
LUX,INCOMEINEQ,P50P10,RT,A,2013,1.9,
LUX,INCOMEINEQ,P90P10,RT,A,2004,3.4,
LUX,INCOMEINEQ,P90P10,RT,A,2005,3.5,
LUX,INCOMEINEQ,P90P10,RT,A,2006,3.4,
LUX,INCOMEINEQ,P90P10,RT,A,2007,3.3,
LUX,INCOMEINEQ,P90P10,RT,A,2008,3.5,
LUX,INCOMEINEQ,P90P10,RT,A,2009,3.5,
LUX,INCOMEINEQ,P90P10,RT,A,2010,3.4,
LUX,INCOMEINEQ,P90P10,RT,A,2011,3.4,
LUX,INCOMEINEQ,P90P10,RT,A,2012,3.6,
LUX,INCOMEINEQ,P90P10,RT,A,2013,3.5,
LUX,INCOMEINEQ,P90P50,RT,A,2004,1.8,
LUX,INCOMEINEQ,P90P50,RT,A,2005,1.8,
LUX,INCOMEINEQ,P90P50,RT,A,2006,1.8,
LUX,INCOMEINEQ,P90P50,RT,A,2007,1.8,
LUX,INCOMEINEQ,P90P50,RT,A,2008,1.8,
LUX,INCOMEINEQ,P90P50,RT,A,2009,1.9,
LUX,INCOMEINEQ,P90P50,RT,A,2010,1.8,
LUX,INCOMEINEQ,P90P50,RT,A,2011,1.8,
LUX,INCOMEINEQ,P90P50,RT,A,2012,1.9,
LUX,INCOMEINEQ,P90P50,RT,A,2013,1.9,
LUX,INCOMEINEQ,S90S10,RT,A,2004,5.8,
LUX,INCOMEINEQ,S90S10,RT,A,2005,6.6,
LUX,INCOMEINEQ,S90S10,RT,A,2006,6,
LUX,INCOMEINEQ,S90S10,RT,A,2007,6.1,
LUX,INCOMEINEQ,S90S10,RT,A,2008,6.6,
LUX,INCOMEINEQ,S90S10,RT,A,2009,6,
LUX,INCOMEINEQ,S90S10,RT,A,2010,5.8,
LUX,INCOMEINEQ,S90S10,RT,A,2011,5.9,
LUX,INCOMEINEQ,S90S10,RT,A,2012,7,
LUX,INCOMEINEQ,S90S10,RT,A,2013,6.4,
LUX,INCOMEINEQ,GINI,INEQ,A,2004,0.264,
LUX,INCOMEINEQ,GINI,INEQ,A,2005,0.282,
LUX,INCOMEINEQ,GINI,INEQ,A,2006,0.277,
LUX,INCOMEINEQ,GINI,INEQ,A,2007,0.279,
LUX,INCOMEINEQ,GINI,INEQ,A,2008,0.292,
LUX,INCOMEINEQ,GINI,INEQ,A,2009,0.28,
LUX,INCOMEINEQ,GINI,INEQ,A,2010,0.272,
LUX,INCOMEINEQ,GINI,INEQ,A,2011,0.278,
LUX,INCOMEINEQ,GINI,INEQ,A,2012,0.301,
LUX,INCOMEINEQ,GINI,INEQ,A,2013,0.281,
MEX,INCOMEINEQ,P50P10,RT,A,2012,2.9,
MEX,INCOMEINEQ,P50P10,RT,A,2014,2.6,
MEX,INCOMEINEQ,P90P10,RT,A,2012,8.1,
MEX,INCOMEINEQ,P90P10,RT,A,2014,7.2,
MEX,INCOMEINEQ,P90P50,RT,A,2012,2.8,
MEX,INCOMEINEQ,P90P50,RT,A,2014,2.8,
MEX,INCOMEINEQ,S90S10,RT,A,2012,25.1,
MEX,INCOMEINEQ,S90S10,RT,A,2014,20.9,
MEX,INCOMEINEQ,GINI,INEQ,A,2012,0.457,
MEX,INCOMEINEQ,GINI,INEQ,A,2014,0.459,
NLD,INCOMEINEQ,P50P10,RT,A,2010,1.8,
NLD,INCOMEINEQ,P50P10,RT,A,2011,1.8,
NLD,INCOMEINEQ,P50P10,RT,A,2012,1.9,
NLD,INCOMEINEQ,P50P10,RT,A,2013,1.9,
NLD,INCOMEINEQ,P50P10,RT,A,2014,1.9,
NLD,INCOMEINEQ,P90P10,RT,A,2010,3.3,
NLD,INCOMEINEQ,P90P10,RT,A,2011,3.3,
NLD,INCOMEINEQ,P90P10,RT,A,2012,3.3,
NLD,INCOMEINEQ,P90P10,RT,A,2013,3.3,
NLD,INCOMEINEQ,P90P10,RT,A,2014,3.4,
NLD,INCOMEINEQ,P90P50,RT,A,2010,1.8,
NLD,INCOMEINEQ,P90P50,RT,A,2011,1.8,
NLD,INCOMEINEQ,P90P50,RT,A,2012,1.8,
NLD,INCOMEINEQ,P90P50,RT,A,2013,1.8,
NLD,INCOMEINEQ,P90P50,RT,A,2014,1.8,
NLD,INCOMEINEQ,S90S10,RT,A,2010,6.7,
NLD,INCOMEINEQ,S90S10,RT,A,2011,6.7,
NLD,INCOMEINEQ,S90S10,RT,A,2012,6.8,
NLD,INCOMEINEQ,S90S10,RT,A,2013,6.7,
NLD,INCOMEINEQ,S90S10,RT,A,2014,6.9,
NLD,INCOMEINEQ,GINI,INEQ,A,2010,0.283,
NLD,INCOMEINEQ,GINI,INEQ,A,2011,0.283,
NLD,INCOMEINEQ,GINI,INEQ,A,2012,0.281,
NLD,INCOMEINEQ,GINI,INEQ,A,2013,0.28,
NLD,INCOMEINEQ,GINI,INEQ,A,2014,0.283,
NZL,INCOMEINEQ,P50P10,RT,A,2011,2,
NZL,INCOMEINEQ,P50P10,RT,A,2012,2,
NZL,INCOMEINEQ,P90P10,RT,A,2011,4.2,
NZL,INCOMEINEQ,P90P10,RT,A,2012,4.2,
NZL,INCOMEINEQ,P90P50,RT,A,2011,2.1,
NZL,INCOMEINEQ,P90P50,RT,A,2012,2.1,
NZL,INCOMEINEQ,S90S10,RT,A,2011,8,
NZL,INCOMEINEQ,S90S10,RT,A,2012,8.2,
NZL,INCOMEINEQ,GINI,INEQ,A,2011,0.323,
NZL,INCOMEINEQ,GINI,INEQ,A,2012,0.333,
NOR,INCOMEINEQ,P50P10,RT,A,2004,1.8,
NOR,INCOMEINEQ,P50P10,RT,A,2008,1.8,
NOR,INCOMEINEQ,P50P10,RT,A,2009,1.8,
NOR,INCOMEINEQ,P50P10,RT,A,2010,1.8,
NOR,INCOMEINEQ,P50P10,RT,A,2011,1.8,
NOR,INCOMEINEQ,P50P10,RT,A,2012,1.9,
NOR,INCOMEINEQ,P50P10,RT,A,2013,1.9,
NOR,INCOMEINEQ,P90P10,RT,A,2004,2.8,
NOR,INCOMEINEQ,P90P10,RT,A,2008,3,
NOR,INCOMEINEQ,P90P10,RT,A,2009,2.9,
NOR,INCOMEINEQ,P90P10,RT,A,2010,2.9,
NOR,INCOMEINEQ,P90P10,RT,A,2011,3,
NOR,INCOMEINEQ,P90P10,RT,A,2012,3,
NOR,INCOMEINEQ,P90P10,RT,A,2013,3,
NOR,INCOMEINEQ,P90P50,RT,A,2004,1.6,
NOR,INCOMEINEQ,P90P50,RT,A,2008,1.6,
NOR,INCOMEINEQ,P90P50,RT,A,2009,1.6,
NOR,INCOMEINEQ,P90P50,RT,A,2010,1.6,
NOR,INCOMEINEQ,P90P50,RT,A,2011,1.6,
NOR,INCOMEINEQ,P90P50,RT,A,2012,1.6,
NOR,INCOMEINEQ,P90P50,RT,A,2013,1.6,
NOR,INCOMEINEQ,S90S10,RT,A,2004,7.1,
NOR,INCOMEINEQ,S90S10,RT,A,2008,5.9,
NOR,INCOMEINEQ,S90S10,RT,A,2009,5.8,
NOR,INCOMEINEQ,S90S10,RT,A,2010,6,
NOR,INCOMEINEQ,S90S10,RT,A,2011,6.1,
NOR,INCOMEINEQ,S90S10,RT,A,2012,6.2,
NOR,INCOMEINEQ,S90S10,RT,A,2013,6.1,
NOR,INCOMEINEQ,GINI,INEQ,A,2004,0.285,
NOR,INCOMEINEQ,GINI,INEQ,A,2008,0.25,
NOR,INCOMEINEQ,GINI,INEQ,A,2009,0.245,
NOR,INCOMEINEQ,GINI,INEQ,A,2010,0.249,
NOR,INCOMEINEQ,GINI,INEQ,A,2011,0.25,
NOR,INCOMEINEQ,GINI,INEQ,A,2012,0.253,
NOR,INCOMEINEQ,GINI,INEQ,A,2013,0.252,
POL,INCOMEINEQ,P50P10,RT,A,2005,2.2,
POL,INCOMEINEQ,P50P10,RT,A,2006,2.1,
POL,INCOMEINEQ,P50P10,RT,A,2007,2,
POL,INCOMEINEQ,P50P10,RT,A,2008,2.1,
POL,INCOMEINEQ,P50P10,RT,A,2009,2.1,
POL,INCOMEINEQ,P50P10,RT,A,2010,2.1,
POL,INCOMEINEQ,P50P10,RT,A,2011,2,
POL,INCOMEINEQ,P50P10,RT,A,2012,2,
POL,INCOMEINEQ,P50P10,RT,A,2013,2,
POL,INCOMEINEQ,P90P10,RT,A,2005,4.5,
POL,INCOMEINEQ,P90P10,RT,A,2006,4.2,
POL,INCOMEINEQ,P90P10,RT,A,2007,3.9,
POL,INCOMEINEQ,P90P10,RT,A,2008,4,
POL,INCOMEINEQ,P90P10,RT,A,2009,4,
POL,INCOMEINEQ,P90P10,RT,A,2010,3.9,
POL,INCOMEINEQ,P90P10,RT,A,2011,3.9,
POL,INCOMEINEQ,P90P10,RT,A,2012,3.9,
POL,INCOMEINEQ,P90P10,RT,A,2013,3.9,
POL,INCOMEINEQ,P90P50,RT,A,2005,2.1,
POL,INCOMEINEQ,P90P50,RT,A,2006,2,
POL,INCOMEINEQ,P90P50,RT,A,2007,2,
POL,INCOMEINEQ,P90P50,RT,A,2008,1.9,
POL,INCOMEINEQ,P90P50,RT,A,2009,1.9,
POL,INCOMEINEQ,P90P50,RT,A,2010,1.9,
POL,INCOMEINEQ,P90P50,RT,A,2011,1.9,
POL,INCOMEINEQ,P90P50,RT,A,2012,1.9,
POL,INCOMEINEQ,P90P50,RT,A,2013,1.9,
POL,INCOMEINEQ,S90S10,RT,A,2005,9.2,
POL,INCOMEINEQ,S90S10,RT,A,2006,8.2,
POL,INCOMEINEQ,S90S10,RT,A,2007,8.1,
POL,INCOMEINEQ,S90S10,RT,A,2008,7.7,
POL,INCOMEINEQ,S90S10,RT,A,2009,7.6,
POL,INCOMEINEQ,S90S10,RT,A,2010,7.8,
POL,INCOMEINEQ,S90S10,RT,A,2011,7.5,
POL,INCOMEINEQ,S90S10,RT,A,2012,7.3,
POL,INCOMEINEQ,S90S10,RT,A,2013,7.5,
POL,INCOMEINEQ,GINI,INEQ,A,2005,0.327,
POL,INCOMEINEQ,GINI,INEQ,A,2006,0.316,
POL,INCOMEINEQ,GINI,INEQ,A,2007,0.316,
POL,INCOMEINEQ,GINI,INEQ,A,2008,0.309,
POL,INCOMEINEQ,GINI,INEQ,A,2009,0.304,
POL,INCOMEINEQ,GINI,INEQ,A,2010,0.306,
POL,INCOMEINEQ,GINI,INEQ,A,2011,0.301,
POL,INCOMEINEQ,GINI,INEQ,A,2012,0.298,
POL,INCOMEINEQ,GINI,INEQ,A,2013,0.3,
PRT,INCOMEINEQ,P50P10,RT,A,2004,2.2,
PRT,INCOMEINEQ,P50P10,RT,A,2005,2.1,
PRT,INCOMEINEQ,P50P10,RT,A,2006,2.2,
PRT,INCOMEINEQ,P50P10,RT,A,2007,2.2,
PRT,INCOMEINEQ,P50P10,RT,A,2008,2.1,
PRT,INCOMEINEQ,P50P10,RT,A,2009,2.1,
PRT,INCOMEINEQ,P50P10,RT,A,2010,2,
PRT,INCOMEINEQ,P50P10,RT,A,2011,2.1,
PRT,INCOMEINEQ,P50P10,RT,A,2012,2.2,
PRT,INCOMEINEQ,P50P10,RT,A,2013,2.3,
PRT,INCOMEINEQ,P90P10,RT,A,2004,5.4,
PRT,INCOMEINEQ,P90P10,RT,A,2005,5.2,
PRT,INCOMEINEQ,P90P10,RT,A,2006,5.4,
PRT,INCOMEINEQ,P90P10,RT,A,2007,4.9,
PRT,INCOMEINEQ,P90P10,RT,A,2008,4.7,
PRT,INCOMEINEQ,P90P10,RT,A,2009,4.6,
PRT,INCOMEINEQ,P90P10,RT,A,2010,4.5,
PRT,INCOMEINEQ,P90P10,RT,A,2011,4.5,
PRT,INCOMEINEQ,P90P10,RT,A,2012,4.7,
PRT,INCOMEINEQ,P90P10,RT,A,2013,4.9,
PRT,INCOMEINEQ,P90P50,RT,A,2004,2.5,
PRT,INCOMEINEQ,P90P50,RT,A,2005,2.4,
PRT,INCOMEINEQ,P90P50,RT,A,2006,2.5,
PRT,INCOMEINEQ,P90P50,RT,A,2007,2.3,
PRT,INCOMEINEQ,P90P50,RT,A,2008,2.3,
PRT,INCOMEINEQ,P90P50,RT,A,2009,2.2,
PRT,INCOMEINEQ,P90P50,RT,A,2010,2.2,
PRT,INCOMEINEQ,P90P50,RT,A,2011,2.1,
PRT,INCOMEINEQ,P90P50,RT,A,2012,2.1,
PRT,INCOMEINEQ,P90P50,RT,A,2013,2.1,
PRT,INCOMEINEQ,S90S10,RT,A,2004,12.4,
PRT,INCOMEINEQ,S90S10,RT,A,2005,12.1,
PRT,INCOMEINEQ,S90S10,RT,A,2006,11,
PRT,INCOMEINEQ,S90S10,RT,A,2007,10.4,
PRT,INCOMEINEQ,S90S10,RT,A,2008,10.1,
PRT,INCOMEINEQ,S90S10,RT,A,2009,9.1,
PRT,INCOMEINEQ,S90S10,RT,A,2010,9.1,
PRT,INCOMEINEQ,S90S10,RT,A,2011,9.5,
PRT,INCOMEINEQ,S90S10,RT,A,2012,10.1,
PRT,INCOMEINEQ,S90S10,RT,A,2013,10.7,
PRT,INCOMEINEQ,GINI,INEQ,A,2004,0.384,
PRT,INCOMEINEQ,GINI,INEQ,A,2005,0.379,
PRT,INCOMEINEQ,GINI,INEQ,A,2006,0.371,
PRT,INCOMEINEQ,GINI,INEQ,A,2007,0.361,
PRT,INCOMEINEQ,GINI,INEQ,A,2008,0.355,
PRT,INCOMEINEQ,GINI,INEQ,A,2009,0.337,
PRT,INCOMEINEQ,GINI,INEQ,A,2010,0.342,
PRT,INCOMEINEQ,GINI,INEQ,A,2011,0.338,
PRT,INCOMEINEQ,GINI,INEQ,A,2012,0.338,
PRT,INCOMEINEQ,GINI,INEQ,A,2013,0.342,
SVK,INCOMEINEQ,P50P10,RT,A,2004,1.9,
SVK,INCOMEINEQ,P50P10,RT,A,2005,1.8,
SVK,INCOMEINEQ,P50P10,RT,A,2006,1.8,
SVK,INCOMEINEQ,P50P10,RT,A,2007,1.8,
SVK,INCOMEINEQ,P50P10,RT,A,2008,1.8,
SVK,INCOMEINEQ,P50P10,RT,A,2009,1.8,
SVK,INCOMEINEQ,P50P10,RT,A,2010,1.9,
SVK,INCOMEINEQ,P50P10,RT,A,2011,1.9,
SVK,INCOMEINEQ,P50P10,RT,A,2012,1.9,
SVK,INCOMEINEQ,P50P10,RT,A,2013,1.9,
SVK,INCOMEINEQ,P90P10,RT,A,2004,3.2,
SVK,INCOMEINEQ,P90P10,RT,A,2005,3.1,
SVK,INCOMEINEQ,P90P10,RT,A,2006,3,
SVK,INCOMEINEQ,P90P10,RT,A,2007,3,
SVK,INCOMEINEQ,P90P10,RT,A,2008,3.1,
SVK,INCOMEINEQ,P90P10,RT,A,2009,3.2,
SVK,INCOMEINEQ,P90P10,RT,A,2010,3.2,
SVK,INCOMEINEQ,P90P10,RT,A,2011,3.3,
SVK,INCOMEINEQ,P90P10,RT,A,2012,3.2,
SVK,INCOMEINEQ,P90P10,RT,A,2013,3.3,
SVK,INCOMEINEQ,P90P50,RT,A,2004,1.7,
SVK,INCOMEINEQ,P90P50,RT,A,2005,1.7,
SVK,INCOMEINEQ,P90P50,RT,A,2006,1.7,
SVK,INCOMEINEQ,P90P50,RT,A,2007,1.7,
SVK,INCOMEINEQ,P90P50,RT,A,2008,1.8,
SVK,INCOMEINEQ,P90P50,RT,A,2009,1.8,
SVK,INCOMEINEQ,P90P50,RT,A,2010,1.7,
SVK,INCOMEINEQ,P90P50,RT,A,2011,1.7,
SVK,INCOMEINEQ,P90P50,RT,A,2012,1.7,
SVK,INCOMEINEQ,P90P50,RT,A,2013,1.8,
SVK,INCOMEINEQ,S90S10,RT,A,2004,6,
SVK,INCOMEINEQ,S90S10,RT,A,2005,6.9,
SVK,INCOMEINEQ,S90S10,RT,A,2006,5.4,
SVK,INCOMEINEQ,S90S10,RT,A,2007,5.2,
SVK,INCOMEINEQ,S90S10,RT,A,2008,5.7,
SVK,INCOMEINEQ,S90S10,RT,A,2009,6.2,
SVK,INCOMEINEQ,S90S10,RT,A,2010,6.1,
SVK,INCOMEINEQ,S90S10,RT,A,2011,5.9,
SVK,INCOMEINEQ,S90S10,RT,A,2012,5.7,
SVK,INCOMEINEQ,S90S10,RT,A,2013,6.6,
SVK,INCOMEINEQ,GINI,INEQ,A,2004,0.265,
SVK,INCOMEINEQ,GINI,INEQ,A,2005,0.289,
SVK,INCOMEINEQ,GINI,INEQ,A,2006,0.253,
SVK,INCOMEINEQ,GINI,INEQ,A,2007,0.247,
SVK,INCOMEINEQ,GINI,INEQ,A,2008,0.257,
SVK,INCOMEINEQ,GINI,INEQ,A,2009,0.264,
SVK,INCOMEINEQ,GINI,INEQ,A,2010,0.263,
SVK,INCOMEINEQ,GINI,INEQ,A,2011,0.262,
SVK,INCOMEINEQ,GINI,INEQ,A,2012,0.25,
SVK,INCOMEINEQ,GINI,INEQ,A,2013,0.269,
ESP,INCOMEINEQ,P50P10,RT,A,2004,2.3,
ESP,INCOMEINEQ,P50P10,RT,A,2005,2.4,
ESP,INCOMEINEQ,P50P10,RT,A,2006,2.3,
ESP,INCOMEINEQ,P50P10,RT,A,2007,2.3,
ESP,INCOMEINEQ,P50P10,RT,A,2008,2.3,
ESP,INCOMEINEQ,P50P10,RT,A,2009,2.4,
ESP,INCOMEINEQ,P50P10,RT,A,2010,2.4,
ESP,INCOMEINEQ,P50P10,RT,A,2011,2.4,
ESP,INCOMEINEQ,P50P10,RT,A,2012,2.4,
ESP,INCOMEINEQ,P50P10,RT,A,2013,2.6,
ESP,INCOMEINEQ,P90P10,RT,A,2004,4.8,
ESP,INCOMEINEQ,P90P10,RT,A,2005,4.8,
ESP,INCOMEINEQ,P90P10,RT,A,2006,4.4,
ESP,INCOMEINEQ,P90P10,RT,A,2007,4.6,
ESP,INCOMEINEQ,P90P10,RT,A,2008,4.6,
ESP,INCOMEINEQ,P90P10,RT,A,2009,4.8,
ESP,INCOMEINEQ,P90P10,RT,A,2010,4.9,
ESP,INCOMEINEQ,P90P10,RT,A,2011,5.1,
ESP,INCOMEINEQ,P90P10,RT,A,2012,4.9,
ESP,INCOMEINEQ,P90P10,RT,A,2013,5.4,
ESP,INCOMEINEQ,P90P50,RT,A,2004,2,
ESP,INCOMEINEQ,P90P50,RT,A,2005,2,
ESP,INCOMEINEQ,P90P50,RT,A,2006,1.9,
ESP,INCOMEINEQ,P90P50,RT,A,2007,2,
ESP,INCOMEINEQ,P90P50,RT,A,2008,2,
ESP,INCOMEINEQ,P90P50,RT,A,2009,2,
ESP,INCOMEINEQ,P90P50,RT,A,2010,2.1,
ESP,INCOMEINEQ,P90P50,RT,A,2011,2.1,
ESP,INCOMEINEQ,P90P50,RT,A,2012,2,
ESP,INCOMEINEQ,P90P50,RT,A,2013,2.1,
ESP,INCOMEINEQ,S90S10,RT,A,2004,10.7,
ESP,INCOMEINEQ,S90S10,RT,A,2005,10.3,
ESP,INCOMEINEQ,S90S10,RT,A,2006,8.9,
ESP,INCOMEINEQ,S90S10,RT,A,2007,9.3,
ESP,INCOMEINEQ,S90S10,RT,A,2008,9.8,
ESP,INCOMEINEQ,S90S10,RT,A,2009,10.9,
ESP,INCOMEINEQ,S90S10,RT,A,2010,11,
ESP,INCOMEINEQ,S90S10,RT,A,2011,12,
ESP,INCOMEINEQ,S90S10,RT,A,2012,11.5,
ESP,INCOMEINEQ,S90S10,RT,A,2013,12.7,
ESP,INCOMEINEQ,GINI,INEQ,A,2004,0.332,
ESP,INCOMEINEQ,GINI,INEQ,A,2005,0.324,
ESP,INCOMEINEQ,GINI,INEQ,A,2006,0.316,
ESP,INCOMEINEQ,GINI,INEQ,A,2007,0.324,
ESP,INCOMEINEQ,GINI,INEQ,A,2008,0.328,
ESP,INCOMEINEQ,GINI,INEQ,A,2009,0.334,
ESP,INCOMEINEQ,GINI,INEQ,A,2010,0.34,
ESP,INCOMEINEQ,GINI,INEQ,A,2011,0.342,
ESP,INCOMEINEQ,GINI,INEQ,A,2012,0.335,
ESP,INCOMEINEQ,GINI,INEQ,A,2013,0.346,
SWE,INCOMEINEQ,P50P10,RT,A,2011,2,
SWE,INCOMEINEQ,P50P10,RT,A,2012,1.9,
SWE,INCOMEINEQ,P50P10,RT,A,2013,1.9,
SWE,INCOMEINEQ,P90P10,RT,A,2011,3.4,
SWE,INCOMEINEQ,P90P10,RT,A,2012,3.3,
SWE,INCOMEINEQ,P90P10,RT,A,2013,3.3,
SWE,INCOMEINEQ,P90P50,RT,A,2011,1.7,
SWE,INCOMEINEQ,P90P50,RT,A,2012,1.7,
SWE,INCOMEINEQ,P90P50,RT,A,2013,1.7,
SWE,INCOMEINEQ,S90S10,RT,A,2011,6.3,
SWE,INCOMEINEQ,S90S10,RT,A,2012,6.3,
SWE,INCOMEINEQ,S90S10,RT,A,2013,6.5,
SWE,INCOMEINEQ,GINI,INEQ,A,2011,0.273,
SWE,INCOMEINEQ,GINI,INEQ,A,2012,0.274,
SWE,INCOMEINEQ,GINI,INEQ,A,2013,0.281,
CHE,INCOMEINEQ,P50P10,RT,A,2013,1.9,
CHE,INCOMEINEQ,P90P10,RT,A,2013,3.6,
CHE,INCOMEINEQ,P90P50,RT,A,2013,1.9,
CHE,INCOMEINEQ,S90S10,RT,A,2013,7,
CHE,INCOMEINEQ,GINI,INEQ,A,2013,0.295,
TUR,INCOMEINEQ,P50P10,RT,A,2011,2.5,
TUR,INCOMEINEQ,P50P10,RT,A,2012,2.4,
TUR,INCOMEINEQ,P50P10,RT,A,2013,2.4,
TUR,INCOMEINEQ,P90P10,RT,A,2011,6.2,
TUR,INCOMEINEQ,P90P10,RT,A,2012,6,
TUR,INCOMEINEQ,P90P10,RT,A,2013,6,
TUR,INCOMEINEQ,P90P50,RT,A,2011,2.5,
TUR,INCOMEINEQ,P90P50,RT,A,2012,2.5,
TUR,INCOMEINEQ,P90P50,RT,A,2013,2.5,
TUR,INCOMEINEQ,S90S10,RT,A,2011,14.6,
TUR,INCOMEINEQ,S90S10,RT,A,2012,14,
TUR,INCOMEINEQ,S90S10,RT,A,2013,13.1,
TUR,INCOMEINEQ,GINI,INEQ,A,2011,0.407,
TUR,INCOMEINEQ,GINI,INEQ,A,2012,0.402,
TUR,INCOMEINEQ,GINI,INEQ,A,2013,0.393,
GBR,INCOMEINEQ,P50P10,RT,A,2002,2.2,
GBR,INCOMEINEQ,P50P10,RT,A,2003,2.1,
GBR,INCOMEINEQ,P50P10,RT,A,2004,2.1,
GBR,INCOMEINEQ,P50P10,RT,A,2005,2.1,
GBR,INCOMEINEQ,P50P10,RT,A,2006,2.2,
GBR,INCOMEINEQ,P50P10,RT,A,2007,2.2,
GBR,INCOMEINEQ,P50P10,RT,A,2008,2.1,
GBR,INCOMEINEQ,P50P10,RT,A,2009,2.1,
GBR,INCOMEINEQ,P50P10,RT,A,2010,2.1,
GBR,INCOMEINEQ,P50P10,RT,A,2011,2,
GBR,INCOMEINEQ,P50P10,RT,A,2012,2,
GBR,INCOMEINEQ,P50P10,RT,A,2013,2,
GBR,INCOMEINEQ,P90P10,RT,A,2002,4.5,
GBR,INCOMEINEQ,P90P10,RT,A,2003,4.5,
GBR,INCOMEINEQ,P90P10,RT,A,2004,4.4,
GBR,INCOMEINEQ,P90P10,RT,A,2005,4.4,
GBR,INCOMEINEQ,P90P10,RT,A,2006,4.6,
GBR,INCOMEINEQ,P90P10,RT,A,2007,4.6,
GBR,INCOMEINEQ,P90P10,RT,A,2008,4.5,
GBR,INCOMEINEQ,P90P10,RT,A,2009,4.5,
GBR,INCOMEINEQ,P90P10,RT,A,2010,4.3,
GBR,INCOMEINEQ,P90P10,RT,A,2011,4.2,
GBR,INCOMEINEQ,P90P10,RT,A,2012,4.2,
GBR,INCOMEINEQ,P90P10,RT,A,2013,4.2,
GBR,INCOMEINEQ,P90P50,RT,A,2002,2.1,
GBR,INCOMEINEQ,P90P50,RT,A,2003,2.1,
GBR,INCOMEINEQ,P90P50,RT,A,2004,2.1,
GBR,INCOMEINEQ,P90P50,RT,A,2005,2.1,
GBR,INCOMEINEQ,P90P50,RT,A,2006,2.1,
GBR,INCOMEINEQ,P90P50,RT,A,2007,2.1,
GBR,INCOMEINEQ,P90P50,RT,A,2008,2.1,
GBR,INCOMEINEQ,P90P50,RT,A,2009,2.1,
GBR,INCOMEINEQ,P90P50,RT,A,2010,2.1,
GBR,INCOMEINEQ,P90P50,RT,A,2011,2.1,
GBR,INCOMEINEQ,P90P50,RT,A,2012,2.1,
GBR,INCOMEINEQ,P90P50,RT,A,2013,2.1,
GBR,INCOMEINEQ,S90S10,RT,A,2002,10.6,
GBR,INCOMEINEQ,S90S10,RT,A,2003,10.4,
GBR,INCOMEINEQ,S90S10,RT,A,2004,10.3,
GBR,INCOMEINEQ,S90S10,RT,A,2005,10.7,
GBR,INCOMEINEQ,S90S10,RT,A,2006,11.5,
GBR,INCOMEINEQ,S90S10,RT,A,2007,12,
GBR,INCOMEINEQ,S90S10,RT,A,2008,12,
GBR,INCOMEINEQ,S90S10,RT,A,2009,12,
GBR,INCOMEINEQ,S90S10,RT,A,2010,10.4,
GBR,INCOMEINEQ,S90S10,RT,A,2011,10.2,
GBR,INCOMEINEQ,S90S10,RT,A,2012,10.6,
GBR,INCOMEINEQ,S90S10,RT,A,2013,10.6,
GBR,INCOMEINEQ,GINI,INEQ,A,2002,0.359,
GBR,INCOMEINEQ,GINI,INEQ,A,2003,0.353,
GBR,INCOMEINEQ,GINI,INEQ,A,2004,0.354,
GBR,INCOMEINEQ,GINI,INEQ,A,2005,0.359,
GBR,INCOMEINEQ,GINI,INEQ,A,2006,0.364,
GBR,INCOMEINEQ,GINI,INEQ,A,2007,0.373,
GBR,INCOMEINEQ,GINI,INEQ,A,2008,0.369,
GBR,INCOMEINEQ,GINI,INEQ,A,2009,0.374,
GBR,INCOMEINEQ,GINI,INEQ,A,2010,0.351,
GBR,INCOMEINEQ,GINI,INEQ,A,2011,0.354,
GBR,INCOMEINEQ,GINI,INEQ,A,2012,0.351,
GBR,INCOMEINEQ,GINI,INEQ,A,2013,0.358,
USA,INCOMEINEQ,P50P10,RT,A,2013,2.7,
USA,INCOMEINEQ,P50P10,RT,A,2014,2.7,
USA,INCOMEINEQ,P90P10,RT,A,2013,6.4,
USA,INCOMEINEQ,P90P10,RT,A,2014,6.4,
USA,INCOMEINEQ,P90P50,RT,A,2013,2.3,
USA,INCOMEINEQ,P90P50,RT,A,2014,2.3,
USA,INCOMEINEQ,S90S10,RT,A,2013,18.5,
USA,INCOMEINEQ,S90S10,RT,A,2014,18.8,
USA,INCOMEINEQ,GINI,INEQ,A,2013,0.396,
USA,INCOMEINEQ,GINI,INEQ,A,2014,0.394,
CHL,INCOMEINEQ,P50P10,RT,A,2009,2.6,
CHL,INCOMEINEQ,P50P10,RT,A,2011,2.6,
CHL,INCOMEINEQ,P50P10,RT,A,2013,2.5,
CHL,INCOMEINEQ,P90P10,RT,A,2009,7.9,
CHL,INCOMEINEQ,P90P10,RT,A,2011,7.6,
CHL,INCOMEINEQ,P90P10,RT,A,2013,7.4,
CHL,INCOMEINEQ,P90P50,RT,A,2009,3.1,
CHL,INCOMEINEQ,P90P50,RT,A,2011,3,
CHL,INCOMEINEQ,P90P50,RT,A,2013,2.9,
CHL,INCOMEINEQ,S90S10,RT,A,2009,24.5,
CHL,INCOMEINEQ,S90S10,RT,A,2011,22.1,
CHL,INCOMEINEQ,S90S10,RT,A,2013,20.6,
CHL,INCOMEINEQ,GINI,INEQ,A,2009,0.48,
CHL,INCOMEINEQ,GINI,INEQ,A,2011,0.471,
CHL,INCOMEINEQ,GINI,INEQ,A,2013,0.465,
EST,INCOMEINEQ,P50P10,RT,A,2004,2.3,
EST,INCOMEINEQ,P50P10,RT,A,2005,2.2,
EST,INCOMEINEQ,P50P10,RT,A,2006,2.2,
EST,INCOMEINEQ,P50P10,RT,A,2007,2.2,
EST,INCOMEINEQ,P50P10,RT,A,2008,2.1,
EST,INCOMEINEQ,P50P10,RT,A,2009,2.1,
EST,INCOMEINEQ,P50P10,RT,A,2010,2.1,
EST,INCOMEINEQ,P50P10,RT,A,2011,2.1,
EST,INCOMEINEQ,P50P10,RT,A,2012,2.1,
EST,INCOMEINEQ,P50P10,RT,A,2013,2.4,
EST,INCOMEINEQ,P90P10,RT,A,2004,5,
EST,INCOMEINEQ,P90P10,RT,A,2005,4.7,
EST,INCOMEINEQ,P90P10,RT,A,2006,4.5,
EST,INCOMEINEQ,P90P10,RT,A,2007,4.5,
EST,INCOMEINEQ,P90P10,RT,A,2008,4.3,
EST,INCOMEINEQ,P90P10,RT,A,2009,4.4,
EST,INCOMEINEQ,P90P10,RT,A,2010,4.5,
EST,INCOMEINEQ,P90P10,RT,A,2011,4.5,
EST,INCOMEINEQ,P90P10,RT,A,2012,4.7,
EST,INCOMEINEQ,P90P10,RT,A,2013,5.4,
EST,INCOMEINEQ,P90P50,RT,A,2004,2.2,
EST,INCOMEINEQ,P90P50,RT,A,2005,2.1,
EST,INCOMEINEQ,P90P50,RT,A,2006,2.1,
EST,INCOMEINEQ,P90P50,RT,A,2007,2,
EST,INCOMEINEQ,P90P50,RT,A,2008,2,
EST,INCOMEINEQ,P90P50,RT,A,2009,2.1,
EST,INCOMEINEQ,P90P50,RT,A,2010,2.1,
EST,INCOMEINEQ,P90P50,RT,A,2011,2.1,
EST,INCOMEINEQ,P90P50,RT,A,2012,2.2,
EST,INCOMEINEQ,P90P50,RT,A,2013,2.3,
EST,INCOMEINEQ,S90S10,RT,A,2004,11.2,
EST,INCOMEINEQ,S90S10,RT,A,2005,9.8,
EST,INCOMEINEQ,S90S10,RT,A,2006,9.6,
EST,INCOMEINEQ,S90S10,RT,A,2007,8.2,
EST,INCOMEINEQ,S90S10,RT,A,2008,8.1,
EST,INCOMEINEQ,S90S10,RT,A,2009,8.3,
EST,INCOMEINEQ,S90S10,RT,A,2010,9.2,
EST,INCOMEINEQ,S90S10,RT,A,2011,9.4,
EST,INCOMEINEQ,S90S10,RT,A,2012,9.6,
EST,INCOMEINEQ,S90S10,RT,A,2013,11.3,
EST,INCOMEINEQ,GINI,INEQ,A,2004,0.349,
EST,INCOMEINEQ,GINI,INEQ,A,2005,0.338,
EST,INCOMEINEQ,GINI,INEQ,A,2006,0.342,
EST,INCOMEINEQ,GINI,INEQ,A,2007,0.316,
EST,INCOMEINEQ,GINI,INEQ,A,2008,0.32,
EST,INCOMEINEQ,GINI,INEQ,A,2009,0.321,
EST,INCOMEINEQ,GINI,INEQ,A,2010,0.326,
EST,INCOMEINEQ,GINI,INEQ,A,2011,0.332,
EST,INCOMEINEQ,GINI,INEQ,A,2012,0.338,
EST,INCOMEINEQ,GINI,INEQ,A,2013,0.361,
ISR,INCOMEINEQ,P50P10,RT,A,2011,2.6,
ISR,INCOMEINEQ,P50P10,RT,A,2012,2.7,
ISR,INCOMEINEQ,P50P10,RT,A,2013,2.7,
ISR,INCOMEINEQ,P50P10,RT,A,2014,2.8,
ISR,INCOMEINEQ,P90P10,RT,A,2011,5.9,
ISR,INCOMEINEQ,P90P10,RT,A,2012,6.1,
ISR,INCOMEINEQ,P90P10,RT,A,2013,5.9,
ISR,INCOMEINEQ,P90P10,RT,A,2014,5.9,
ISR,INCOMEINEQ,P90P50,RT,A,2011,2.3,
ISR,INCOMEINEQ,P90P50,RT,A,2012,2.2,
ISR,INCOMEINEQ,P90P50,RT,A,2013,2.1,
ISR,INCOMEINEQ,P90P50,RT,A,2014,2.1,
ISR,INCOMEINEQ,S90S10,RT,A,2011,12.7,
ISR,INCOMEINEQ,S90S10,RT,A,2012,13.7,
ISR,INCOMEINEQ,S90S10,RT,A,2013,14.9,
ISR,INCOMEINEQ,S90S10,RT,A,2014,13.3,
ISR,INCOMEINEQ,GINI,INEQ,A,2011,0.371,
ISR,INCOMEINEQ,GINI,INEQ,A,2012,0.371,
ISR,INCOMEINEQ,GINI,INEQ,A,2013,0.36,
ISR,INCOMEINEQ,GINI,INEQ,A,2014,0.365,
SVN,INCOMEINEQ,P50P10,RT,A,2004,1.8,
SVN,INCOMEINEQ,P50P10,RT,A,2005,1.8,
SVN,INCOMEINEQ,P50P10,RT,A,2006,1.8,
SVN,INCOMEINEQ,P50P10,RT,A,2007,1.8,
SVN,INCOMEINEQ,P50P10,RT,A,2008,1.8,
SVN,INCOMEINEQ,P50P10,RT,A,2009,1.9,
SVN,INCOMEINEQ,P50P10,RT,A,2010,1.9,
SVN,INCOMEINEQ,P50P10,RT,A,2011,1.9,
SVN,INCOMEINEQ,P50P10,RT,A,2012,2,
SVN,INCOMEINEQ,P50P10,RT,A,2013,2,
SVN,INCOMEINEQ,P90P10,RT,A,2004,3,
SVN,INCOMEINEQ,P90P10,RT,A,2005,3,
SVN,INCOMEINEQ,P90P10,RT,A,2006,3,
SVN,INCOMEINEQ,P90P10,RT,A,2007,3.1,
SVN,INCOMEINEQ,P90P10,RT,A,2008,3,
SVN,INCOMEINEQ,P90P10,RT,A,2009,3.2,
SVN,INCOMEINEQ,P90P10,RT,A,2010,3.2,
SVN,INCOMEINEQ,P90P10,RT,A,2011,3.2,
SVN,INCOMEINEQ,P90P10,RT,A,2012,3.3,
SVN,INCOMEINEQ,P90P10,RT,A,2013,3.3,
SVN,INCOMEINEQ,P90P50,RT,A,2004,1.7,
SVN,INCOMEINEQ,P90P50,RT,A,2005,1.7,
SVN,INCOMEINEQ,P90P50,RT,A,2006,1.7,
SVN,INCOMEINEQ,P90P50,RT,A,2007,1.7,
SVN,INCOMEINEQ,P90P50,RT,A,2008,1.6,
SVN,INCOMEINEQ,P90P50,RT,A,2009,1.7,
SVN,INCOMEINEQ,P90P50,RT,A,2010,1.7,
SVN,INCOMEINEQ,P90P50,RT,A,2011,1.7,
SVN,INCOMEINEQ,P90P50,RT,A,2012,1.7,
SVN,INCOMEINEQ,P90P50,RT,A,2013,1.7,
SVN,INCOMEINEQ,S90S10,RT,A,2004,5.2,
SVN,INCOMEINEQ,S90S10,RT,A,2005,5.1,
SVN,INCOMEINEQ,S90S10,RT,A,2006,5,
SVN,INCOMEINEQ,S90S10,RT,A,2007,5.2,
SVN,INCOMEINEQ,S90S10,RT,A,2008,5,
SVN,INCOMEINEQ,S90S10,RT,A,2009,5.3,
SVN,INCOMEINEQ,S90S10,RT,A,2010,5.3,
SVN,INCOMEINEQ,S90S10,RT,A,2011,5.3,
SVN,INCOMEINEQ,S90S10,RT,A,2012,5.5,
SVN,INCOMEINEQ,S90S10,RT,A,2013,5.7,
SVN,INCOMEINEQ,GINI,INEQ,A,2004,0.241,
SVN,INCOMEINEQ,GINI,INEQ,A,2005,0.24,
SVN,INCOMEINEQ,GINI,INEQ,A,2006,0.238,
SVN,INCOMEINEQ,GINI,INEQ,A,2007,0.24,
SVN,INCOMEINEQ,GINI,INEQ,A,2008,0.235,
SVN,INCOMEINEQ,GINI,INEQ,A,2009,0.246,
SVN,INCOMEINEQ,GINI,INEQ,A,2010,0.246,
SVN,INCOMEINEQ,GINI,INEQ,A,2011,0.245,
SVN,INCOMEINEQ,GINI,INEQ,A,2012,0.25,
SVN,INCOMEINEQ,GINI,INEQ,A,2013,0.255,
AUS,INCOMEINEQ,S80S20,RT,A,2012,5.5,
AUS,INCOMEINEQ,S80S20,RT,A,2014,5.7,
AUT,INCOMEINEQ,S80S20,RT,A,2004,3.9,
AUT,INCOMEINEQ,S80S20,RT,A,2005,3.8,
AUT,INCOMEINEQ,S80S20,RT,A,2006,3.9,
AUT,INCOMEINEQ,S80S20,RT,A,2007,4.4,
AUT,INCOMEINEQ,S80S20,RT,A,2008,4.3,
AUT,INCOMEINEQ,S80S20,RT,A,2009,4.5,
AUT,INCOMEINEQ,S80S20,RT,A,2010,4.3,
AUT,INCOMEINEQ,S80S20,RT,A,2011,4.4,
AUT,INCOMEINEQ,S80S20,RT,A,2012,4.3,
AUT,INCOMEINEQ,S80S20,RT,A,2013,4.2,
BEL,INCOMEINEQ,S80S20,RT,A,2004,4.2,
BEL,INCOMEINEQ,S80S20,RT,A,2005,4.1,
BEL,INCOMEINEQ,S80S20,RT,A,2006,4.1,
BEL,INCOMEINEQ,S80S20,RT,A,2007,4.2,
BEL,INCOMEINEQ,S80S20,RT,A,2008,4,
BEL,INCOMEINEQ,S80S20,RT,A,2009,4.1,
BEL,INCOMEINEQ,S80S20,RT,A,2010,4.1,
BEL,INCOMEINEQ,S80S20,RT,A,2011,4.1,
BEL,INCOMEINEQ,S80S20,RT,A,2012,4,
BEL,INCOMEINEQ,S80S20,RT,A,2013,4,
CAN,INCOMEINEQ,S80S20,RT,A,2006,5.2,
CAN,INCOMEINEQ,S80S20,RT,A,2007,5.3,
CAN,INCOMEINEQ,S80S20,RT,A,2008,5.2,
CAN,INCOMEINEQ,S80S20,RT,A,2009,5.3,
CAN,INCOMEINEQ,S80S20,RT,A,2010,5.2,
CAN,INCOMEINEQ,S80S20,RT,A,2011,5.2,
CAN,INCOMEINEQ,S80S20,RT,A,2012,5.4,
CAN,INCOMEINEQ,S80S20,RT,A,2013,5.5,
CZE,INCOMEINEQ,S80S20,RT,A,2004,3.8,
CZE,INCOMEINEQ,S80S20,RT,A,2005,3.7,
CZE,INCOMEINEQ,S80S20,RT,A,2006,3.7,
CZE,INCOMEINEQ,S80S20,RT,A,2007,3.6,
CZE,INCOMEINEQ,S80S20,RT,A,2008,3.7,
CZE,INCOMEINEQ,S80S20,RT,A,2009,3.7,
CZE,INCOMEINEQ,S80S20,RT,A,2010,3.7,
CZE,INCOMEINEQ,S80S20,RT,A,2011,3.7,
CZE,INCOMEINEQ,S80S20,RT,A,2012,3.6,
CZE,INCOMEINEQ,S80S20,RT,A,2013,3.7,
DNK,INCOMEINEQ,S80S20,RT,A,2011,3.6,
DNK,INCOMEINEQ,S80S20,RT,A,2012,3.5,
DNK,INCOMEINEQ,S80S20,RT,A,2013,3.6,
FIN,INCOMEINEQ,S80S20,RT,A,1987,2.9,
FIN,INCOMEINEQ,S80S20,RT,A,1988,3,
FIN,INCOMEINEQ,S80S20,RT,A,1989,3.1,
FIN,INCOMEINEQ,S80S20,RT,A,1990,3,
FIN,INCOMEINEQ,S80S20,RT,A,1991,3,
FIN,INCOMEINEQ,S80S20,RT,A,1992,3,
FIN,INCOMEINEQ,S80S20,RT,A,1993,3,
FIN,INCOMEINEQ,S80S20,RT,A,1994,3,
FIN,INCOMEINEQ,S80S20,RT,A,1995,3,
FIN,INCOMEINEQ,S80S20,RT,A,1996,3.1,
FIN,INCOMEINEQ,S80S20,RT,A,1997,3.3,
FIN,INCOMEINEQ,S80S20,RT,A,1998,3.4,
FIN,INCOMEINEQ,S80S20,RT,A,1999,3.5,
FIN,INCOMEINEQ,S80S20,RT,A,2000,3.6,
FIN,INCOMEINEQ,S80S20,RT,A,2001,3.7,
FIN,INCOMEINEQ,S80S20,RT,A,2002,3.7,
FIN,INCOMEINEQ,S80S20,RT,A,2003,3.7,
FIN,INCOMEINEQ,S80S20,RT,A,2004,3.8,
FIN,INCOMEINEQ,S80S20,RT,A,2005,3.8,
FIN,INCOMEINEQ,S80S20,RT,A,2006,3.8,
FIN,INCOMEINEQ,S80S20,RT,A,2007,3.9,
FIN,INCOMEINEQ,S80S20,RT,A,2008,3.9,
FIN,INCOMEINEQ,S80S20,RT,A,2009,3.7,
FIN,INCOMEINEQ,S80S20,RT,A,2010,3.8,
FIN,INCOMEINEQ,S80S20,RT,A,2011,3.8,
FIN,INCOMEINEQ,S80S20,RT,A,2012,3.7,
FIN,INCOMEINEQ,S80S20,RT,A,2013,3.8,
FIN,INCOMEINEQ,S80S20,RT,A,2014,3.7,
FRA,INCOMEINEQ,S80S20,RT,A,2012,4.7,
FRA,INCOMEINEQ,S80S20,RT,A,2013,4.4,
DEU,INCOMEINEQ,S80S20,RT,A,2008,4.3,
DEU,INCOMEINEQ,S80S20,RT,A,2011,4.4,
DEU,INCOMEINEQ,S80S20,RT,A,2012,4.3,
DEU,INCOMEINEQ,S80S20,RT,A,2013,4.4,
GRC,INCOMEINEQ,S80S20,RT,A,2004,5.7,
GRC,INCOMEINEQ,S80S20,RT,A,2005,6,
GRC,INCOMEINEQ,S80S20,RT,A,2006,5.8,
GRC,INCOMEINEQ,S80S20,RT,A,2007,5.6,
GRC,INCOMEINEQ,S80S20,RT,A,2008,5.6,
GRC,INCOMEINEQ,S80S20,RT,A,2009,5.6,
GRC,INCOMEINEQ,S80S20,RT,A,2010,6,
GRC,INCOMEINEQ,S80S20,RT,A,2011,6.2,
GRC,INCOMEINEQ,S80S20,RT,A,2012,6.3,
GRC,INCOMEINEQ,S80S20,RT,A,2013,6.3,
HUN,INCOMEINEQ,S80S20,RT,A,2012,4.5,
HUN,INCOMEINEQ,S80S20,RT,A,2014,4.5,
ISL,INCOMEINEQ,S80S20,RT,A,2004,3.7,
ISL,INCOMEINEQ,S80S20,RT,A,2005,4,
ISL,INCOMEINEQ,S80S20,RT,A,2006,4.2,
ISL,INCOMEINEQ,S80S20,RT,A,2007,4.2,
ISL,INCOMEINEQ,S80S20,RT,A,2008,4.6,
ISL,INCOMEINEQ,S80S20,RT,A,2009,3.9,
ISL,INCOMEINEQ,S80S20,RT,A,2010,3.6,
ISL,INCOMEINEQ,S80S20,RT,A,2011,3.7,
ISL,INCOMEINEQ,S80S20,RT,A,2012,3.6,
ISL,INCOMEINEQ,S80S20,RT,A,2013,3.4,
IRL,INCOMEINEQ,S80S20,RT,A,2004,5.2,
IRL,INCOMEINEQ,S80S20,RT,A,2005,5.1,
IRL,INCOMEINEQ,S80S20,RT,A,2006,5,
IRL,INCOMEINEQ,S80S20,RT,A,2007,4.7,
IRL,INCOMEINEQ,S80S20,RT,A,2008,4.5,
IRL,INCOMEINEQ,S80S20,RT,A,2009,4.9,
IRL,INCOMEINEQ,S80S20,RT,A,2010,4.7,
IRL,INCOMEINEQ,S80S20,RT,A,2011,4.7,
IRL,INCOMEINEQ,S80S20,RT,A,2012,4.7,
IRL,INCOMEINEQ,S80S20,RT,A,2013,4.8,
ITA,INCOMEINEQ,S80S20,RT,A,2004,5.6,
ITA,INCOMEINEQ,S80S20,RT,A,2005,5.5,
ITA,INCOMEINEQ,S80S20,RT,A,2006,5.5,
ITA,INCOMEINEQ,S80S20,RT,A,2007,5.2,
ITA,INCOMEINEQ,S80S20,RT,A,2008,5.3,
ITA,INCOMEINEQ,S80S20,RT,A,2009,5.3,
ITA,INCOMEINEQ,S80S20,RT,A,2010,5.7,
ITA,INCOMEINEQ,S80S20,RT,A,2011,5.7,
ITA,INCOMEINEQ,S80S20,RT,A,2012,5.9,
ITA,INCOMEINEQ,S80S20,RT,A,2013,5.8,
LUX,INCOMEINEQ,S80S20,RT,A,2004,3.9,
LUX,INCOMEINEQ,S80S20,RT,A,2005,4.2,
LUX,INCOMEINEQ,S80S20,RT,A,2006,4.1,
LUX,INCOMEINEQ,S80S20,RT,A,2007,4.1,
LUX,INCOMEINEQ,S80S20,RT,A,2008,4.3,
LUX,INCOMEINEQ,S80S20,RT,A,2009,4.1,
LUX,INCOMEINEQ,S80S20,RT,A,2010,4,
LUX,INCOMEINEQ,S80S20,RT,A,2011,4.1,
LUX,INCOMEINEQ,S80S20,RT,A,2012,4.5,
LUX,INCOMEINEQ,S80S20,RT,A,2013,4.2,
MEX,INCOMEINEQ,S80S20,RT,A,2012,11.5,
MEX,INCOMEINEQ,S80S20,RT,A,2014,10.4,
NLD,INCOMEINEQ,S80S20,RT,A,2010,4.2,
NLD,INCOMEINEQ,S80S20,RT,A,2011,4.2,
NLD,INCOMEINEQ,S80S20,RT,A,2012,4.2,
NLD,INCOMEINEQ,S80S20,RT,A,2013,4.2,
NLD,INCOMEINEQ,S80S20,RT,A,2014,4.3,
NZL,INCOMEINEQ,S80S20,RT,A,2011,5.2,
NZL,INCOMEINEQ,S80S20,RT,A,2012,5.3,
NOR,INCOMEINEQ,S80S20,RT,A,2004,4.1,
NOR,INCOMEINEQ,S80S20,RT,A,2008,3.7,
NOR,INCOMEINEQ,S80S20,RT,A,2009,3.6,
NOR,INCOMEINEQ,S80S20,RT,A,2010,3.7,
NOR,INCOMEINEQ,S80S20,RT,A,2011,3.7,
NOR,INCOMEINEQ,S80S20,RT,A,2012,3.8,
NOR,INCOMEINEQ,S80S20,RT,A,2013,3.8,
POL,INCOMEINEQ,S80S20,RT,A,2005,5.5,
POL,INCOMEINEQ,S80S20,RT,A,2006,5.1,
POL,INCOMEINEQ,S80S20,RT,A,2007,5,
POL,INCOMEINEQ,S80S20,RT,A,2008,4.9,
POL,INCOMEINEQ,S80S20,RT,A,2009,4.8,
POL,INCOMEINEQ,S80S20,RT,A,2010,4.8,
POL,INCOMEINEQ,S80S20,RT,A,2011,4.7,
POL,INCOMEINEQ,S80S20,RT,A,2012,4.7,
POL,INCOMEINEQ,S80S20,RT,A,2013,4.7,
PRT,INCOMEINEQ,S80S20,RT,A,2004,7.1,
PRT,INCOMEINEQ,S80S20,RT,A,2005,6.9,
PRT,INCOMEINEQ,S80S20,RT,A,2006,6.6,
PRT,INCOMEINEQ,S80S20,RT,A,2007,6.3,
PRT,INCOMEINEQ,S80S20,RT,A,2008,6,
PRT,INCOMEINEQ,S80S20,RT,A,2009,5.6,
PRT,INCOMEINEQ,S80S20,RT,A,2010,5.6,
PRT,INCOMEINEQ,S80S20,RT,A,2011,5.7,
PRT,INCOMEINEQ,S80S20,RT,A,2012,5.9,
PRT,INCOMEINEQ,S80S20,RT,A,2013,6.1,
SVK,INCOMEINEQ,S80S20,RT,A,2004,3.9,
SVK,INCOMEINEQ,S80S20,RT,A,2005,4.2,
SVK,INCOMEINEQ,S80S20,RT,A,2006,3.6,
SVK,INCOMEINEQ,S80S20,RT,A,2007,3.6,
SVK,INCOMEINEQ,S80S20,RT,A,2008,3.7,
SVK,INCOMEINEQ,S80S20,RT,A,2009,3.9,
SVK,INCOMEINEQ,S80S20,RT,A,2010,3.9,
SVK,INCOMEINEQ,S80S20,RT,A,2011,3.9,
SVK,INCOMEINEQ,S80S20,RT,A,2012,3.7,
SVK,INCOMEINEQ,S80S20,RT,A,2013,4.1,
ESP,INCOMEINEQ,S80S20,RT,A,2004,6,
ESP,INCOMEINEQ,S80S20,RT,A,2005,5.8,
ESP,INCOMEINEQ,S80S20,RT,A,2006,5.4,
ESP,INCOMEINEQ,S80S20,RT,A,2007,5.6,
ESP,INCOMEINEQ,S80S20,RT,A,2008,5.8,
ESP,INCOMEINEQ,S80S20,RT,A,2009,6.1,
ESP,INCOMEINEQ,S80S20,RT,A,2010,6.1,
ESP,INCOMEINEQ,S80S20,RT,A,2011,6.4,
ESP,INCOMEINEQ,S80S20,RT,A,2012,6.1,
ESP,INCOMEINEQ,S80S20,RT,A,2013,6.7,
SWE,INCOMEINEQ,S80S20,RT,A,2011,4.1,
SWE,INCOMEINEQ,S80S20,RT,A,2012,4.1,
SWE,INCOMEINEQ,S80S20,RT,A,2013,4.2,
CHE,INCOMEINEQ,S80S20,RT,A,2013,4.4,
TUR,INCOMEINEQ,S80S20,RT,A,2011,8.1,
TUR,INCOMEINEQ,S80S20,RT,A,2012,7.8,
TUR,INCOMEINEQ,S80S20,RT,A,2013,7.6,
GBR,INCOMEINEQ,S80S20,RT,A,2002,6.2,
GBR,INCOMEINEQ,S80S20,RT,A,2003,6.1,
GBR,INCOMEINEQ,S80S20,RT,A,2004,6,
GBR,INCOMEINEQ,S80S20,RT,A,2005,6.1,
GBR,INCOMEINEQ,S80S20,RT,A,2006,6.4,
GBR,INCOMEINEQ,S80S20,RT,A,2007,6.6,
GBR,INCOMEINEQ,S80S20,RT,A,2008,6.5,
GBR,INCOMEINEQ,S80S20,RT,A,2009,6.5,
GBR,INCOMEINEQ,S80S20,RT,A,2010,5.9,
GBR,INCOMEINEQ,S80S20,RT,A,2011,5.9,
GBR,INCOMEINEQ,S80S20,RT,A,2012,5.9,
GBR,INCOMEINEQ,S80S20,RT,A,2013,6,
USA,INCOMEINEQ,S80S20,RT,A,2013,8.6,
USA,INCOMEINEQ,S80S20,RT,A,2014,8.7,
EST,INCOMEINEQ,S80S20,RT,A,2004,6.3,
EST,INCOMEINEQ,S80S20,RT,A,2005,5.9,
EST,INCOMEINEQ,S80S20,RT,A,2006,5.8,
EST,INCOMEINEQ,S80S20,RT,A,2007,5.3,
EST,INCOMEINEQ,S80S20,RT,A,2008,5.2,
EST,INCOMEINEQ,S80S20,RT,A,2009,5.3,
EST,INCOMEINEQ,S80S20,RT,A,2010,5.5,
EST,INCOMEINEQ,S80S20,RT,A,2011,5.7,
EST,INCOMEINEQ,S80S20,RT,A,2012,5.8,
EST,INCOMEINEQ,S80S20,RT,A,2013,6.7,
ISR,INCOMEINEQ,S80S20,RT,A,2011,7.3,
ISR,INCOMEINEQ,S80S20,RT,A,2012,7.5,
ISR,INCOMEINEQ,S80S20,RT,A,2013,7.6,
ISR,INCOMEINEQ,S80S20,RT,A,2014,7.4,
SVN,INCOMEINEQ,S80S20,RT,A,2004,3.5,
SVN,INCOMEINEQ,S80S20,RT,A,2005,3.5,
SVN,INCOMEINEQ,S80S20,RT,A,2006,3.4,
SVN,INCOMEINEQ,S80S20,RT,A,2007,3.5,
SVN,INCOMEINEQ,S80S20,RT,A,2008,3.4,
SVN,INCOMEINEQ,S80S20,RT,A,2009,3.6,
SVN,INCOMEINEQ,S80S20,RT,A,2010,3.6,
SVN,INCOMEINEQ,S80S20,RT,A,2011,3.6,
SVN,INCOMEINEQ,S80S20,RT,A,2012,3.7,
SVN,INCOMEINEQ,S80S20,RT,A,2013,3.8,
LVA,INCOMEINEQ,GINI,INEQ,A,2004,0.363,
LVA,INCOMEINEQ,GINI,INEQ,A,2005,0.392,
LVA,INCOMEINEQ,GINI,INEQ,A,2006,0.353,
LVA,INCOMEINEQ,GINI,INEQ,A,2007,0.376,
LVA,INCOMEINEQ,GINI,INEQ,A,2008,0.374,
LVA,INCOMEINEQ,GINI,INEQ,A,2009,0.356,
LVA,INCOMEINEQ,GINI,INEQ,A,2010,0.348,
LVA,INCOMEINEQ,GINI,INEQ,A,2011,0.353,
LVA,INCOMEINEQ,GINI,INEQ,A,2012,0.347,
LVA,INCOMEINEQ,GINI,INEQ,A,2013,0.352,
JPN,INCOMEINEQ,S80S20,RT,A,2009,6.2,
JPN,INCOMEINEQ,S80S20,RT,A,2012,6.1,
KOR,INCOMEINEQ,S80S20,RT,A,2012,5.5,
KOR,INCOMEINEQ,S80S20,RT,A,2013,5.4,
KOR,INCOMEINEQ,S80S20,RT,A,2014,5.4,
CHL,INCOMEINEQ,S80S20,RT,A,2009,11.8,
CHL,INCOMEINEQ,S80S20,RT,A,2011,11.3,
CHL,INCOMEINEQ,S80S20,RT,A,2013,10.6,
LVA,INCOMEINEQ,P50P10,RT,A,2004,2.5,
LVA,INCOMEINEQ,P50P10,RT,A,2005,2.5,
LVA,INCOMEINEQ,P50P10,RT,A,2006,2.4,
LVA,INCOMEINEQ,P50P10,RT,A,2007,2.7,
LVA,INCOMEINEQ,P50P10,RT,A,2008,2.6,
LVA,INCOMEINEQ,P50P10,RT,A,2009,2.3,
LVA,INCOMEINEQ,P50P10,RT,A,2010,2.3,
LVA,INCOMEINEQ,P50P10,RT,A,2011,2.3,
LVA,INCOMEINEQ,P50P10,RT,A,2012,2.2,
LVA,INCOMEINEQ,P50P10,RT,A,2013,2.2,
LVA,INCOMEINEQ,P90P10,RT,A,2004,5.3,
LVA,INCOMEINEQ,P90P10,RT,A,2005,5.8,
LVA,INCOMEINEQ,P90P10,RT,A,2006,5.3,
LVA,INCOMEINEQ,P90P10,RT,A,2007,6.1,
LVA,INCOMEINEQ,P90P10,RT,A,2008,5.8,
LVA,INCOMEINEQ,P90P10,RT,A,2009,5.1,
LVA,INCOMEINEQ,P90P10,RT,A,2010,5.1,
LVA,INCOMEINEQ,P90P10,RT,A,2011,4.9,
LVA,INCOMEINEQ,P90P10,RT,A,2012,5,
LVA,INCOMEINEQ,P90P10,RT,A,2013,5,
LVA,INCOMEINEQ,P90P50,RT,A,2004,2.2,
LVA,INCOMEINEQ,P90P50,RT,A,2005,2.3,
LVA,INCOMEINEQ,P90P50,RT,A,2006,2.2,
LVA,INCOMEINEQ,P90P50,RT,A,2007,2.3,
LVA,INCOMEINEQ,P90P50,RT,A,2008,2.2,
LVA,INCOMEINEQ,P90P50,RT,A,2009,2.2,
LVA,INCOMEINEQ,P90P50,RT,A,2010,2.3,
LVA,INCOMEINEQ,P90P50,RT,A,2011,2.2,
LVA,INCOMEINEQ,P90P50,RT,A,2012,2.2,
LVA,INCOMEINEQ,P90P50,RT,A,2013,2.2,
LVA,INCOMEINEQ,S90S10,RT,A,2004,12.7,
LVA,INCOMEINEQ,S90S10,RT,A,2005,15.2,
LVA,INCOMEINEQ,S90S10,RT,A,2006,10.8,
LVA,INCOMEINEQ,S90S10,RT,A,2007,12.5,
LVA,INCOMEINEQ,S90S10,RT,A,2008,12.4,
LVA,INCOMEINEQ,S90S10,RT,A,2009,11.9,
LVA,INCOMEINEQ,S90S10,RT,A,2010,11.1,
LVA,INCOMEINEQ,S90S10,RT,A,2011,11,
LVA,INCOMEINEQ,S90S10,RT,A,2012,10.4,
LVA,INCOMEINEQ,S90S10,RT,A,2013,10.9,
LVA,INCOMEINEQ,S80S20,RT,A,2004,6.8,
LVA,INCOMEINEQ,S80S20,RT,A,2005,8,
LVA,INCOMEINEQ,S80S20,RT,A,2006,6.4,
LVA,INCOMEINEQ,S80S20,RT,A,2007,7.4,
LVA,INCOMEINEQ,S80S20,RT,A,2008,7.3,
LVA,INCOMEINEQ,S80S20,RT,A,2009,6.6,
LVA,INCOMEINEQ,S80S20,RT,A,2010,6.3,
LVA,INCOMEINEQ,S80S20,RT,A,2011,6.3,
LVA,INCOMEINEQ,S80S20,RT,A,2012,6.2,
LVA,INCOMEINEQ,S80S20,RT,A,2013,6.3,
LTU,INCOMEINEQ,P50P10,RT,A,2004,2.3,
LTU,INCOMEINEQ,P50P10,RT,A,2005,2.3,
LTU,INCOMEINEQ,P50P10,RT,A,2006,2.2,
LTU,INCOMEINEQ,P50P10,RT,A,2007,2.3,
LTU,INCOMEINEQ,P50P10,RT,A,2008,2.3,
LTU,INCOMEINEQ,P50P10,RT,A,2009,2.4,
LTU,INCOMEINEQ,P50P10,RT,A,2010,2.2,
LTU,INCOMEINEQ,P50P10,RT,A,2011,2.1,
LTU,INCOMEINEQ,P50P10,RT,A,2012,2.2,
LTU,INCOMEINEQ,P50P10,RT,A,2013,2.2,
LTU,INCOMEINEQ,P90P10,RT,A,2004,5,
LTU,INCOMEINEQ,P90P10,RT,A,2005,5.2,
LTU,INCOMEINEQ,P90P10,RT,A,2006,4.7,
LTU,INCOMEINEQ,P90P10,RT,A,2007,4.7,
LTU,INCOMEINEQ,P90P10,RT,A,2008,4.8,
LTU,INCOMEINEQ,P90P10,RT,A,2009,5.5,
LTU,INCOMEINEQ,P90P10,RT,A,2010,4.7,
LTU,INCOMEINEQ,P90P10,RT,A,2011,4.5,
LTU,INCOMEINEQ,P90P10,RT,A,2012,4.8,
LTU,INCOMEINEQ,P90P10,RT,A,2013,4.9,
LTU,INCOMEINEQ,P90P50,RT,A,2004,2.2,
LTU,INCOMEINEQ,P90P50,RT,A,2005,2.2,
LTU,INCOMEINEQ,P90P50,RT,A,2006,2.1,
LTU,INCOMEINEQ,P90P50,RT,A,2007,2,
LTU,INCOMEINEQ,P90P50,RT,A,2008,2.1,
LTU,INCOMEINEQ,P90P50,RT,A,2009,2.3,
LTU,INCOMEINEQ,P90P50,RT,A,2010,2.1,
LTU,INCOMEINEQ,P90P50,RT,A,2011,2.1,
LTU,INCOMEINEQ,P90P50,RT,A,2012,2.1,
LTU,INCOMEINEQ,P90P50,RT,A,2013,2.3,
LTU,INCOMEINEQ,S90S10,RT,A,2004,11,
LTU,INCOMEINEQ,S90S10,RT,A,2005,11.4,
LTU,INCOMEINEQ,S90S10,RT,A,2006,9.4,
LTU,INCOMEINEQ,S90S10,RT,A,2007,9.8,
LTU,INCOMEINEQ,S90S10,RT,A,2008,11,
LTU,INCOMEINEQ,S90S10,RT,A,2009,14.1,
LTU,INCOMEINEQ,S90S10,RT,A,2010,10.1,
LTU,INCOMEINEQ,S90S10,RT,A,2011,8.6,
LTU,INCOMEINEQ,S90S10,RT,A,2012,10.4,
LTU,INCOMEINEQ,S90S10,RT,A,2013,10.5,
LTU,INCOMEINEQ,S80S20,RT,A,2004,6.3,
LTU,INCOMEINEQ,S80S20,RT,A,2005,6.4,
LTU,INCOMEINEQ,S80S20,RT,A,2006,5.7,
LTU,INCOMEINEQ,S80S20,RT,A,2007,5.8,
LTU,INCOMEINEQ,S80S20,RT,A,2008,6.4,
LTU,INCOMEINEQ,S80S20,RT,A,2009,7.2,
LTU,INCOMEINEQ,S80S20,RT,A,2010,5.8,
LTU,INCOMEINEQ,S80S20,RT,A,2011,5.4,
LTU,INCOMEINEQ,S80S20,RT,A,2012,6.2,
LTU,INCOMEINEQ,S80S20,RT,A,2013,6.2,
LTU,INCOMEINEQ,GINI,INEQ,A,2004,0.35,
LTU,INCOMEINEQ,GINI,INEQ,A,2005,0.352,
LTU,INCOMEINEQ,GINI,INEQ,A,2006,0.33,
LTU,INCOMEINEQ,GINI,INEQ,A,2007,0.338,
LTU,INCOMEINEQ,GINI,INEQ,A,2008,0.358,
LTU,INCOMEINEQ,GINI,INEQ,A,2009,0.367,
LTU,INCOMEINEQ,GINI,INEQ,A,2010,0.33,
LTU,INCOMEINEQ,GINI,INEQ,A,2011,0.323,
LTU,INCOMEINEQ,GINI,INEQ,A,2012,0.351,
LTU,INCOMEINEQ,GINI,INEQ,A,2013,0.353,
