"COUNTRY","EMPSTAT","FREQUENCY","TIME_FORMAT","obsTime","obsValue"
"AUS","TE","A","P1Y","1979",1834.1
"AUS","TE","A","P1Y","1980",1836
"AUS","TE","A","P1Y","1981",1819.7
"AUS","TE","A","P1Y","1982",1802.3
"AUS","TE","A","P1Y","1983",1790.6
"AUS","TE","A","P1Y","1984",1801.6
"AUS","TE","A","P1Y","1985",1791.7
"AUS","TE","A","P1Y","1986",1799.1
"AUS","TE","A","P1Y","1987",1797.1
"AUS","TE","A","P1Y","1988",1802.7
"AUS","TE","A","P1Y","1989",1804.8
"AUS","TE","A","P1Y","1990",1779.5
"AUS","TE","A","P1Y","1991",1774.9
"AUS","TE","A","P1Y","1992",1773.7
"AUS","TE","A","P1Y","1993",1786.5
"AUS","TE","A","P1Y","1994",1797.6
"AUS","TE","A","P1Y","1995",1793.4
"AUS","TE","A","P1Y","1996",1782.7
"AUS","TE","A","P1Y","1997",1783.6
"AUS","TE","A","P1Y","1998",1768.4
"AUS","TE","A","P1Y","1999",1778.8
"AUS","TE","A","P1Y","2000",1778.7
"AUS","TE","A","P1Y","2001",1736.7
"AUS","TE","A","P1Y","2002",1731.7
"AUS","TE","A","P1Y","2003",1735.8
"AUS","TE","A","P1Y","2004",1734.5
"AUS","TE","A","P1Y","2005",1729.2
"AUS","TE","A","P1Y","2006",1720.5
"AUS","TE","A","P1Y","2007",1712.5
"AUS","TE","A","P1Y","2008",1717.2
"AUS","TE","A","P1Y","2009",1690
"AUS","TE","A","P1Y","2010",1691.5
"AUS","TE","A","P1Y","2011",1699.5
"AUS","TE","A","P1Y","2012",1678.6
"AUS","TE","A","P1Y","2013",1662.7
"AUS","TE","A","P1Y","2014",1663.6
"AUS","TE","A","P1Y","2015",1665
"AUT","DE","A","P1Y","1995",1455
"AUT","DE","A","P1Y","1996",1458
"AUT","DE","A","P1Y","1997",1472
"AUT","DE","A","P1Y","1998",1480
"AUT","DE","A","P1Y","1999",1501
"AUT","DE","A","P1Y","2000",1509
"AUT","DE","A","P1Y","2001",1522
"AUT","DE","A","P1Y","2002",1495
"AUT","DE","A","P1Y","2003",1514
"AUT","DE","A","P1Y","2004",1548
"AUT","DE","A","P1Y","2005",1516
"AUT","DE","A","P1Y","2006",1504
"AUT","DE","A","P1Y","2007",1526
"AUT","DE","A","P1Y","2008",1522
"AUT","DE","A","P1Y","2009",1491
"AUT","DE","A","P1Y","2010",1470
"AUT","DE","A","P1Y","2011",1462
"AUT","DE","A","P1Y","2012",1457
"AUT","DE","A","P1Y","2013",1445
"AUT","DE","A","P1Y","2014",1440
"AUT","DE","A","P1Y","2015",1429
"AUT","TE","A","P1Y","1995",1783.4
"AUT","TE","A","P1Y","1996",1816.3
"AUT","TE","A","P1Y","1997",1825
"AUT","TE","A","P1Y","1998",1803.3
"AUT","TE","A","P1Y","1999",1807
"AUT","TE","A","P1Y","2000",1807.4
"AUT","TE","A","P1Y","2001",1794.6
"AUT","TE","A","P1Y","2002",1792.2
"AUT","TE","A","P1Y","2003",1783.8
"AUT","TE","A","P1Y","2004",1786.8
"AUT","TE","A","P1Y","2005",1764
"AUT","TE","A","P1Y","2006",1746.2
"AUT","TE","A","P1Y","2007",1736
"AUT","TE","A","P1Y","2008",1728.5
"AUT","TE","A","P1Y","2009",1673
"AUT","TE","A","P1Y","2010",1668.6
"AUT","TE","A","P1Y","2011",1675.9
"AUT","TE","A","P1Y","2012",1652.9
"AUT","TE","A","P1Y","2013",1636.7
"AUT","TE","A","P1Y","2014",1629.4
"AUT","TE","A","P1Y","2015",1624.9
"BEL","DE","A","P1Y","1995",1447
"BEL","DE","A","P1Y","1996",1442
"BEL","DE","A","P1Y","1997",1449
"BEL","DE","A","P1Y","1998",1444
"BEL","DE","A","P1Y","1999",1447
"BEL","DE","A","P1Y","2000",1459
"BEL","DE","A","P1Y","2001",1455
"BEL","DE","A","P1Y","2002",1447
"BEL","DE","A","P1Y","2003",1448
"BEL","DE","A","P1Y","2004",1449
"BEL","DE","A","P1Y","2005",1444
"BEL","DE","A","P1Y","2006",1445
"BEL","DE","A","P1Y","2007",1448
"BEL","DE","A","P1Y","2008",1443
"BEL","DE","A","P1Y","2009",1421
"BEL","DE","A","P1Y","2010",1420
"BEL","DE","A","P1Y","2011",1430
"BEL","DE","A","P1Y","2012",1431
"BEL","DE","A","P1Y","2013",1429
"BEL","DE","A","P1Y","2014",1429
"BEL","DE","A","P1Y","2015",1427
"BEL","TE","A","P1Y","1970",1883.16
"BEL","TE","A","P1Y","1971",1873.42
"BEL","TE","A","P1Y","1972",1847.49
"BEL","TE","A","P1Y","1973",1820.08
"BEL","TE","A","P1Y","1974",1791.9
"BEL","TE","A","P1Y","1975",1782.67
"BEL","TE","A","P1Y","1976",1785.45
"BEL","TE","A","P1Y","1977",1759.77
"BEL","TE","A","P1Y","1978",1742.99
"BEL","TE","A","P1Y","1979",1726.57
"BEL","TE","A","P1Y","1980",1706.53
"BEL","TE","A","P1Y","1981",1683.39
"BEL","TE","A","P1Y","1982",1668.97
"BEL","TE","A","P1Y","1983",1674.93
"BEL","TE","A","P1Y","1984",1699
"BEL","TE","A","P1Y","1985",1705.02
"BEL","TE","A","P1Y","1986",1684.96
"BEL","TE","A","P1Y","1987",1669.92
"BEL","TE","A","P1Y","1988",1657.88
"BEL","TE","A","P1Y","1989",1648.85
"BEL","TE","A","P1Y","1990",1662.9
"BEL","TE","A","P1Y","1991",1625.79
"BEL","TE","A","P1Y","1992",1602.72
"BEL","TE","A","P1Y","1993",1558.59
"BEL","TE","A","P1Y","1994",1558.59
"BEL","TE","A","P1Y","1995",1584.67
"BEL","TE","A","P1Y","1996",1558.59
"BEL","TE","A","P1Y","1997",1571.63
"BEL","TE","A","P1Y","1998",1582.66
"BEL","TE","A","P1Y","1999",1582
"BEL","TE","A","P1Y","2000",1595
"BEL","TE","A","P1Y","2001",1588
"BEL","TE","A","P1Y","2002",1583
"BEL","TE","A","P1Y","2003",1578
"BEL","TE","A","P1Y","2004",1573
"BEL","TE","A","P1Y","2005",1565
"BEL","TE","A","P1Y","2006",1572
"BEL","TE","A","P1Y","2007",1577
"BEL","TE","A","P1Y","2008",1570
"BEL","TE","A","P1Y","2009",1548
"BEL","TE","A","P1Y","2010",1546
"BEL","TE","A","P1Y","2011",1560
"BEL","TE","A","P1Y","2012",1560
"BEL","TE","A","P1Y","2013",1558
"BEL","TE","A","P1Y","2014",1560
"BEL","TE","A","P1Y","2015",1541
"CAN","DE","A","P1Y","1961",1976
"CAN","DE","A","P1Y","1962",1982
"CAN","DE","A","P1Y","1963",1968
"CAN","DE","A","P1Y","1964",1966
"CAN","DE","A","P1Y","1965",1958
"CAN","DE","A","P1Y","1966",1942
"CAN","DE","A","P1Y","1967",1936
"CAN","DE","A","P1Y","1968",1906
"CAN","DE","A","P1Y","1969",1891
"CAN","DE","A","P1Y","1970",1877
"CAN","DE","A","P1Y","1971",1863
"CAN","DE","A","P1Y","1972",1860
"CAN","DE","A","P1Y","1973",1858
"CAN","DE","A","P1Y","1974",1848
"CAN","DE","A","P1Y","1975",1830
"CAN","DE","A","P1Y","1976",1818
"CAN","DE","A","P1Y","1977",1799
"CAN","DE","A","P1Y","1978",1803
"CAN","DE","A","P1Y","1979",1812
"CAN","DE","A","P1Y","1980",1808
"CAN","DE","A","P1Y","1981",1793
"CAN","DE","A","P1Y","1982",1769
"CAN","DE","A","P1Y","1983",1761
"CAN","DE","A","P1Y","1984",1773
"CAN","DE","A","P1Y","1985",1778
"CAN","DE","A","P1Y","1986",1783
"CAN","DE","A","P1Y","1987",1794
"CAN","DE","A","P1Y","1988",1794
"CAN","DE","A","P1Y","1989",1788
"CAN","DE","A","P1Y","1990",1782
"CAN","DE","A","P1Y","1991",1760
"CAN","DE","A","P1Y","1992",1760
"CAN","DE","A","P1Y","1993",1760
"CAN","DE","A","P1Y","1994",1768
"CAN","DE","A","P1Y","1995",1768
"CAN","DE","A","P1Y","1996",1783
"CAN","DE","A","P1Y","1997",1780
"CAN","DE","A","P1Y","1998",1775
"CAN","DE","A","P1Y","1999",1776
"CAN","DE","A","P1Y","2000",1772
"CAN","DE","A","P1Y","2001",1764
"CAN","DE","A","P1Y","2002",1752
"CAN","DE","A","P1Y","2003",1737
"CAN","DE","A","P1Y","2004",1754
"CAN","DE","A","P1Y","2005",1746
"CAN","DE","A","P1Y","2006",1743
"CAN","DE","A","P1Y","2007",1740
"CAN","DE","A","P1Y","2008",1736
"CAN","DE","A","P1Y","2009",1703
"CAN","DE","A","P1Y","2010",1707
"CAN","DE","A","P1Y","2011",1706
"CAN","DE","A","P1Y","2012",1720
"CAN","DE","A","P1Y","2013",1714
"CAN","DE","A","P1Y","2014",1712
"CAN","DE","A","P1Y","2015",1713
"CAN","TE","A","P1Y","1961",2059
"CAN","TE","A","P1Y","1962",2058
"CAN","TE","A","P1Y","1963",2041
"CAN","TE","A","P1Y","1964",2033
"CAN","TE","A","P1Y","1965",2016
"CAN","TE","A","P1Y","1966",2001
"CAN","TE","A","P1Y","1967",1993
"CAN","TE","A","P1Y","1968",1958
"CAN","TE","A","P1Y","1969",1943
"CAN","TE","A","P1Y","1970",1925
"CAN","TE","A","P1Y","1971",1912
"CAN","TE","A","P1Y","1972",1904
"CAN","TE","A","P1Y","1973",1898
"CAN","TE","A","P1Y","1974",1891
"CAN","TE","A","P1Y","1975",1872
"CAN","TE","A","P1Y","1976",1862
"CAN","TE","A","P1Y","1977",1834
"CAN","TE","A","P1Y","1978",1836
"CAN","TE","A","P1Y","1979",1841
"CAN","TE","A","P1Y","1980",1827
"CAN","TE","A","P1Y","1981",1812
"CAN","TE","A","P1Y","1982",1789
"CAN","TE","A","P1Y","1983",1779
"CAN","TE","A","P1Y","1984",1789
"CAN","TE","A","P1Y","1985",1795
"CAN","TE","A","P1Y","1986",1797
"CAN","TE","A","P1Y","1987",1807
"CAN","TE","A","P1Y","1988",1808
"CAN","TE","A","P1Y","1989",1802
"CAN","TE","A","P1Y","1990",1797
"CAN","TE","A","P1Y","1991",1775
"CAN","TE","A","P1Y","1992",1772
"CAN","TE","A","P1Y","1993",1769
"CAN","TE","A","P1Y","1994",1778
"CAN","TE","A","P1Y","1995",1775
"CAN","TE","A","P1Y","1996",1790
"CAN","TE","A","P1Y","1997",1785
"CAN","TE","A","P1Y","1998",1782
"CAN","TE","A","P1Y","1999",1781
"CAN","TE","A","P1Y","2000",1779
"CAN","TE","A","P1Y","2001",1771
"CAN","TE","A","P1Y","2002",1754
"CAN","TE","A","P1Y","2003",1740
"CAN","TE","A","P1Y","2004",1760
"CAN","TE","A","P1Y","2005",1747
"CAN","TE","A","P1Y","2006",1745
"CAN","TE","A","P1Y","2007",1741
"CAN","TE","A","P1Y","2008",1735
"CAN","TE","A","P1Y","2009",1701
"CAN","TE","A","P1Y","2010",1703
"CAN","TE","A","P1Y","2011",1700
"CAN","TE","A","P1Y","2012",1713
"CAN","TE","A","P1Y","2013",1707
"CAN","TE","A","P1Y","2014",1703
"CAN","TE","A","P1Y","2015",1706
"CZE","DE","A","P1Y","1993",1995
"CZE","DE","A","P1Y","1994",1974
"CZE","DE","A","P1Y","1995",1987
"CZE","DE","A","P1Y","1996",1987
"CZE","DE","A","P1Y","1997",1989
"CZE","DE","A","P1Y","1998",1995
"CZE","DE","A","P1Y","1999",2014
"CZE","DE","A","P1Y","2000",2018
"CZE","DE","A","P1Y","2001",1922
"CZE","DE","A","P1Y","2002",1896
"CZE","DE","A","P1Y","2003",1882
"CZE","DE","A","P1Y","2004",1900
"CZE","DE","A","P1Y","2005",1923
"CZE","DE","A","P1Y","2006",1922
"CZE","DE","A","P1Y","2007",1914
"CZE","DE","A","P1Y","2008",1923
"CZE","DE","A","P1Y","2009",1879
"CZE","DE","A","P1Y","2010",1883
"CZE","DE","A","P1Y","2011",1864
"CZE","DE","A","P1Y","2012",1846.74
"CZE","DE","A","P1Y","2013",1824.59
"CZE","DE","A","P1Y","2014",1826.06
"CZE","DE","A","P1Y","2015",1810.88
"CZE","TE","A","P1Y","1993",1857
"CZE","TE","A","P1Y","1994",1839
"CZE","TE","A","P1Y","1995",1858
"CZE","TE","A","P1Y","1996",1852
"CZE","TE","A","P1Y","1997",1858
"CZE","TE","A","P1Y","1998",1877
"CZE","TE","A","P1Y","1999",1893
"CZE","TE","A","P1Y","2000",1896
"CZE","TE","A","P1Y","2001",1818
"CZE","TE","A","P1Y","2002",1816
"CZE","TE","A","P1Y","2003",1806
"CZE","TE","A","P1Y","2004",1817
"CZE","TE","A","P1Y","2005",1817
"CZE","TE","A","P1Y","2006",1799
"CZE","TE","A","P1Y","2007",1784
"CZE","TE","A","P1Y","2008",1790
"CZE","TE","A","P1Y","2009",1779
"CZE","TE","A","P1Y","2010",1800
"CZE","TE","A","P1Y","2011",1806
"CZE","TE","A","P1Y","2012",1776
"CZE","TE","A","P1Y","2013",1763
"CZE","TE","A","P1Y","2014",1771
"CZE","TE","A","P1Y","2015",1779
"DNK","DE","A","P1Y","1966",1843.63000488281
"DNK","DE","A","P1Y","1967",1820.80004882812
"DNK","DE","A","P1Y","1968",1781.14001464844
"DNK","DE","A","P1Y","1969",1745.31005859375
"DNK","DE","A","P1Y","1970",1725.52001953125
"DNK","DE","A","P1Y","1971",1695.14001464844
"DNK","DE","A","P1Y","1972",1635.5400390625
"DNK","DE","A","P1Y","1973",1591.2900390625
"DNK","DE","A","P1Y","1974",1578.85998535156
"DNK","DE","A","P1Y","1975",1503.71997070312
"DNK","DE","A","P1Y","1976",1514.65002441406
"DNK","DE","A","P1Y","1977",1489.93005371094
"DNK","DE","A","P1Y","1978",1471.41003417969
"DNK","DE","A","P1Y","1979",1469.56994628906
"DNK","DE","A","P1Y","1980",1493.31005859375
"DNK","DE","A","P1Y","1981",1464.01000976562
"DNK","DE","A","P1Y","1982",1472.69995117188
"DNK","DE","A","P1Y","1983",1469.38000488281
"DNK","DE","A","P1Y","1984",1466.35998535156
"DNK","DE","A","P1Y","1985",1454.68994140625
"DNK","DE","A","P1Y","1986",1460.03002929688
"DNK","DE","A","P1Y","1987",1428.35
"DNK","DE","A","P1Y","1988",1410.285
"DNK","DE","A","P1Y","1989",1393.12
"DNK","DE","A","P1Y","1990",1380.52
"DNK","DE","A","P1Y","1991",1375.32
"DNK","DE","A","P1Y","1992",1393.08
"DNK","DE","A","P1Y","1993",1391.57
"DNK","DE","A","P1Y","1994",1356.35
"DNK","DE","A","P1Y","1995",1365.66
"DNK","DE","A","P1Y","1996",1357.13
"DNK","DE","A","P1Y","1997",1375.354
"DNK","DE","A","P1Y","1998",1393.83
"DNK","DE","A","P1Y","1999",1401.97
"DNK","DE","A","P1Y","2000",1407.34
"DNK","DE","A","P1Y","2001",1413.84
"DNK","DE","A","P1Y","2002",1403.07
"DNK","DE","A","P1Y","2003",1399.84
"DNK","DE","A","P1Y","2004",1401.89
"DNK","DE","A","P1Y","2005",1401.99
"DNK","DE","A","P1Y","2006",1409.55
"DNK","DE","A","P1Y","2007",1390
"DNK","DE","A","P1Y","2008",1389.47
"DNK","DE","A","P1Y","2009",1391.97
"DNK","DE","A","P1Y","2010",1374.53
"DNK","DE","A","P1Y","2011",1387.59
"DNK","DE","A","P1Y","2012",1386.94
"DNK","DE","A","P1Y","2013",1369.68
"DNK","DE","A","P1Y","2014",1411
"DNK","DE","A","P1Y","2015",1407
"DNK","TE","A","P1Y","1970",1845
"DNK","TE","A","P1Y","1971",1813
"DNK","TE","A","P1Y","1972",1754
"DNK","TE","A","P1Y","1973",1709
"DNK","TE","A","P1Y","1974",1695
"DNK","TE","A","P1Y","1975",1625
"DNK","TE","A","P1Y","1976",1630
"DNK","TE","A","P1Y","1977",1606
"DNK","TE","A","P1Y","1978",1585
"DNK","TE","A","P1Y","1979",1575
"DNK","TE","A","P1Y","1980",1592
"DNK","TE","A","P1Y","1981",1560
"DNK","TE","A","P1Y","1982",1566
"DNK","TE","A","P1Y","1983",1558
"DNK","TE","A","P1Y","1984",1552
"DNK","TE","A","P1Y","1985",1538
"DNK","TE","A","P1Y","1986",1542
"DNK","TE","A","P1Y","1987",1510
"DNK","TE","A","P1Y","1988",1491
"DNK","TE","A","P1Y","1989",1473
"DNK","TE","A","P1Y","1990",1457
"DNK","TE","A","P1Y","1991",1451
"DNK","TE","A","P1Y","1992",1470
"DNK","TE","A","P1Y","1993",1470
"DNK","TE","A","P1Y","1994",1431
"DNK","TE","A","P1Y","1995",1440
"DNK","TE","A","P1Y","1996",1433
"DNK","TE","A","P1Y","1997",1449
"DNK","TE","A","P1Y","1998",1463
"DNK","TE","A","P1Y","1999",1479
"DNK","TE","A","P1Y","2000",1490
"DNK","TE","A","P1Y","2001",1493
"DNK","TE","A","P1Y","2002",1487
"DNK","TE","A","P1Y","2003",1482
"DNK","TE","A","P1Y","2004",1481
"DNK","TE","A","P1Y","2005",1474
"DNK","TE","A","P1Y","2006",1479
"DNK","TE","A","P1Y","2007",1456
"DNK","TE","A","P1Y","2008",1450
"DNK","TE","A","P1Y","2009",1446
"DNK","TE","A","P1Y","2010",1436
"DNK","TE","A","P1Y","2011",1455
"DNK","TE","A","P1Y","2012",1437
"DNK","TE","A","P1Y","2013",1457
"DNK","TE","A","P1Y","2014",1458
"DNK","TE","A","P1Y","2015",1457
"FIN","DE","A","P1Y","1984",1716
"FIN","DE","A","P1Y","1985",1712
"FIN","DE","A","P1Y","1986",1683
"FIN","DE","A","P1Y","1987",1701
"FIN","DE","A","P1Y","1988",1720
"FIN","DE","A","P1Y","1989",1702
"FIN","DE","A","P1Y","1990",1666
"FIN","DE","A","P1Y","1991",1653
"FIN","DE","A","P1Y","1992",1665
"FIN","DE","A","P1Y","1993",1627
"FIN","DE","A","P1Y","1994",1670
"FIN","DE","A","P1Y","1995",1672
"FIN","DE","A","P1Y","1996",1690
"FIN","DE","A","P1Y","1997",1687
"FIN","DE","A","P1Y","1998",1672
"FIN","DE","A","P1Y","1999",1673
"FIN","DE","A","P1Y","2000",1638
"FIN","DE","A","P1Y","2001",1616
"FIN","DE","A","P1Y","2002",1609
"FIN","DE","A","P1Y","2003",1596
"FIN","DE","A","P1Y","2004",1622
"FIN","DE","A","P1Y","2005",1605
"FIN","DE","A","P1Y","2006",1600
"FIN","DE","A","P1Y","2007",1594
"FIN","DE","A","P1Y","2008",1610
"FIN","DE","A","P1Y","2009",1555
"FIN","DE","A","P1Y","2010",1584
"FIN","DE","A","P1Y","2011",1578
"FIN","DE","A","P1Y","2012",1575
"FIN","DE","A","P1Y","2013",1568
"FIN","DE","A","P1Y","2014",1572
"FIN","DE","A","P1Y","2015",1574
"FIN","TE","A","P1Y","1960",2061
"FIN","TE","A","P1Y","1961",2060
"FIN","TE","A","P1Y","1962",2053
"FIN","TE","A","P1Y","1963",2049
"FIN","TE","A","P1Y","1964",2075
"FIN","TE","A","P1Y","1965",2075
"FIN","TE","A","P1Y","1966",2050
"FIN","TE","A","P1Y","1967",2033
"FIN","TE","A","P1Y","1968",2017
"FIN","TE","A","P1Y","1969",1998
"FIN","TE","A","P1Y","1970",1982
"FIN","TE","A","P1Y","1971",1947
"FIN","TE","A","P1Y","1972",1931
"FIN","TE","A","P1Y","1973",1915
"FIN","TE","A","P1Y","1974",1909
"FIN","TE","A","P1Y","1975",1899
"FIN","TE","A","P1Y","1976",1896
"FIN","TE","A","P1Y","1977",1888
"FIN","TE","A","P1Y","1978",1893
"FIN","TE","A","P1Y","1979",1869
"FIN","TE","A","P1Y","1980",1849
"FIN","TE","A","P1Y","1981",1855
"FIN","TE","A","P1Y","1982",1840
"FIN","TE","A","P1Y","1983",1823
"FIN","TE","A","P1Y","1984",1814
"FIN","TE","A","P1Y","1985",1813
"FIN","TE","A","P1Y","1986",1793
"FIN","TE","A","P1Y","1987",1798
"FIN","TE","A","P1Y","1988",1806
"FIN","TE","A","P1Y","1989",1802
"FIN","TE","A","P1Y","1990",1769
"FIN","TE","A","P1Y","1991",1747
"FIN","TE","A","P1Y","1992",1753
"FIN","TE","A","P1Y","1993",1755
"FIN","TE","A","P1Y","1994",1775
"FIN","TE","A","P1Y","1995",1776
"FIN","TE","A","P1Y","1996",1775
"FIN","TE","A","P1Y","1997",1765
"FIN","TE","A","P1Y","1998",1754
"FIN","TE","A","P1Y","1999",1757
"FIN","TE","A","P1Y","2000",1742
"FIN","TE","A","P1Y","2001",1723
"FIN","TE","A","P1Y","2002",1714
"FIN","TE","A","P1Y","2003",1705
"FIN","TE","A","P1Y","2004",1707
"FIN","TE","A","P1Y","2005",1697
"FIN","TE","A","P1Y","2006",1693
"FIN","TE","A","P1Y","2007",1691
"FIN","TE","A","P1Y","2008",1685
"FIN","TE","A","P1Y","2009",1661
"FIN","TE","A","P1Y","2010",1668
"FIN","TE","A","P1Y","2011",1662
"FIN","TE","A","P1Y","2012",1650
"FIN","TE","A","P1Y","2013",1640
"FIN","TE","A","P1Y","2014",1643
"FIN","TE","A","P1Y","2015",1646
"FRA","DE","A","P1Y","1950",1879.26000976562
"FRA","DE","A","P1Y","1951",1915.93994140625
"FRA","DE","A","P1Y","1952",1896.23999023438
"FRA","DE","A","P1Y","1953",1881.7099609375
"FRA","DE","A","P1Y","1954",1901.61999511719
"FRA","DE","A","P1Y","1955",1900.56994628906
"FRA","DE","A","P1Y","1956",1871.5
"FRA","DE","A","P1Y","1957",1863.68994140625
"FRA","DE","A","P1Y","1958",1856.69995117188
"FRA","DE","A","P1Y","1959",1860.21997070312
"FRA","DE","A","P1Y","1960",1879.32995605469
"FRA","DE","A","P1Y","1961",1869.82995605469
"FRA","DE","A","P1Y","1962",1889.25
"FRA","DE","A","P1Y","1963",1884.03002929688
"FRA","DE","A","P1Y","1964",1899.89001464844
"FRA","DE","A","P1Y","1965",1894.21997070312
"FRA","DE","A","P1Y","1966",1895.07995605469
"FRA","DE","A","P1Y","1967",1869.83996582031
"FRA","DE","A","P1Y","1968",1849
"FRA","DE","A","P1Y","1969",1796.16003417969
"FRA","DE","A","P1Y","1970",1786.90002441406
"FRA","DE","A","P1Y","1971",1790.84997558594
"FRA","DE","A","P1Y","1972",1749.78002929688
"FRA","DE","A","P1Y","1973",1741.76000976562
"FRA","DE","A","P1Y","1974",1718
"FRA","DE","A","P1Y","1975",1696.47998046875
"FRA","DE","A","P1Y","1976",1725.78002929688
"FRA","DE","A","P1Y","1977",1694.03002929688
"FRA","DE","A","P1Y","1978",1666.67004394531
"FRA","DE","A","P1Y","1979",1666.33996582031
"FRA","DE","A","P1Y","1980",1661.43994140625
"FRA","DE","A","P1Y","1981",1644.68005371094
"FRA","DE","A","P1Y","1982",1571.06005859375
"FRA","DE","A","P1Y","1983",1554.5
"FRA","DE","A","P1Y","1984",1548.60998535156
"FRA","DE","A","P1Y","1985",1521.93994140625
"FRA","DE","A","P1Y","1986",1520.31994628906
"FRA","DE","A","P1Y","1987",1534.80004882812
"FRA","DE","A","P1Y","1988",1546.15002441406
"FRA","DE","A","P1Y","1989",1534.34997558594
"FRA","DE","A","P1Y","1990",1535.9599609375
"FRA","DE","A","P1Y","1991",1522.71997070312
"FRA","DE","A","P1Y","1992",1529.68005371094
"FRA","DE","A","P1Y","1993",1518.7900390625
"FRA","DE","A","P1Y","1994",1509.86999511719
"FRA","DE","A","P1Y","1995",1489.43994140625
"FRA","DE","A","P1Y","1996",1491.14001464844
"FRA","DE","A","P1Y","1997",1481.83996582031
"FRA","DE","A","P1Y","1998",1471.30004882812
"FRA","DE","A","P1Y","1999",1465.07995605469
"FRA","DE","A","P1Y","2000",1428.34997558594
"FRA","DE","A","P1Y","2001",1423.14001464844
"FRA","DE","A","P1Y","2002",1389.46997070312
"FRA","DE","A","P1Y","2003",1387.51000976562
"FRA","DE","A","P1Y","2004",1415.13000488281
"FRA","DE","A","P1Y","2005",1411.15002441406
"FRA","DE","A","P1Y","2006",1389.59997558594
"FRA","DE","A","P1Y","2007",1406.81994628906
"FRA","DE","A","P1Y","2008",1416.05004882812
"FRA","DE","A","P1Y","2009",1399.05004882812
"FRA","DE","A","P1Y","2010",1404.06005859375
"FRA","DE","A","P1Y","2011",1407.39001464844
"FRA","DE","A","P1Y","2012",1402.77
"FRA","DE","A","P1Y","2013",1388.79
"FRA","DE","A","P1Y","2014",1386.79
"FRA","DE","A","P1Y","2015",1399
"FRA","TE","A","P1Y","1950",2293.5
"FRA","TE","A","P1Y","1951",2313.2900390625
"FRA","TE","A","P1Y","1952",2295.830078125
"FRA","TE","A","P1Y","1953",2274.7900390625
"FRA","TE","A","P1Y","1954",2288.03002929688
"FRA","TE","A","P1Y","1955",2270.5
"FRA","TE","A","P1Y","1956",2217.88989257812
"FRA","TE","A","P1Y","1957",2190.38989257812
"FRA","TE","A","P1Y","1958",2177.31005859375
"FRA","TE","A","P1Y","1959",2180.21997070312
"FRA","TE","A","P1Y","1960",2190.90991210938
"FRA","TE","A","P1Y","1961",2169.09008789062
"FRA","TE","A","P1Y","1962",2183.48999023438
"FRA","TE","A","P1Y","1963",2167.13989257812
"FRA","TE","A","P1Y","1964",2175.69995117188
"FRA","TE","A","P1Y","1965",2163.46997070312
"FRA","TE","A","P1Y","1966",2156.19995117188
"FRA","TE","A","P1Y","1967",2122.80004882812
"FRA","TE","A","P1Y","1968",2099.78002929688
"FRA","TE","A","P1Y","1969",2025.71997070312
"FRA","TE","A","P1Y","1970",2007.42004394531
"FRA","TE","A","P1Y","1971",2005.68005371094
"FRA","TE","A","P1Y","1972",1952.89001464844
"FRA","TE","A","P1Y","1973",1937.5
"FRA","TE","A","P1Y","1974",1905.63000488281
"FRA","TE","A","P1Y","1975",1879.52001953125
"FRA","TE","A","P1Y","1976",1906.22998046875
"FRA","TE","A","P1Y","1977",1867.36999511719
"FRA","TE","A","P1Y","1978",1835.86999511719
"FRA","TE","A","P1Y","1979",1832.4599609375
"FRA","TE","A","P1Y","1980",1823.30004882812
"FRA","TE","A","P1Y","1981",1803.06994628906
"FRA","TE","A","P1Y","1982",1729.78002929688
"FRA","TE","A","P1Y","1983",1711.84997558594
"FRA","TE","A","P1Y","1984",1705.31005859375
"FRA","TE","A","P1Y","1985",1669.90002441406
"FRA","TE","A","P1Y","1986",1664.67004394531
"FRA","TE","A","P1Y","1987",1676.53002929688
"FRA","TE","A","P1Y","1988",1685.68994140625
"FRA","TE","A","P1Y","1989",1669.88000488281
"FRA","TE","A","P1Y","1990",1664.81994628906
"FRA","TE","A","P1Y","1991",1654.5400390625
"FRA","TE","A","P1Y","1992",1656.06005859375
"FRA","TE","A","P1Y","1993",1640.93994140625
"FRA","TE","A","P1Y","1994",1630.27001953125
"FRA","TE","A","P1Y","1995",1604.75
"FRA","TE","A","P1Y","1996",1606.18994140625
"FRA","TE","A","P1Y","1997",1596.28002929688
"FRA","TE","A","P1Y","1998",1582.69995117188
"FRA","TE","A","P1Y","1999",1571.73999023438
"FRA","TE","A","P1Y","2000",1534.80004882812
"FRA","TE","A","P1Y","2001",1525.98999023438
"FRA","TE","A","P1Y","2002",1487.31994628906
"FRA","TE","A","P1Y","2003",1484.38000488281
"FRA","TE","A","P1Y","2004",1513.2099609375
"FRA","TE","A","P1Y","2005",1507.43994140625
"FRA","TE","A","P1Y","2006",1484
"FRA","TE","A","P1Y","2007",1500.25
"FRA","TE","A","P1Y","2008",1507.17004394531
"FRA","TE","A","P1Y","2009",1489.06994628906
"FRA","TE","A","P1Y","2010",1493.9599609375
"FRA","TE","A","P1Y","2011",1496.33
"FRA","TE","A","P1Y","2012",1490.23
"FRA","TE","A","P1Y","2013",1474.3
"FRA","TE","A","P1Y","2014",1473.45
"FRA","TE","A","P1Y","2015",1482
"DEU","DE","A","P1Y","1991",1478.7
"DEU","DE","A","P1Y","1992",1488.3
"DEU","DE","A","P1Y","1993",1460.9
"DEU","DE","A","P1Y","1994",1457
"DEU","DE","A","P1Y","1995",1441.8
"DEU","DE","A","P1Y","1996",1423
"DEU","DE","A","P1Y","1997",1408.7
"DEU","DE","A","P1Y","1998",1401
"DEU","DE","A","P1Y","1999",1384.4
"DEU","DE","A","P1Y","2000",1359.5
"DEU","DE","A","P1Y","2001",1352.7
"DEU","DE","A","P1Y","2002",1344.8
"DEU","DE","A","P1Y","2003",1339.1
"DEU","DE","A","P1Y","2004",1334.6
"DEU","DE","A","P1Y","2005",1323.6
"DEU","DE","A","P1Y","2006",1343.7
"DEU","DE","A","P1Y","2007",1346.4
"DEU","DE","A","P1Y","2008",1339.6
"DEU","DE","A","P1Y","2009",1289.2
"DEU","DE","A","P1Y","2010",1309.7
"DEU","DE","A","P1Y","2011",1314.8
"DEU","DE","A","P1Y","2012",1300.9
"DEU","DE","A","P1Y","2013",1290.5
"DEU","DE","A","P1Y","2014",1298.1
"DEU","DE","A","P1Y","2015",1303.9
"DEU","TE","A","P1Y","1991",1553.5
"DEU","TE","A","P1Y","1992",1564.7
"DEU","TE","A","P1Y","1993",1541.6
"DEU","TE","A","P1Y","1994",1537.3
"DEU","TE","A","P1Y","1995",1528
"DEU","TE","A","P1Y","1996",1510.5
"DEU","TE","A","P1Y","1997",1499.6
"DEU","TE","A","P1Y","1998",1493.6
"DEU","TE","A","P1Y","1999",1478.7
"DEU","TE","A","P1Y","2000",1452
"DEU","TE","A","P1Y","2001",1441.9
"DEU","TE","A","P1Y","2002",1430.9
"DEU","TE","A","P1Y","2003",1424.8
"DEU","TE","A","P1Y","2004",1422.2
"DEU","TE","A","P1Y","2005",1411.3
"DEU","TE","A","P1Y","2006",1424.7
"DEU","TE","A","P1Y","2007",1424.4
"DEU","TE","A","P1Y","2008",1418.4
"DEU","TE","A","P1Y","2009",1372.7
"DEU","TE","A","P1Y","2010",1389.9
"DEU","TE","A","P1Y","2011",1392.8
"DEU","TE","A","P1Y","2012",1375.3
"DEU","TE","A","P1Y","2013",1361.7
"DEU","TE","A","P1Y","2014",1366.4
"DEU","TE","A","P1Y","2015",1371
"GRC","DE","A","P1Y","1983",1760
"GRC","DE","A","P1Y","1984",1748
"GRC","DE","A","P1Y","1985",1757
"GRC","DE","A","P1Y","1986",1757
"GRC","DE","A","P1Y","1987",1754
"GRC","DE","A","P1Y","1988",1741
"GRC","DE","A","P1Y","1989",1752
"GRC","DE","A","P1Y","1990",1761
"GRC","DE","A","P1Y","1991",1775
"GRC","DE","A","P1Y","1992",1795
"GRC","DE","A","P1Y","1993",1794
"GRC","DE","A","P1Y","1994",1792
"GRC","DE","A","P1Y","1995",1785
"GRC","DE","A","P1Y","1996",1802
"GRC","DE","A","P1Y","1997",1798
"GRC","DE","A","P1Y","1998",1810
"GRC","DE","A","P1Y","1999",1811
"GRC","DE","A","P1Y","2000",1818
"GRC","DE","A","P1Y","2001",1826
"GRC","DE","A","P1Y","2002",1818
"GRC","DE","A","P1Y","2003",1812
"GRC","DE","A","P1Y","2004",1802
"GRC","DE","A","P1Y","2005",1811
"GRC","DE","A","P1Y","2006",1795
"GRC","DE","A","P1Y","2007",1780
"GRC","DE","A","P1Y","2008",1802
"GRC","DE","A","P1Y","2009",1775
"GRC","DE","A","P1Y","2010",1751
"GRC","DE","A","P1Y","2011",1749
"GRC","DE","A","P1Y","2012",1727
"GRC","DE","A","P1Y","2013",1727
"GRC","DE","A","P1Y","2014",1733
"GRC","DE","A","P1Y","2015",1733
"GRC","TE","A","P1Y","1983",2186
"GRC","TE","A","P1Y","1984",2113
"GRC","TE","A","P1Y","1985",2131
"GRC","TE","A","P1Y","1986",2119
"GRC","TE","A","P1Y","1987",2076
"GRC","TE","A","P1Y","1988",2064
"GRC","TE","A","P1Y","1989",2107
"GRC","TE","A","P1Y","1990",2084
"GRC","TE","A","P1Y","1991",2115
"GRC","TE","A","P1Y","1992",2143
"GRC","TE","A","P1Y","1993",2164
"GRC","TE","A","P1Y","1994",2129
"GRC","TE","A","P1Y","1995",2111
"GRC","TE","A","P1Y","1996",2109
"GRC","TE","A","P1Y","1997",2108
"GRC","TE","A","P1Y","1998",2108
"GRC","TE","A","P1Y","1999",2105
"GRC","TE","A","P1Y","2000",2108
"GRC","TE","A","P1Y","2001",2101
"GRC","TE","A","P1Y","2002",2093
"GRC","TE","A","P1Y","2003",2091
"GRC","TE","A","P1Y","2004",2083
"GRC","TE","A","P1Y","2005",2136
"GRC","TE","A","P1Y","2006",2125
"GRC","TE","A","P1Y","2007",2111
"GRC","TE","A","P1Y","2008",2106
"GRC","TE","A","P1Y","2009",2081
"GRC","TE","A","P1Y","2010",2020
"GRC","TE","A","P1Y","2011",2038
"GRC","TE","A","P1Y","2012",2055
"GRC","TE","A","P1Y","2013",2063
"GRC","TE","A","P1Y","2014",2026
"GRC","TE","A","P1Y","2015",2042
"HUN","DE","A","P1Y","1980",1930
"HUN","DE","A","P1Y","1981",1928
"HUN","DE","A","P1Y","1982",1847
"HUN","DE","A","P1Y","1983",1829
"HUN","DE","A","P1Y","1984",1765
"HUN","DE","A","P1Y","1985",1742
"HUN","DE","A","P1Y","1986",1734
"HUN","DE","A","P1Y","1987",1772
"HUN","DE","A","P1Y","1988",1768
"HUN","DE","A","P1Y","1989",1746
"HUN","DE","A","P1Y","1990",1710
"HUN","DE","A","P1Y","1991",1682
"HUN","DE","A","P1Y","1992",1644
"HUN","DE","A","P1Y","1993",1732
"HUN","DE","A","P1Y","1994",1759
"HUN","DE","A","P1Y","1995",1765
"HUN","DE","A","P1Y","1996",1777
"HUN","DE","A","P1Y","1997",1786
"HUN","DE","A","P1Y","1998",1788
"HUN","DE","A","P1Y","1999",1795
"HUN","DE","A","P1Y","2000",1795
"HUN","DE","A","P1Y","2001",1766
"HUN","DE","A","P1Y","2002",1766
"HUN","DE","A","P1Y","2003",1777
"HUN","DE","A","P1Y","2004",1807
"HUN","DE","A","P1Y","2005",1803
"HUN","DE","A","P1Y","2006",1799
"HUN","DE","A","P1Y","2007",1778
"HUN","DE","A","P1Y","2008",1786
"HUN","DE","A","P1Y","2009",1766
"HUN","DE","A","P1Y","2010",1818
"HUN","DE","A","P1Y","2011",1816
"HUN","DE","A","P1Y","2012",1797
"HUN","DE","A","P1Y","2013",1803
"HUN","DE","A","P1Y","2014",1809
"HUN","DE","A","P1Y","2015",1769.2
"HUN","TE","A","P1Y","1995",2005.5
"HUN","TE","A","P1Y","1996",1999.6
"HUN","TE","A","P1Y","1997",2023.4
"HUN","TE","A","P1Y","1998",2022.9
"HUN","TE","A","P1Y","1999",2040.1
"HUN","TE","A","P1Y","2000",2032.8
"HUN","TE","A","P1Y","2001",1993.3
"HUN","TE","A","P1Y","2002",2005.3
"HUN","TE","A","P1Y","2003",1978.2
"HUN","TE","A","P1Y","2004",1986.1
"HUN","TE","A","P1Y","2005",1986.9
"HUN","TE","A","P1Y","2006",1983.5
"HUN","TE","A","P1Y","2007",1978.6
"HUN","TE","A","P1Y","2008",1981.7
"HUN","TE","A","P1Y","2009",1963.1
"HUN","TE","A","P1Y","2010",1958.4
"HUN","TE","A","P1Y","2011",1975.7
"HUN","TE","A","P1Y","2012",1889.2
"HUN","TE","A","P1Y","2013",1879.8
"HUN","TE","A","P1Y","2014",1857.9
"HUN","TE","A","P1Y","2015",1748.6
"ISL","DE","A","P1Y","1991",1969
"ISL","DE","A","P1Y","1992",1995.6
"ISL","DE","A","P1Y","1993",1983.4
"ISL","DE","A","P1Y","1994",1965.7
"ISL","DE","A","P1Y","1995",1967.9
"ISL","DE","A","P1Y","1996",1993.4
"ISL","DE","A","P1Y","1997",1983.4
"ISL","DE","A","P1Y","1998",1952.4
"ISL","DE","A","P1Y","1999",2005.5
"ISL","DE","A","P1Y","2000",2016.6
"ISL","DE","A","P1Y","2001",1971.2
"ISL","DE","A","P1Y","2002",1928
"ISL","DE","A","P1Y","2003",1921.2
"ISL","DE","A","P1Y","2004",1933.1
"ISL","DE","A","P1Y","2005",1924.1
"ISL","DE","A","P1Y","2006",1901.6
"ISL","DE","A","P1Y","2007",1887.6
"ISL","DE","A","P1Y","2008",1896.3
"ISL","DE","A","P1Y","2009",1816.4
"ISL","DE","A","P1Y","2010",1803.1
"ISL","DE","A","P1Y","2011",1841.9
"ISL","DE","A","P1Y","2012",1824.6
"ISL","DE","A","P1Y","2013",1809.1
"ISL","DE","A","P1Y","2014",1827
"ISL","DE","A","P1Y","2015",1851.8
"ISL","TE","A","P1Y","1991",2007.4
"ISL","TE","A","P1Y","1992",2007.4
"ISL","TE","A","P1Y","1993",2024.9
"ISL","TE","A","P1Y","1994",1991.1
"ISL","TE","A","P1Y","1995",1974.8
"ISL","TE","A","P1Y","1996",1995.5
"ISL","TE","A","P1Y","1997",2026
"ISL","TE","A","P1Y","1998",2003.1
"ISL","TE","A","P1Y","1999",1979.1
"ISL","TE","A","P1Y","2000",2040.1
"ISL","TE","A","P1Y","2001",2053.2
"ISL","TE","A","P1Y","2002",2011.8
"ISL","TE","A","P1Y","2003",1971.9
"ISL","TE","A","P1Y","2004",1979.6
"ISL","TE","A","P1Y","2005",1970
"ISL","TE","A","P1Y","2006",1957.6
"ISL","TE","A","P1Y","2007",1931.6
"ISL","TE","A","P1Y","2008",1933.8
"ISL","TE","A","P1Y","2009",1848.7
"ISL","TE","A","P1Y","2010",1833.6
"ISL","TE","A","P1Y","2011",1878.4
"ISL","TE","A","P1Y","2012",1853.4
"ISL","TE","A","P1Y","2013",1846.1
"ISL","TE","A","P1Y","2014",1864.1
"ISL","TE","A","P1Y","2015",1879.5
"IRL","DE","A","P1Y","1983",1678
"IRL","DE","A","P1Y","1984",1673
"IRL","DE","A","P1Y","1985",1686
"IRL","DE","A","P1Y","1986",1701
"IRL","DE","A","P1Y","1987",1685
"IRL","DE","A","P1Y","1988",1678
"IRL","DE","A","P1Y","1989",1685
"IRL","DE","A","P1Y","1990",1689
"IRL","DE","A","P1Y","1991",1672
"IRL","DE","A","P1Y","1992",1648
"IRL","DE","A","P1Y","1993",1624
"IRL","DE","A","P1Y","1994",1630
"IRL","DE","A","P1Y","1995",1632
"IRL","DE","A","P1Y","1996",1644
"IRL","DE","A","P1Y","1997",1618
"IRL","DE","A","P1Y","1998",1581
"IRL","DE","A","P1Y","1999",1575
"IRL","DE","A","P1Y","2000",1574
"IRL","DE","A","P1Y","2001",1580
"IRL","DE","A","P1Y","2002",1565
"IRL","DE","A","P1Y","2003",1555
"IRL","DE","A","P1Y","2004",1548
"IRL","DE","A","P1Y","2005",1541
"IRL","DE","A","P1Y","2006",1542
"IRL","DE","A","P1Y","2007",1530
"IRL","DE","A","P1Y","2008",1504
"IRL","DE","A","P1Y","2009",1445
"IRL","DE","A","P1Y","2010",1447
"IRL","DE","A","P1Y","2011",1450
"IRL","DE","A","P1Y","2012",1439
"IRL","DE","A","P1Y","2013",1460
"IRL","DE","A","P1Y","2014",1485
"IRL","DE","A","P1Y","2015",1475
"IRL","TE","A","P1Y","1998",1953
"IRL","TE","A","P1Y","1999",1942
"IRL","TE","A","P1Y","2000",1933
"IRL","TE","A","P1Y","2001",1924
"IRL","TE","A","P1Y","2002",1904
"IRL","TE","A","P1Y","2003",1887
"IRL","TE","A","P1Y","2004",1875
"IRL","TE","A","P1Y","2005",1883
"IRL","TE","A","P1Y","2006",1879
"IRL","TE","A","P1Y","2007",1865
"IRL","TE","A","P1Y","2008",1844
"IRL","TE","A","P1Y","2009",1812
"IRL","TE","A","P1Y","2010",1801
"IRL","TE","A","P1Y","2011",1801
"IRL","TE","A","P1Y","2012",1806
"IRL","TE","A","P1Y","2013",1815
"IRL","TE","A","P1Y","2014",1821.26
"IRL","TE","A","P1Y","2015",1819.54
"ITA","TE","A","P1Y","1995",1856.1
"ITA","TE","A","P1Y","1996",1866.1
"ITA","TE","A","P1Y","1997",1860.1
"ITA","TE","A","P1Y","1998",1873.8
"ITA","TE","A","P1Y","1999",1870.4
"ITA","TE","A","P1Y","2000",1850.8
"ITA","TE","A","P1Y","2001",1837.8
"ITA","TE","A","P1Y","2002",1826.6
"ITA","TE","A","P1Y","2003",1815.8
"ITA","TE","A","P1Y","2004",1815.3
"ITA","TE","A","P1Y","2005",1812.1
"ITA","TE","A","P1Y","2006",1812.6
"ITA","TE","A","P1Y","2007",1818.2
"ITA","TE","A","P1Y","2008",1807
"ITA","TE","A","P1Y","2009",1775.7
"ITA","TE","A","P1Y","2010",1777.3
"ITA","TE","A","P1Y","2011",1773.3
"ITA","TE","A","P1Y","2012",1734.2
"ITA","TE","A","P1Y","2013",1719.51
"ITA","TE","A","P1Y","2014",1718.8
"ITA","TE","A","P1Y","2015",1724.83
"JPN","DE","A","P1Y","1995",1910
"JPN","DE","A","P1Y","1996",1919
"JPN","DE","A","P1Y","1997",1891
"JPN","DE","A","P1Y","1998",1871
"JPN","DE","A","P1Y","1999",1840
"JPN","DE","A","P1Y","2000",1853
"JPN","DE","A","P1Y","2001",1836
"JPN","DE","A","P1Y","2002",1825
"JPN","DE","A","P1Y","2003",1828
"JPN","DE","A","P1Y","2004",1816
"JPN","DE","A","P1Y","2005",1802
"JPN","DE","A","P1Y","2006",1811
"JPN","DE","A","P1Y","2007",1808
"JPN","DE","A","P1Y","2008",1792
"JPN","DE","A","P1Y","2009",1733
"JPN","DE","A","P1Y","2010",1754
"JPN","DE","A","P1Y","2011",1747
"JPN","DE","A","P1Y","2012",1765
"JPN","DE","A","P1Y","2013",1746
"JPN","DE","A","P1Y","2014",1741
"JPN","DE","A","P1Y","2015",1734
"JPN","TE","A","P1Y","1970",2243
"JPN","TE","A","P1Y","1971",2239
"JPN","TE","A","P1Y","1972",2228
"JPN","TE","A","P1Y","1973",2201
"JPN","TE","A","P1Y","1974",2137
"JPN","TE","A","P1Y","1975",2112
"JPN","TE","A","P1Y","1976",2128
"JPN","TE","A","P1Y","1977",2129
"JPN","TE","A","P1Y","1978",2123
"JPN","TE","A","P1Y","1979",2126
"JPN","TE","A","P1Y","1980",2121
"JPN","TE","A","P1Y","1981",2106
"JPN","TE","A","P1Y","1982",2104
"JPN","TE","A","P1Y","1983",2095
"JPN","TE","A","P1Y","1984",2108
"JPN","TE","A","P1Y","1985",2093
"JPN","TE","A","P1Y","1986",2097
"JPN","TE","A","P1Y","1987",2096
"JPN","TE","A","P1Y","1988",2092
"JPN","TE","A","P1Y","1989",2070
"JPN","TE","A","P1Y","1990",2031
"JPN","TE","A","P1Y","1991",1998
"JPN","TE","A","P1Y","1992",1965
"JPN","TE","A","P1Y","1993",1905
"JPN","TE","A","P1Y","1994",1898
"JPN","TE","A","P1Y","1995",1884
"JPN","TE","A","P1Y","1996",1892
"JPN","TE","A","P1Y","1997",1865
"JPN","TE","A","P1Y","1998",1842
"JPN","TE","A","P1Y","1999",1810
"JPN","TE","A","P1Y","2000",1821
"JPN","TE","A","P1Y","2001",1809
"JPN","TE","A","P1Y","2002",1798
"JPN","TE","A","P1Y","2003",1799
"JPN","TE","A","P1Y","2004",1787
"JPN","TE","A","P1Y","2005",1775
"JPN","TE","A","P1Y","2006",1784
"JPN","TE","A","P1Y","2007",1785
"JPN","TE","A","P1Y","2008",1771
"JPN","TE","A","P1Y","2009",1714
"JPN","TE","A","P1Y","2010",1733
"JPN","TE","A","P1Y","2011",1728
"JPN","TE","A","P1Y","2012",1745
"JPN","TE","A","P1Y","2013",1734
"JPN","TE","A","P1Y","2014",1729
"JPN","TE","A","P1Y","2015",1719
"KOR","DE","A","P1Y","2008",2120
"KOR","DE","A","P1Y","2009",2113
"KOR","DE","A","P1Y","2010",2120
"KOR","DE","A","P1Y","2011",2116
"KOR","DE","A","P1Y","2012",2092
"KOR","DE","A","P1Y","2013",2071
"KOR","DE","A","P1Y","2014",2057
"KOR","TE","A","P1Y","1980",2864
"KOR","TE","A","P1Y","1981",2880
"KOR","TE","A","P1Y","1982",2893
"KOR","TE","A","P1Y","1983",2911
"KOR","TE","A","P1Y","1984",2907
"KOR","TE","A","P1Y","1985",2882
"KOR","TE","A","P1Y","1986",2911
"KOR","TE","A","P1Y","1987",2880
"KOR","TE","A","P1Y","1988",2834
"KOR","TE","A","P1Y","1989",2731
"KOR","TE","A","P1Y","1990",2677
"KOR","TE","A","P1Y","1991",2661
"KOR","TE","A","P1Y","1992",2639
"KOR","TE","A","P1Y","1993",2656
"KOR","TE","A","P1Y","1994",2640
"KOR","TE","A","P1Y","1995",2648
"KOR","TE","A","P1Y","1996",2637
"KOR","TE","A","P1Y","1997",2582
"KOR","TE","A","P1Y","1998",2488
"KOR","TE","A","P1Y","1999",2495
"KOR","TE","A","P1Y","2000",2512
"KOR","TE","A","P1Y","2001",2499
"KOR","TE","A","P1Y","2002",2464
"KOR","TE","A","P1Y","2003",2424
"KOR","TE","A","P1Y","2004",2392
"KOR","TE","A","P1Y","2005",2351
"KOR","TE","A","P1Y","2006",2346
"KOR","TE","A","P1Y","2007",2306
"KOR","TE","A","P1Y","2008",2246
"KOR","TE","A","P1Y","2009",2232
"KOR","TE","A","P1Y","2010",2187
"KOR","TE","A","P1Y","2011",2090
"KOR","TE","A","P1Y","2012",2163
"KOR","TE","A","P1Y","2013",2079
"KOR","TE","A","P1Y","2014",2124
"KOR","TE","A","P1Y","2015",2113
"LUX","DE","A","P1Y","2000",1605
"LUX","DE","A","P1Y","2001",1589
"LUX","DE","A","P1Y","2002",1584
"LUX","DE","A","P1Y","2003",1581
"LUX","DE","A","P1Y","2004",1580
"LUX","DE","A","P1Y","2005",1560
"LUX","DE","A","P1Y","2006",1559
"LUX","DE","A","P1Y","2007",1570
"LUX","DE","A","P1Y","2008",1570
"LUX","DE","A","P1Y","2009",1519
"LUX","DE","A","P1Y","2010",1523
"LUX","DE","A","P1Y","2011",1522
"LUX","DE","A","P1Y","2012",1514
"LUX","DE","A","P1Y","2013",1504
"LUX","DE","A","P1Y","2014",1509
"LUX","DE","A","P1Y","2015",1507
"LUX","TE","A","P1Y","2000",1603
"LUX","TE","A","P1Y","2001",1586
"LUX","TE","A","P1Y","2002",1581
"LUX","TE","A","P1Y","2003",1579
"LUX","TE","A","P1Y","2004",1579
"LUX","TE","A","P1Y","2005",1555
"LUX","TE","A","P1Y","2006",1556
"LUX","TE","A","P1Y","2007",1570
"LUX","TE","A","P1Y","2008",1570
"LUX","TE","A","P1Y","2009",1519
"LUX","TE","A","P1Y","2010",1521
"LUX","TE","A","P1Y","2011",1519
"LUX","TE","A","P1Y","2012",1513
"LUX","TE","A","P1Y","2013",1503
"LUX","TE","A","P1Y","2014",1509
"LUX","TE","A","P1Y","2015",1507
"MEX","DE","A","P1Y","1991",2324.7
"MEX","DE","A","P1Y","1993",2370.6
"MEX","DE","A","P1Y","1995",2360.1
"MEX","DE","A","P1Y","1996",2370.9
"MEX","DE","A","P1Y","1997",2372.3
"MEX","DE","A","P1Y","1998",2352.6
"MEX","DE","A","P1Y","1999",2359.8
"MEX","DE","A","P1Y","2000",2359.8
"MEX","DE","A","P1Y","2001",2340.7
"MEX","DE","A","P1Y","2002",2330.3
"MEX","DE","A","P1Y","2003",2331.2
"MEX","DE","A","P1Y","2004",2339.5
"MEX","DE","A","P1Y","2005",2347.1
"MEX","DE","A","P1Y","2006",2351.1
"MEX","DE","A","P1Y","2007",2337.3
"MEX","DE","A","P1Y","2008",2339.8
"MEX","DE","A","P1Y","2009",2322.3
"MEX","DE","A","P1Y","2010",2330
"MEX","DE","A","P1Y","2011",2331.2
"MEX","DE","A","P1Y","2012",2317.3
"MEX","DE","A","P1Y","2013",2327.6
"MEX","DE","A","P1Y","2014",2326.8
"MEX","DE","A","P1Y","2015",2345.6
"MEX","TE","A","P1Y","1991",2241.8
"MEX","TE","A","P1Y","1993",2241.1
"MEX","TE","A","P1Y","1995",2293.6
"MEX","TE","A","P1Y","1996",2314.2
"MEX","TE","A","P1Y","1997",2321.6
"MEX","TE","A","P1Y","1998",2290.7
"MEX","TE","A","P1Y","1999",2305.8
"MEX","TE","A","P1Y","2000",2311.2
"MEX","TE","A","P1Y","2001",2285.2
"MEX","TE","A","P1Y","2002",2271.2
"MEX","TE","A","P1Y","2003",2276.5
"MEX","TE","A","P1Y","2004",2270.6
"MEX","TE","A","P1Y","2005",2281
"MEX","TE","A","P1Y","2006",2280.6
"MEX","TE","A","P1Y","2007",2261.4
"MEX","TE","A","P1Y","2008",2258
"MEX","TE","A","P1Y","2009",2250.2
"MEX","TE","A","P1Y","2010",2242.4
"MEX","TE","A","P1Y","2011",2250.2
"MEX","TE","A","P1Y","2012",2225.8
"MEX","TE","A","P1Y","2013",2236.6
"MEX","TE","A","P1Y","2014",2228.4
"MEX","TE","A","P1Y","2015",2246.4
"NLD","DE","A","P1Y","1970",1762
"NLD","DE","A","P1Y","1971",1726
"NLD","DE","A","P1Y","1972",1725
"NLD","DE","A","P1Y","1973",1698
"NLD","DE","A","P1Y","1974",1638
"NLD","DE","A","P1Y","1975",1579
"NLD","DE","A","P1Y","1976",1574
"NLD","DE","A","P1Y","1977",1564
"NLD","DE","A","P1Y","1978",1533
"NLD","DE","A","P1Y","1979",1512
"NLD","DE","A","P1Y","1980",1515
"NLD","DE","A","P1Y","1981",1519
"NLD","DE","A","P1Y","1982",1505
"NLD","DE","A","P1Y","1983",1491
"NLD","DE","A","P1Y","1984",1481
"NLD","DE","A","P1Y","1985",1463
"NLD","DE","A","P1Y","1986",1454
"NLD","DE","A","P1Y","1987",1438
"NLD","DE","A","P1Y","1988",1441
"NLD","DE","A","P1Y","1989",1439
"NLD","DE","A","P1Y","1990",1434
"NLD","DE","A","P1Y","1991",1418
"NLD","DE","A","P1Y","1992",1421
"NLD","DE","A","P1Y","1993",1403
"NLD","DE","A","P1Y","1994",1407
"NLD","DE","A","P1Y","1995",1424
"NLD","DE","A","P1Y","1996",1431
"NLD","DE","A","P1Y","1997",1420
"NLD","DE","A","P1Y","1998",1416
"NLD","DE","A","P1Y","1999",1411
"NLD","DE","A","P1Y","2000",1394
"NLD","DE","A","P1Y","2001",1390
"NLD","DE","A","P1Y","2002",1378
"NLD","DE","A","P1Y","2003",1372
"NLD","DE","A","P1Y","2004",1390
"NLD","DE","A","P1Y","2005",1371
"NLD","DE","A","P1Y","2006",1363
"NLD","DE","A","P1Y","2007",1359
"NLD","DE","A","P1Y","2008",1363
"NLD","DE","A","P1Y","2009",1354
"NLD","DE","A","P1Y","2010",1350
"NLD","DE","A","P1Y","2011",1351
"NLD","DE","A","P1Y","2012",1341
"NLD","DE","A","P1Y","2013",1347
"NLD","DE","A","P1Y","2014",1349
"NLD","DE","A","P1Y","2015",1347
"NLD","TE","A","P1Y","1970",1806
"NLD","TE","A","P1Y","1971",1774
"NLD","TE","A","P1Y","1972",1772
"NLD","TE","A","P1Y","1973",1746
"NLD","TE","A","P1Y","1974",1693
"NLD","TE","A","P1Y","1975",1641
"NLD","TE","A","P1Y","1976",1625
"NLD","TE","A","P1Y","1977",1605
"NLD","TE","A","P1Y","1978",1577
"NLD","TE","A","P1Y","1979",1556
"NLD","TE","A","P1Y","1980",1553
"NLD","TE","A","P1Y","1981",1553
"NLD","TE","A","P1Y","1982",1539
"NLD","TE","A","P1Y","1983",1524
"NLD","TE","A","P1Y","1984",1516
"NLD","TE","A","P1Y","1985",1499
"NLD","TE","A","P1Y","1986",1485
"NLD","TE","A","P1Y","1987",1464
"NLD","TE","A","P1Y","1988",1461
"NLD","TE","A","P1Y","1989",1456
"NLD","TE","A","P1Y","1990",1451
"NLD","TE","A","P1Y","1991",1442
"NLD","TE","A","P1Y","1992",1448
"NLD","TE","A","P1Y","1993",1438
"NLD","TE","A","P1Y","1994",1445
"NLD","TE","A","P1Y","1995",1479
"NLD","TE","A","P1Y","1996",1494
"NLD","TE","A","P1Y","1997",1480
"NLD","TE","A","P1Y","1998",1477
"NLD","TE","A","P1Y","1999",1476
"NLD","TE","A","P1Y","2000",1462
"NLD","TE","A","P1Y","2001",1452
"NLD","TE","A","P1Y","2002",1435
"NLD","TE","A","P1Y","2003",1427
"NLD","TE","A","P1Y","2004",1448
"NLD","TE","A","P1Y","2005",1434
"NLD","TE","A","P1Y","2006",1430
"NLD","TE","A","P1Y","2007",1430
"NLD","TE","A","P1Y","2008",1430
"NLD","TE","A","P1Y","2009",1422
"NLD","TE","A","P1Y","2010",1421
"NLD","TE","A","P1Y","2011",1422
"NLD","TE","A","P1Y","2012",1413
"NLD","TE","A","P1Y","2013",1415
"NLD","TE","A","P1Y","2014",1420
"NLD","TE","A","P1Y","2015",1419
"NZL","DE","A","P1Y","1990",1734
"NZL","DE","A","P1Y","1991",1722
"NZL","DE","A","P1Y","1992",1726
"NZL","DE","A","P1Y","1993",1775
"NZL","DE","A","P1Y","1994",1770
"NZL","DE","A","P1Y","1995",1766
"NZL","DE","A","P1Y","1996",1764
"NZL","DE","A","P1Y","1997",1766
"NZL","DE","A","P1Y","1998",1767
"NZL","DE","A","P1Y","1999",1781
"NZL","DE","A","P1Y","2000",1777
"NZL","DE","A","P1Y","2001",1770
"NZL","DE","A","P1Y","2002",1769
"NZL","DE","A","P1Y","2003",1771
"NZL","DE","A","P1Y","2004",1796
"NZL","DE","A","P1Y","2005",1785
"NZL","DE","A","P1Y","2006",1767
"NZL","DE","A","P1Y","2007",1754
"NZL","DE","A","P1Y","2008",1739
"NZL","DE","A","P1Y","2009",1721
"NZL","DE","A","P1Y","2010",1741
"NZL","DE","A","P1Y","2011",1735
"NZL","DE","A","P1Y","2012",1723
"NZL","DE","A","P1Y","2013",1747
"NZL","DE","A","P1Y","2014",1760
"NZL","DE","A","P1Y","2015",1754
"NZL","TE","A","P1Y","1986",1834
"NZL","TE","A","P1Y","1987",1838
"NZL","TE","A","P1Y","1988",1829
"NZL","TE","A","P1Y","1989",1820
"NZL","TE","A","P1Y","1990",1809
"NZL","TE","A","P1Y","1991",1792
"NZL","TE","A","P1Y","1992",1799
"NZL","TE","A","P1Y","1993",1853
"NZL","TE","A","P1Y","1994",1848
"NZL","TE","A","P1Y","1995",1841
"NZL","TE","A","P1Y","1996",1834
"NZL","TE","A","P1Y","1997",1826
"NZL","TE","A","P1Y","1998",1829
"NZL","TE","A","P1Y","1999",1845
"NZL","TE","A","P1Y","2000",1836
"NZL","TE","A","P1Y","2001",1825
"NZL","TE","A","P1Y","2002",1826
"NZL","TE","A","P1Y","2003",1823
"NZL","TE","A","P1Y","2004",1830
"NZL","TE","A","P1Y","2005",1815
"NZL","TE","A","P1Y","2006",1795
"NZL","TE","A","P1Y","2007",1774
"NZL","TE","A","P1Y","2008",1761
"NZL","TE","A","P1Y","2009",1740
"NZL","TE","A","P1Y","2010",1755
"NZL","TE","A","P1Y","2011",1746
"NZL","TE","A","P1Y","2012",1734
"NZL","TE","A","P1Y","2013",1752
"NZL","TE","A","P1Y","2014",1762
"NZL","TE","A","P1Y","2015",1757
"NOR","TE","A","P1Y","1962",1995
"NOR","TE","A","P1Y","1963",1986
"NOR","TE","A","P1Y","1964",1996
"NOR","TE","A","P1Y","1965",1951
"NOR","TE","A","P1Y","1966",1952
"NOR","TE","A","P1Y","1967",1936
"NOR","TE","A","P1Y","1968",1897
"NOR","TE","A","P1Y","1969",1849
"NOR","TE","A","P1Y","1970",1835
"NOR","TE","A","P1Y","1971",1813
"NOR","TE","A","P1Y","1972",1780
"NOR","TE","A","P1Y","1973",1766
"NOR","TE","A","P1Y","1974",1745
"NOR","TE","A","P1Y","1975",1728
"NOR","TE","A","P1Y","1976",1674
"NOR","TE","A","P1Y","1977",1638
"NOR","TE","A","P1Y","1978",1602
"NOR","TE","A","P1Y","1979",1580
"NOR","TE","A","P1Y","1980",1580
"NOR","TE","A","P1Y","1981",1570
"NOR","TE","A","P1Y","1982",1559
"NOR","TE","A","P1Y","1983",1553
"NOR","TE","A","P1Y","1984",1548
"NOR","TE","A","P1Y","1985",1542
"NOR","TE","A","P1Y","1986",1538
"NOR","TE","A","P1Y","1987",1511
"NOR","TE","A","P1Y","1988",1513
"NOR","TE","A","P1Y","1989",1511
"NOR","TE","A","P1Y","1990",1503
"NOR","TE","A","P1Y","1991",1500
"NOR","TE","A","P1Y","1992",1510
"NOR","TE","A","P1Y","1993",1507
"NOR","TE","A","P1Y","1994",1505
"NOR","TE","A","P1Y","1995",1488
"NOR","TE","A","P1Y","1996",1483
"NOR","TE","A","P1Y","1997",1478
"NOR","TE","A","P1Y","1998",1476
"NOR","TE","A","P1Y","1999",1473
"NOR","TE","A","P1Y","2000",1455
"NOR","TE","A","P1Y","2001",1429
"NOR","TE","A","P1Y","2002",1414
"NOR","TE","A","P1Y","2003",1400.7
"NOR","TE","A","P1Y","2004",1420.5
"NOR","TE","A","P1Y","2005",1422.8
"NOR","TE","A","P1Y","2006",1419.8
"NOR","TE","A","P1Y","2007",1426
"NOR","TE","A","P1Y","2008",1429.5
"NOR","TE","A","P1Y","2009",1406.8
"NOR","TE","A","P1Y","2010",1415.3
"NOR","TE","A","P1Y","2011",1421.1
"NOR","TE","A","P1Y","2012",1419.7
"NOR","TE","A","P1Y","2013",1408.1
"NOR","TE","A","P1Y","2014",1426.9
"NOR","TE","A","P1Y","2015",1423.9
"POL","DE","A","P1Y","2000",1963
"POL","DE","A","P1Y","2001",1957
"POL","DE","A","P1Y","2002",1958
"POL","DE","A","P1Y","2003",1956
"POL","DE","A","P1Y","2004",1957
"POL","DE","A","P1Y","2005",1970
"POL","DE","A","P1Y","2006",1958
"POL","DE","A","P1Y","2007",1953
"POL","DE","A","P1Y","2008",1940
"POL","DE","A","P1Y","2009",1914
"POL","DE","A","P1Y","2010",1912
"POL","DE","A","P1Y","2011",1911
"POL","DE","A","P1Y","2012",1893
"POL","DE","A","P1Y","2013",1879
"POL","DE","A","P1Y","2014",1885
"POL","DE","A","P1Y","2015",1923
"POL","TE","A","P1Y","2000",1988
"POL","TE","A","P1Y","2001",1974
"POL","TE","A","P1Y","2002",1979
"POL","TE","A","P1Y","2003",1984
"POL","TE","A","P1Y","2004",1983
"POL","TE","A","P1Y","2005",1994
"POL","TE","A","P1Y","2006",1985
"POL","TE","A","P1Y","2007",1976
"POL","TE","A","P1Y","2008",1969
"POL","TE","A","P1Y","2009",1948
"POL","TE","A","P1Y","2010",1940
"POL","TE","A","P1Y","2011",1938
"POL","TE","A","P1Y","2012",1929
"POL","TE","A","P1Y","2013",1918
"POL","TE","A","P1Y","2014",1923
"POL","TE","A","P1Y","2015",1963
"PRT","DE","A","P1Y","1986",1794
"PRT","DE","A","P1Y","1987",1797
"PRT","DE","A","P1Y","1988",1812
"PRT","DE","A","P1Y","1989",1831
"PRT","DE","A","P1Y","1990",1830
"PRT","DE","A","P1Y","1991",1795
"PRT","DE","A","P1Y","1992",1726
"PRT","DE","A","P1Y","1993",1733
"PRT","DE","A","P1Y","1994",1751
"PRT","DE","A","P1Y","1995",1778
"PRT","DE","A","P1Y","1996",1755
"PRT","DE","A","P1Y","1997",1742
"PRT","DE","A","P1Y","1998",1743
"PRT","DE","A","P1Y","1999",1763
"PRT","DE","A","P1Y","2000",1729
"PRT","DE","A","P1Y","2001",1742
"PRT","DE","A","P1Y","2002",1745
"PRT","DE","A","P1Y","2003",1735
"PRT","DE","A","P1Y","2004",1748
"PRT","DE","A","P1Y","2005",1737
"PRT","DE","A","P1Y","2006",1749
"PRT","DE","A","P1Y","2007",1731
"PRT","DE","A","P1Y","2008",1743
"PRT","DE","A","P1Y","2009",1718
"PRT","DE","A","P1Y","2010",1714
"PRT","DE","A","P1Y","2011",1701
"PRT","DE","A","P1Y","2012",1685
"PRT","DE","A","P1Y","2013",1693
"PRT","DE","A","P1Y","2014",1719
"PRT","DE","A","P1Y","2015",1683
"PRT","TE","A","P1Y","1970",2130
"PRT","TE","A","P1Y","1971",2116
"PRT","TE","A","P1Y","1972",2103
"PRT","TE","A","P1Y","1973",2090
"PRT","TE","A","P1Y","1974",2077
"PRT","TE","A","P1Y","1975",2065
"PRT","TE","A","P1Y","1976",2053
"PRT","TE","A","P1Y","1977",2041
"PRT","TE","A","P1Y","1978",2029
"PRT","TE","A","P1Y","1979",2017
"PRT","TE","A","P1Y","1980",2006
"PRT","TE","A","P1Y","1981",1994
"PRT","TE","A","P1Y","1982",1982
"PRT","TE","A","P1Y","1983",1971
"PRT","TE","A","P1Y","1984",1959
"PRT","TE","A","P1Y","1985",1948
"PRT","TE","A","P1Y","1986",1936
"PRT","TE","A","P1Y","1987",1952
"PRT","TE","A","P1Y","1988",1951
"PRT","TE","A","P1Y","1989",1972
"PRT","TE","A","P1Y","1990",1959
"PRT","TE","A","P1Y","1991",1887
"PRT","TE","A","P1Y","1992",1825
"PRT","TE","A","P1Y","1993",1827
"PRT","TE","A","P1Y","1994",1835
"PRT","TE","A","P1Y","1995",1893
"PRT","TE","A","P1Y","1996",1894
"PRT","TE","A","P1Y","1997",1890
"PRT","TE","A","P1Y","1998",1905
"PRT","TE","A","P1Y","1999",1907
"PRT","TE","A","P1Y","2000",1917
"PRT","TE","A","P1Y","2001",1900
"PRT","TE","A","P1Y","2002",1894
"PRT","TE","A","P1Y","2003",1887
"PRT","TE","A","P1Y","2004",1893
"PRT","TE","A","P1Y","2005",1895
"PRT","TE","A","P1Y","2006",1883
"PRT","TE","A","P1Y","2007",1900
"PRT","TE","A","P1Y","2008",1887
"PRT","TE","A","P1Y","2009",1887
"PRT","TE","A","P1Y","2010",1890
"PRT","TE","A","P1Y","2011",1867
"PRT","TE","A","P1Y","2012",1849
"PRT","TE","A","P1Y","2013",1859
"PRT","TE","A","P1Y","2014",1865
"PRT","TE","A","P1Y","2015",1868
"SVK","DE","A","P1Y","1998",1716
"SVK","DE","A","P1Y","1999",1707
"SVK","DE","A","P1Y","2000",1768
"SVK","DE","A","P1Y","2001",1780
"SVK","DE","A","P1Y","2002",1760
"SVK","DE","A","P1Y","2003",1731
"SVK","DE","A","P1Y","2004",1728
"SVK","DE","A","P1Y","2005",1756
"SVK","DE","A","P1Y","2006",1774
"SVK","DE","A","P1Y","2007",1774
"SVK","DE","A","P1Y","2008",1774
"SVK","DE","A","P1Y","2009",1727
"SVK","DE","A","P1Y","2010",1729
"SVK","DE","A","P1Y","2011",1734
"SVK","DE","A","P1Y","2012",1742
"SVK","DE","A","P1Y","2013",1736
"SVK","DE","A","P1Y","2014",1729
"SVK","DE","A","P1Y","2015",1704
"SVK","TE","A","P1Y","1995",1853
"SVK","TE","A","P1Y","1996",1820
"SVK","TE","A","P1Y","1997",1830
"SVK","TE","A","P1Y","1998",1822
"SVK","TE","A","P1Y","1999",1816
"SVK","TE","A","P1Y","2000",1816
"SVK","TE","A","P1Y","2001",1801
"SVK","TE","A","P1Y","2002",1754
"SVK","TE","A","P1Y","2003",1698
"SVK","TE","A","P1Y","2004",1742
"SVK","TE","A","P1Y","2005",1769
"SVK","TE","A","P1Y","2006",1774
"SVK","TE","A","P1Y","2007",1791
"SVK","TE","A","P1Y","2008",1793
"SVK","TE","A","P1Y","2009",1780
"SVK","TE","A","P1Y","2010",1805
"SVK","TE","A","P1Y","2011",1793
"SVK","TE","A","P1Y","2012",1789
"SVK","TE","A","P1Y","2013",1772
"SVK","TE","A","P1Y","2014",1760
"SVK","TE","A","P1Y","2015",1754
"ESP","DE","A","P1Y","1977",1948.4
"ESP","DE","A","P1Y","1978",1918
"ESP","DE","A","P1Y","1979",1863.5
"ESP","DE","A","P1Y","1980",1845.3
"ESP","DE","A","P1Y","1981",1818
"ESP","DE","A","P1Y","1982",1798.8
"ESP","DE","A","P1Y","1983",1768.5
"ESP","DE","A","P1Y","1984",1723
"ESP","DE","A","P1Y","1985",1717.9
"ESP","DE","A","P1Y","1986",1711.9
"ESP","DE","A","P1Y","1987",1706.8
"ESP","DE","A","P1Y","1988",1704.8
"ESP","DE","A","P1Y","1989",1697.7
"ESP","DE","A","P1Y","1990",1695.7
"ESP","DE","A","P1Y","1991",1702.8
"ESP","DE","A","P1Y","1992",1695.7
"ESP","DE","A","P1Y","1993",1683.6
"ESP","DE","A","P1Y","1994",1682.6
"ESP","DE","A","P1Y","1995",1685.6
"ESP","DE","A","P1Y","1996",1692.7
"ESP","DE","A","P1Y","1997",1696.7
"ESP","DE","A","P1Y","1998",1699.8
"ESP","DE","A","P1Y","1999",1703.8
"ESP","DE","A","P1Y","2000",1704.8
"ESP","DE","A","P1Y","2001",1716.3
"ESP","DE","A","P1Y","2002",1722.8
"ESP","DE","A","P1Y","2003",1714.2
"ESP","DE","A","P1Y","2004",1700.3
"ESP","DE","A","P1Y","2005",1685.8
"ESP","DE","A","P1Y","2006",1675
"ESP","DE","A","P1Y","2007",1662.1
"ESP","DE","A","P1Y","2008",1668.3
"ESP","DE","A","P1Y","2009",1675.9
"ESP","DE","A","P1Y","2010",1666.9
"ESP","DE","A","P1Y","2011",1670.1
"ESP","DE","A","P1Y","2012",1653.3
"ESP","DE","A","P1Y","2013",1644.7
"ESP","DE","A","P1Y","2014",1647.8
"ESP","DE","A","P1Y","2015",1642.7
"ESP","TE","A","P1Y","1977",2036.3
"ESP","TE","A","P1Y","1978",2004.9
"ESP","TE","A","P1Y","1979",1954.3
"ESP","TE","A","P1Y","1980",1936
"ESP","TE","A","P1Y","1981",1901.64
"ESP","TE","A","P1Y","1982",1880.3
"ESP","TE","A","P1Y","1983",1847.9
"ESP","TE","A","P1Y","1984",1803.4
"ESP","TE","A","P1Y","1985",1793.3
"ESP","TE","A","P1Y","1986",1785.2
"ESP","TE","A","P1Y","1987",1777.1
"ESP","TE","A","P1Y","1988",1773
"ESP","TE","A","P1Y","1989",1760.9
"ESP","TE","A","P1Y","1990",1762.9
"ESP","TE","A","P1Y","1991",1772
"ESP","TE","A","P1Y","1992",1763.9
"ESP","TE","A","P1Y","1993",1755.8
"ESP","TE","A","P1Y","1994",1754.8
"ESP","TE","A","P1Y","1995",1754.8
"ESP","TE","A","P1Y","1996",1749.7
"ESP","TE","A","P1Y","1997",1749.7
"ESP","TE","A","P1Y","1998",1753.8
"ESP","TE","A","P1Y","1999",1753.8
"ESP","TE","A","P1Y","2000",1752.8
"ESP","TE","A","P1Y","2001",1762.5
"ESP","TE","A","P1Y","2002",1764.6
"ESP","TE","A","P1Y","2003",1755.9
"ESP","TE","A","P1Y","2004",1741.5
"ESP","TE","A","P1Y","2005",1725.6
"ESP","TE","A","P1Y","2006",1715.7
"ESP","TE","A","P1Y","2007",1703.5
"ESP","TE","A","P1Y","2008",1712.6
"ESP","TE","A","P1Y","2009",1719.7
"ESP","TE","A","P1Y","2010",1710.4
"ESP","TE","A","P1Y","2011",1715.5
"ESP","TE","A","P1Y","2012",1699.9
"ESP","TE","A","P1Y","2013",1695.6
"ESP","TE","A","P1Y","2014",1698
"ESP","TE","A","P1Y","2015",1691.3
"SWE","TE","A","P1Y","1950",2016
"SWE","TE","A","P1Y","1951",2007
"SWE","TE","A","P1Y","1952",2007
"SWE","TE","A","P1Y","1953",1987
"SWE","TE","A","P1Y","1954",1998
"SWE","TE","A","P1Y","1955",1987
"SWE","TE","A","P1Y","1956",1962
"SWE","TE","A","P1Y","1957",1962
"SWE","TE","A","P1Y","1958",1930
"SWE","TE","A","P1Y","1959",1904
"SWE","TE","A","P1Y","1960",1899
"SWE","TE","A","P1Y","1961",1901
"SWE","TE","A","P1Y","1962",1889
"SWE","TE","A","P1Y","1963",1883
"SWE","TE","A","P1Y","1964",1852
"SWE","TE","A","P1Y","1965",1841
"SWE","TE","A","P1Y","1966",1827
"SWE","TE","A","P1Y","1967",1796
"SWE","TE","A","P1Y","1968",1753
"SWE","TE","A","P1Y","1969",1730
"SWE","TE","A","P1Y","1970",1730
"SWE","TE","A","P1Y","1971",1698
"SWE","TE","A","P1Y","1972",1658
"SWE","TE","A","P1Y","1973",1642
"SWE","TE","A","P1Y","1974",1623
"SWE","TE","A","P1Y","1975",1599
"SWE","TE","A","P1Y","1976",1608
"SWE","TE","A","P1Y","1977",1581
"SWE","TE","A","P1Y","1978",1541
"SWE","TE","A","P1Y","1979",1530
"SWE","TE","A","P1Y","1980",1531
"SWE","TE","A","P1Y","1981",1522
"SWE","TE","A","P1Y","1982",1537
"SWE","TE","A","P1Y","1983",1546
"SWE","TE","A","P1Y","1984",1548
"SWE","TE","A","P1Y","1985",1552
"SWE","TE","A","P1Y","1986",1550
"SWE","TE","A","P1Y","1987",1561
"SWE","TE","A","P1Y","1988",1580
"SWE","TE","A","P1Y","1989",1579
"SWE","TE","A","P1Y","1990",1575
"SWE","TE","A","P1Y","1991",1562
"SWE","TE","A","P1Y","1992",1580
"SWE","TE","A","P1Y","1993",1597
"SWE","TE","A","P1Y","1994",1635
"SWE","TE","A","P1Y","1995",1640
"SWE","TE","A","P1Y","1996",1653
"SWE","TE","A","P1Y","1997",1658
"SWE","TE","A","P1Y","1998",1656
"SWE","TE","A","P1Y","1999",1665
"SWE","TE","A","P1Y","2000",1642
"SWE","TE","A","P1Y","2001",1618
"SWE","TE","A","P1Y","2002",1595
"SWE","TE","A","P1Y","2003",1582
"SWE","TE","A","P1Y","2004",1605
"SWE","TE","A","P1Y","2005",1605
"SWE","TE","A","P1Y","2006",1599
"SWE","TE","A","P1Y","2007",1612
"SWE","TE","A","P1Y","2008",1617
"SWE","TE","A","P1Y","2009",1609
"SWE","TE","A","P1Y","2010",1635
"SWE","TE","A","P1Y","2011",1632
"SWE","TE","A","P1Y","2012",1618
"SWE","TE","A","P1Y","2013",1609
"SWE","TE","A","P1Y","2014",1611
"SWE","TE","A","P1Y","2015",1612
"CHE","TE","A","P1Y","1991",1673.1
"CHE","TE","A","P1Y","1992",1684.8
"CHE","TE","A","P1Y","1993",1685.8
"CHE","TE","A","P1Y","1994",1706.2
"CHE","TE","A","P1Y","1995",1685.5
"CHE","TE","A","P1Y","1996",1658.9
"CHE","TE","A","P1Y","1997",1648.6
"CHE","TE","A","P1Y","1998",1656.6
"CHE","TE","A","P1Y","1999",1678.4
"CHE","TE","A","P1Y","2000",1673.6
"CHE","TE","A","P1Y","2001",1635
"CHE","TE","A","P1Y","2002",1614
"CHE","TE","A","P1Y","2003",1626.8
"CHE","TE","A","P1Y","2004",1656.5
"CHE","TE","A","P1Y","2005",1651.7
"CHE","TE","A","P1Y","2006",1643.2
"CHE","TE","A","P1Y","2007",1632.7
"CHE","TE","A","P1Y","2008",1623.1
"CHE","TE","A","P1Y","2009",1614.9
"CHE","TE","A","P1Y","2010",1612.4
"CHE","TE","A","P1Y","2011",1605.4
"CHE","TE","A","P1Y","2012",1590.9
"CHE","TE","A","P1Y","2013",1572.9
"CHE","TE","A","P1Y","2014",1568.3
"CHE","TE","A","P1Y","2015",1589.7
"TUR","TE","A","P1Y","1970",2086
"TUR","TE","A","P1Y","1971",2077
"TUR","TE","A","P1Y","1972",2069
"TUR","TE","A","P1Y","1973",2060
"TUR","TE","A","P1Y","1974",2044
"TUR","TE","A","P1Y","1975",2028
"TUR","TE","A","P1Y","1976",2012
"TUR","TE","A","P1Y","1977",1996
"TUR","TE","A","P1Y","1978",1980
"TUR","TE","A","P1Y","1979",1964
"TUR","TE","A","P1Y","1980",1957
"TUR","TE","A","P1Y","1981",1950
"TUR","TE","A","P1Y","1982",1943
"TUR","TE","A","P1Y","1983",1935
"TUR","TE","A","P1Y","1984",1871
"TUR","TE","A","P1Y","1985",1898
"TUR","TE","A","P1Y","1986",1883
"TUR","TE","A","P1Y","1987",1844
"TUR","TE","A","P1Y","1988",1837
"TUR","TE","A","P1Y","1989",1867
"TUR","TE","A","P1Y","1990",1866
"TUR","TE","A","P1Y","1991",1870
"TUR","TE","A","P1Y","1992",1897
"TUR","TE","A","P1Y","1993",1917
"TUR","TE","A","P1Y","1994",1886
"TUR","TE","A","P1Y","1995",1876
"TUR","TE","A","P1Y","1996",1892
"TUR","TE","A","P1Y","1997",1878
"TUR","TE","A","P1Y","1998",1884
"TUR","TE","A","P1Y","1999",1925
"TUR","TE","A","P1Y","2000",1937
"TUR","TE","A","P1Y","2001",1942
"TUR","TE","A","P1Y","2002",1943
"TUR","TE","A","P1Y","2003",1943
"TUR","TE","A","P1Y","2004",1918
"TUR","TE","A","P1Y","2005",1936
"TUR","TE","A","P1Y","2006",1944
"TUR","TE","A","P1Y","2007",1911
"TUR","TE","A","P1Y","2008",1900
"TUR","TE","A","P1Y","2009",1881
"TUR","TE","A","P1Y","2010",1877
"TUR","TE","A","P1Y","2011",1864.22
"TUR","TE","A","P1Y","2012",1855.06
"TUR","TE","A","P1Y","2013",1832
"TUR","TE","A","P1Y","2014",1832
"GBR","DE","A","P1Y","1970",1866
"GBR","DE","A","P1Y","1971",1830
"GBR","DE","A","P1Y","1972",1797
"GBR","DE","A","P1Y","1973",1851
"GBR","DE","A","P1Y","1974",1813
"GBR","DE","A","P1Y","1975",1809
"GBR","DE","A","P1Y","1976",1793
"GBR","DE","A","P1Y","1977",1774
"GBR","DE","A","P1Y","1978",1754
"GBR","DE","A","P1Y","1979",1747
"GBR","DE","A","P1Y","1980",1703
"GBR","DE","A","P1Y","1981",1648
"GBR","DE","A","P1Y","1982",1662
"GBR","DE","A","P1Y","1983",1649
"GBR","DE","A","P1Y","1984",1664
"GBR","DE","A","P1Y","1985",1702
"GBR","DE","A","P1Y","1986",1702
"GBR","DE","A","P1Y","1987",1686
"GBR","DE","A","P1Y","1988",1730
"GBR","DE","A","P1Y","1989",1715
"GBR","DE","A","P1Y","1990",1700
"GBR","DE","A","P1Y","1991",1695
"GBR","DE","A","P1Y","1992",1681
"GBR","DE","A","P1Y","1993",1676
"GBR","DE","A","P1Y","1994",1690
"GBR","DE","A","P1Y","1995",1695
"GBR","DE","A","P1Y","1996",1696
"GBR","DE","A","P1Y","1997",1698
"GBR","DE","A","P1Y","1998",1700
"GBR","DE","A","P1Y","1999",1691
"GBR","DE","A","P1Y","2000",1680
"GBR","DE","A","P1Y","2001",1683
"GBR","DE","A","P1Y","2002",1668
"GBR","DE","A","P1Y","2003",1648
"GBR","DE","A","P1Y","2004",1642
"GBR","DE","A","P1Y","2005",1650
"GBR","DE","A","P1Y","2006",1644
"GBR","DE","A","P1Y","2007",1658
"GBR","DE","A","P1Y","2008",1642
"GBR","DE","A","P1Y","2009",1638
"GBR","DE","A","P1Y","2010",1632
"GBR","DE","A","P1Y","2011",1621
"GBR","DE","A","P1Y","2012",1638
"GBR","DE","A","P1Y","2013",1656
"GBR","DE","A","P1Y","2014",1667
"GBR","DE","A","P1Y","2015",1663
"GBR","TE","A","P1Y","1970",1937
"GBR","TE","A","P1Y","1971",1899
"GBR","TE","A","P1Y","1972",1865
"GBR","TE","A","P1Y","1973",1921
"GBR","TE","A","P1Y","1974",1882
"GBR","TE","A","P1Y","1975",1877
"GBR","TE","A","P1Y","1976",1860
"GBR","TE","A","P1Y","1977",1841
"GBR","TE","A","P1Y","1978",1821
"GBR","TE","A","P1Y","1979",1813
"GBR","TE","A","P1Y","1980",1767
"GBR","TE","A","P1Y","1981",1710
"GBR","TE","A","P1Y","1982",1725
"GBR","TE","A","P1Y","1983",1711
"GBR","TE","A","P1Y","1984",1727
"GBR","TE","A","P1Y","1985",1760
"GBR","TE","A","P1Y","1986",1763
"GBR","TE","A","P1Y","1987",1752
"GBR","TE","A","P1Y","1988",1792
"GBR","TE","A","P1Y","1989",1780
"GBR","TE","A","P1Y","1990",1765
"GBR","TE","A","P1Y","1991",1762
"GBR","TE","A","P1Y","1992",1727
"GBR","TE","A","P1Y","1993",1721
"GBR","TE","A","P1Y","1994",1731
"GBR","TE","A","P1Y","1995",1731
"GBR","TE","A","P1Y","1996",1731
"GBR","TE","A","P1Y","1997",1731
"GBR","TE","A","P1Y","1998",1726
"GBR","TE","A","P1Y","1999",1716
"GBR","TE","A","P1Y","2000",1700
"GBR","TE","A","P1Y","2001",1705
"GBR","TE","A","P1Y","2002",1684
"GBR","TE","A","P1Y","2003",1674
"GBR","TE","A","P1Y","2004",1674
"GBR","TE","A","P1Y","2005",1673
"GBR","TE","A","P1Y","2006",1669
"GBR","TE","A","P1Y","2007",1677
"GBR","TE","A","P1Y","2008",1659
"GBR","TE","A","P1Y","2009",1651
"GBR","TE","A","P1Y","2010",1650
"GBR","TE","A","P1Y","2011",1634
"GBR","TE","A","P1Y","2012",1654
"GBR","TE","A","P1Y","2013",1666
"GBR","TE","A","P1Y","2014",1677
"GBR","TE","A","P1Y","2015",1674
"FTFR","DE","A","P1Y","1960",2076
"FTFR","DE","A","P1Y","1961",2044
"FTFR","DE","A","P1Y","1962",2003
"FTFR","DE","A","P1Y","1963",1971
"FTFR","DE","A","P1Y","1964",1984
"FTFR","DE","A","P1Y","1965",1969
"FTFR","DE","A","P1Y","1966",1946
"FTFR","DE","A","P1Y","1967",1907
"FTFR","DE","A","P1Y","1968",1907
"FTFR","DE","A","P1Y","1969",1893
"FTFR","DE","A","P1Y","1970",1876
"FTFR","DE","A","P1Y","1971",1845
"FTFR","DE","A","P1Y","1972",1824
"FTFR","DE","A","P1Y","1973",1800
"FTFR","DE","A","P1Y","1974",1759
"FTFR","DE","A","P1Y","1975",1717
"FTFR","DE","A","P1Y","1976",1736
"FTFR","DE","A","P1Y","1977",1719
"FTFR","DE","A","P1Y","1978",1701
"FTFR","DE","A","P1Y","1979",1689
"FTFR","DE","A","P1Y","1980",1671
"FTFR","DE","A","P1Y","1981",1647
"FTFR","DE","A","P1Y","1982",1635
"FTFR","DE","A","P1Y","1983",1621
"FTFR","DE","A","P1Y","1984",1607
"FTFR","DE","A","P1Y","1985",1581
"FTFR","DE","A","P1Y","1986",1563
"FTFR","DE","A","P1Y","1987",1543
"FTFR","DE","A","P1Y","1988",1537
"FTFR","DE","A","P1Y","1989",1513
"FTFR","DE","A","P1Y","1990",1490
"FTFR","DE","A","P1Y","1991",1460
"FTFR","DE","A","P1Y","1992",1447
"FTFR","DE","A","P1Y","1993",1420
"FTFR","DE","A","P1Y","1994",1419
"FTFR","DE","A","P1Y","1995",1403
"FTFR","DE","A","P1Y","1996",1387
"FTFR","DE","A","P1Y","1997",1380
"FTFR","DE","A","P1Y","1998",1375
"FTFR","DE","A","P1Y","1999",1366
"FTFR","DE","A","P1Y","2000",1349
"FTFR","DE","A","P1Y","2001",1337
"FTFR","DE","A","P1Y","2002",1331
"FTFR","DE","A","P1Y","2003",1326
"FTFR","DE","A","P1Y","2004",1326
"FTFR","DE","A","P1Y","2005",1321
"FTFR","DE","A","P1Y","2006",1319
"FTFR","DE","A","P1Y","2007",1321
"FTFR","DE","A","P1Y","2008",1323
"FTFR","DE","A","P1Y","2009",1278
"FTFR","DE","A","P1Y","2010",1307
"FTFR","DE","A","P1Y","2011",1315
"FTFR","TE","A","P1Y","1976",1819
"FTFR","TE","A","P1Y","1977",1801
"FTFR","TE","A","P1Y","1978",1782
"FTFR","TE","A","P1Y","1979",1770
"FTFR","TE","A","P1Y","1980",1751
"FTFR","TE","A","P1Y","1981",1729
"FTFR","TE","A","P1Y","1982",1718
"FTFR","TE","A","P1Y","1983",1705
"FTFR","TE","A","P1Y","1984",1694
"FTFR","TE","A","P1Y","1985",1671
"FTFR","TE","A","P1Y","1986",1652
"FTFR","TE","A","P1Y","1987",1629
"FTFR","TE","A","P1Y","1988",1624
"FTFR","TE","A","P1Y","1989",1601
"FTFR","TE","A","P1Y","1990",1578
"FTFR","TE","A","P1Y","1991",1549
"FTFR","TE","A","P1Y","1992",1537
"FTFR","TE","A","P1Y","1993",1515
"FTFR","TE","A","P1Y","1994",1516
"FTFR","TE","A","P1Y","1995",1503
"FTFR","TE","A","P1Y","1996",1487
"FTFR","TE","A","P1Y","1997",1482
"FTFR","TE","A","P1Y","1998",1478
"FTFR","TE","A","P1Y","1999",1470
"FTFR","TE","A","P1Y","2000",1450
"FTFR","TE","A","P1Y","2001",1434
"FTFR","TE","A","P1Y","2002",1424
"FTFR","TE","A","P1Y","2003",1419
"FTFR","TE","A","P1Y","2004",1419
"FTFR","TE","A","P1Y","2005",1413
"FTFR","TE","A","P1Y","2006",1406
"FTFR","TE","A","P1Y","2007",1405
"FTFR","TE","A","P1Y","2008",1407
"FTFR","TE","A","P1Y","2009",1366
"FTFR","TE","A","P1Y","2010",1393
"FTFR","TE","A","P1Y","2011",1399
"USA","DE","A","P1Y","1950",1957
"USA","DE","A","P1Y","1951",1971
"USA","DE","A","P1Y","1952",1975
"USA","DE","A","P1Y","1953",1974
"USA","DE","A","P1Y","1954",1963
"USA","DE","A","P1Y","1955",1987
"USA","DE","A","P1Y","1956",1983
"USA","DE","A","P1Y","1957",1956
"USA","DE","A","P1Y","1958",1930
"USA","DE","A","P1Y","1959",1941
"USA","DE","A","P1Y","1960",1935
"USA","DE","A","P1Y","1961",1926
"USA","DE","A","P1Y","1962",1944
"USA","DE","A","P1Y","1963",1960
"USA","DE","A","P1Y","1964",1964
"USA","DE","A","P1Y","1965",1972
"USA","DE","A","P1Y","1966",1961
"USA","DE","A","P1Y","1967",1938
"USA","DE","A","P1Y","1968",1924
"USA","DE","A","P1Y","1969",1923
"USA","DE","A","P1Y","1970",1895
"USA","DE","A","P1Y","1971",1883
"USA","DE","A","P1Y","1972",1884
"USA","DE","A","P1Y","1973",1886
"USA","DE","A","P1Y","1974",1856
"USA","DE","A","P1Y","1975",1837
"USA","DE","A","P1Y","1976",1838
"USA","DE","A","P1Y","1977",1842
"USA","DE","A","P1Y","1978",1836
"USA","DE","A","P1Y","1979",1828
"USA","DE","A","P1Y","1980",1815
"USA","DE","A","P1Y","1981",1806
"USA","DE","A","P1Y","1982",1808
"USA","DE","A","P1Y","1983",1827
"USA","DE","A","P1Y","1984",1843
"USA","DE","A","P1Y","1985",1837
"USA","DE","A","P1Y","1986",1826
"USA","DE","A","P1Y","1987",1831
"USA","DE","A","P1Y","1988",1835
"USA","DE","A","P1Y","1989",1850
"USA","DE","A","P1Y","1990",1833
"USA","DE","A","P1Y","1991",1822
"USA","DE","A","P1Y","1992",1824
"USA","DE","A","P1Y","1993",1832
"USA","DE","A","P1Y","1994",1839
"USA","DE","A","P1Y","1995",1849
"USA","DE","A","P1Y","1996",1838
"USA","DE","A","P1Y","1997",1850
"USA","DE","A","P1Y","1998",1850
"USA","DE","A","P1Y","1999",1847
"USA","DE","A","P1Y","2000",1836
"USA","DE","A","P1Y","2001",1814
"USA","DE","A","P1Y","2002",1810
"USA","DE","A","P1Y","2003",1800
"USA","DE","A","P1Y","2004",1804
"USA","DE","A","P1Y","2005",1800
"USA","DE","A","P1Y","2006",1801
"USA","DE","A","P1Y","2007",1799
"USA","DE","A","P1Y","2008",1797
"USA","DE","A","P1Y","2009",1775
"USA","DE","A","P1Y","2010",1786
"USA","DE","A","P1Y","2011",1796
"USA","DE","A","P1Y","2012",1796
"USA","DE","A","P1Y","2013",1794
"USA","DE","A","P1Y","2014",1796
"USA","DE","A","P1Y","2015",1795
"USA","TE","A","P1Y","1950",1963
"USA","TE","A","P1Y","1951",1980
"USA","TE","A","P1Y","1952",1981
"USA","TE","A","P1Y","1953",1986
"USA","TE","A","P1Y","1954",1978
"USA","TE","A","P1Y","1955",1998
"USA","TE","A","P1Y","1956",1997
"USA","TE","A","P1Y","1957",1968
"USA","TE","A","P1Y","1958",1943
"USA","TE","A","P1Y","1959",1953
"USA","TE","A","P1Y","1960",1948
"USA","TE","A","P1Y","1961",1937
"USA","TE","A","P1Y","1962",1955
"USA","TE","A","P1Y","1963",1968
"USA","TE","A","P1Y","1964",1970
"USA","TE","A","P1Y","1965",1979
"USA","TE","A","P1Y","1966",1969
"USA","TE","A","P1Y","1967",1945
"USA","TE","A","P1Y","1968",1935
"USA","TE","A","P1Y","1969",1932
"USA","TE","A","P1Y","1970",1902
"USA","TE","A","P1Y","1971",1890
"USA","TE","A","P1Y","1972",1887
"USA","TE","A","P1Y","1973",1888
"USA","TE","A","P1Y","1974",1857
"USA","TE","A","P1Y","1975",1837
"USA","TE","A","P1Y","1976",1838
"USA","TE","A","P1Y","1977",1842
"USA","TE","A","P1Y","1978",1835
"USA","TE","A","P1Y","1979",1829
"USA","TE","A","P1Y","1980",1813
"USA","TE","A","P1Y","1981",1804
"USA","TE","A","P1Y","1982",1801
"USA","TE","A","P1Y","1983",1820
"USA","TE","A","P1Y","1984",1838
"USA","TE","A","P1Y","1985",1836
"USA","TE","A","P1Y","1986",1828
"USA","TE","A","P1Y","1987",1833
"USA","TE","A","P1Y","1988",1837
"USA","TE","A","P1Y","1989",1849
"USA","TE","A","P1Y","1990",1831
"USA","TE","A","P1Y","1991",1818
"USA","TE","A","P1Y","1992",1820
"USA","TE","A","P1Y","1993",1829
"USA","TE","A","P1Y","1994",1837
"USA","TE","A","P1Y","1995",1844
"USA","TE","A","P1Y","1996",1835
"USA","TE","A","P1Y","1997",1846
"USA","TE","A","P1Y","1998",1846
"USA","TE","A","P1Y","1999",1847
"USA","TE","A","P1Y","2000",1836
"USA","TE","A","P1Y","2001",1814
"USA","TE","A","P1Y","2002",1810
"USA","TE","A","P1Y","2003",1800
"USA","TE","A","P1Y","2004",1802
"USA","TE","A","P1Y","2005",1799
"USA","TE","A","P1Y","2006",1800
"USA","TE","A","P1Y","2007",1798
"USA","TE","A","P1Y","2008",1792
"USA","TE","A","P1Y","2009",1767
"USA","TE","A","P1Y","2010",1778
"USA","TE","A","P1Y","2011",1786
"USA","TE","A","P1Y","2012",1789
"USA","TE","A","P1Y","2013",1787
"USA","TE","A","P1Y","2014",1789
"USA","TE","A","P1Y","2015",1790
"OECD","TE","A","P1Y","1970",1982.49792480469
"OECD","TE","A","P1Y","1971",1975.72875976562
"OECD","TE","A","P1Y","1972",1967.28002929688
"OECD","TE","A","P1Y","1973",1966.0947265625
"OECD","TE","A","P1Y","1974",1944.853515625
"OECD","TE","A","P1Y","1975",1934.05017089844
"OECD","TE","A","P1Y","1976",1937.33557128906
"OECD","TE","A","P1Y","1977",1933.27319335938
"OECD","TE","A","P1Y","1978",1925.74401855469
"OECD","TE","A","P1Y","1979",1920.96667480469
"OECD","TE","A","P1Y","1980",1911.75415039062
"OECD","TE","A","P1Y","1981",1902.36120605469
"OECD","TE","A","P1Y","1982",1898.75390625
"OECD","TE","A","P1Y","1983",1900.15283203125
"OECD","TE","A","P1Y","1984",1903.97155761719
"OECD","TE","A","P1Y","1985",1900.49572753906
"OECD","TE","A","P1Y","1986",1899.44384765625
"OECD","TE","A","P1Y","1987",1899.52954101562
"OECD","TE","A","P1Y","1988",1901.31896972656
"OECD","TE","A","P1Y","1989",1896.60522460938
"OECD","TE","A","P1Y","1990",1882.68481445312
"OECD","TE","A","P1Y","1991",1873.263671875
"OECD","TE","A","P1Y","1992",1868.70434570312
"OECD","TE","A","P1Y","1993",1861.53308105469
"OECD","TE","A","P1Y","1994",1866.41528320312
"OECD","TE","A","P1Y","1995",1865.83203125
"OECD","TE","A","P1Y","1996",1865.99816894531
"OECD","TE","A","P1Y","1997",1863.10888671875
"OECD","TE","A","P1Y","1998",1851.48583984375
"OECD","TE","A","P1Y","1999",1846.47509765625
"OECD","TE","A","P1Y","2000",1839.87976074219
"OECD","TE","A","P1Y","2001",1824.14611816406
"OECD","TE","A","P1Y","2002",1814.62927246094
"OECD","TE","A","P1Y","2003",1807.67248535156
"OECD","TE","A","P1Y","2004",1808.85974121094
"OECD","TE","A","P1Y","2005",1802.78173828125
"OECD","TE","A","P1Y","2006",1802.80493164062
"OECD","TE","A","P1Y","2007",1798.77294921875
"OECD","TE","A","P1Y","2008",1790.62585449219
"OECD","TE","A","P1Y","2009",1765.169921875
"OECD","TE","A","P1Y","2010",1772.23791503906
"OECD","TE","A","P1Y","2011",1769.5029296875
"OECD","TE","A","P1Y","2012",1769.69763183594
"OECD","TE","A","P1Y","2013",1761.73986816406
"OECD","TE","A","P1Y","2014",1763.42651367188
"OECD","TE","A","P1Y","2015",1765.69604492188
"ISR","TE","A","P1Y","1995",1995
"ISR","TE","A","P1Y","1996",2017
"ISR","TE","A","P1Y","1997",2027
"ISR","TE","A","P1Y","1998",2003
"ISR","TE","A","P1Y","1999",2003
"ISR","TE","A","P1Y","2000",2017
"ISR","TE","A","P1Y","2001",1979
"ISR","TE","A","P1Y","2002",1993
"ISR","TE","A","P1Y","2003",1974
"ISR","TE","A","P1Y","2004",1942
"ISR","TE","A","P1Y","2005",1931
"ISR","TE","A","P1Y","2006",1919
"ISR","TE","A","P1Y","2007",1931
"ISR","TE","A","P1Y","2008",1929
"ISR","TE","A","P1Y","2009",1927
"ISR","TE","A","P1Y","2010",1918
"ISR","TE","A","P1Y","2011",1920
"ISR","TE","A","P1Y","2012",1910
"ISR","TE","A","P1Y","2013",1867
"ISR","TE","A","P1Y","2014",1853
"ISR","TE","A","P1Y","2015",1858
"CHL","DE","A","P1Y","1996",2334
"CHL","DE","A","P1Y","1997",2301
"CHL","DE","A","P1Y","1998",2337
"CHL","DE","A","P1Y","1999",2331
"CHL","DE","A","P1Y","2000",2318
"CHL","DE","A","P1Y","2001",2307
"CHL","DE","A","P1Y","2002",2309
"CHL","DE","A","P1Y","2003",2304
"CHL","DE","A","P1Y","2004",2317
"CHL","DE","A","P1Y","2005",2227
"CHL","DE","A","P1Y","2006",2217
"CHL","DE","A","P1Y","2007",2168
"CHL","DE","A","P1Y","2008",2143
"CHL","DE","A","P1Y","2009",2140
"CHL","DE","A","P1Y","2010",2123.4
"CHL","DE","A","P1Y","2011",2118.6
"CHL","DE","A","P1Y","2012",2096.3
"CHL","DE","A","P1Y","2013",2084.9
"CHL","DE","A","P1Y","2014",2064.5
"CHL","DE","A","P1Y","2015",2058.6
"CHL","TE","A","P1Y","1996",2313
"CHL","TE","A","P1Y","1997",2256
"CHL","TE","A","P1Y","1998",2299
"CHL","TE","A","P1Y","1999",2277
"CHL","TE","A","P1Y","2000",2263
"CHL","TE","A","P1Y","2001",2242
"CHL","TE","A","P1Y","2002",2250
"CHL","TE","A","P1Y","2003",2235
"CHL","TE","A","P1Y","2004",2232
"CHL","TE","A","P1Y","2005",2157
"CHL","TE","A","P1Y","2006",2165
"CHL","TE","A","P1Y","2007",2128
"CHL","TE","A","P1Y","2008",2095
"CHL","TE","A","P1Y","2009",2074
"CHL","TE","A","P1Y","2010",2069.6
"CHL","TE","A","P1Y","2011",2047.4
"CHL","TE","A","P1Y","2012",2024
"CHL","TE","A","P1Y","2013",2015.3
"CHL","TE","A","P1Y","2014",1990.1
"CHL","TE","A","P1Y","2015",1987.5
"SVN","DE","A","P1Y","2000",1606.4
"SVN","DE","A","P1Y","2001",1583.6
"SVN","DE","A","P1Y","2002",1622.7
"SVN","DE","A","P1Y","2003",1636.6
"SVN","DE","A","P1Y","2004",1664.9
"SVN","DE","A","P1Y","2005",1626.3
"SVN","DE","A","P1Y","2006",1604.1
"SVN","DE","A","P1Y","2007",1593.1
"SVN","DE","A","P1Y","2008",1605.9
"SVN","DE","A","P1Y","2009",1619.9
"SVN","DE","A","P1Y","2010",1636.2
"SVN","DE","A","P1Y","2011",1621.4
"SVN","DE","A","P1Y","2012",1591.8
"SVN","DE","A","P1Y","2013",1612.4
"SVN","DE","A","P1Y","2014",1627.3
"SVN","DE","A","P1Y","2015",1629.6
"SVN","TE","A","P1Y","1995",1755
"SVN","TE","A","P1Y","1996",1727
"SVN","TE","A","P1Y","1997",1715
"SVN","TE","A","P1Y","1998",1728
"SVN","TE","A","P1Y","1999",1730
"SVN","TE","A","P1Y","2000",1710
"SVN","TE","A","P1Y","2001",1696
"SVN","TE","A","P1Y","2002",1721
"SVN","TE","A","P1Y","2003",1724
"SVN","TE","A","P1Y","2004",1737
"SVN","TE","A","P1Y","2005",1697
"SVN","TE","A","P1Y","2006",1667
"SVN","TE","A","P1Y","2007",1655
"SVN","TE","A","P1Y","2008",1674
"SVN","TE","A","P1Y","2009",1679
"SVN","TE","A","P1Y","2010",1680
"SVN","TE","A","P1Y","2011",1663
"SVN","TE","A","P1Y","2012",1636
"SVN","TE","A","P1Y","2013",1655
"SVN","TE","A","P1Y","2014",1676
"SVN","TE","A","P1Y","2015",1676
"EST","DE","A","P1Y","2003",2062
"EST","DE","A","P1Y","2004",2064
"EST","DE","A","P1Y","2005",2078
"EST","DE","A","P1Y","2006",2057
"EST","DE","A","P1Y","2007",2055
"EST","DE","A","P1Y","2008",2046
"EST","DE","A","P1Y","2009",1971
"EST","DE","A","P1Y","2010",2004
"EST","DE","A","P1Y","2011",2030
"EST","DE","A","P1Y","2012",2018
"EST","DE","A","P1Y","2013",2019
"EST","DE","A","P1Y","2014",2008
"EST","DE","A","P1Y","2015",1995
"EST","TE","A","P1Y","2000",1978
"EST","TE","A","P1Y","2001",1970
"EST","TE","A","P1Y","2002",1973
"EST","TE","A","P1Y","2003",1978
"EST","TE","A","P1Y","2004",1986
"EST","TE","A","P1Y","2005",2008
"EST","TE","A","P1Y","2006",2001
"EST","TE","A","P1Y","2007",1998
"EST","TE","A","P1Y","2008",1968
"EST","TE","A","P1Y","2009",1831
"EST","TE","A","P1Y","2010",1875
"EST","TE","A","P1Y","2011",1919
"EST","TE","A","P1Y","2012",1886
"EST","TE","A","P1Y","2013",1866
"EST","TE","A","P1Y","2014",1859
"EST","TE","A","P1Y","2015",1852
"RUS","DE","A","P1Y","1992",1920
"RUS","DE","A","P1Y","1993",1934
"RUS","DE","A","P1Y","1994",1891
"RUS","DE","A","P1Y","1995",1886
"RUS","DE","A","P1Y","1996",1889
"RUS","DE","A","P1Y","1997",1945
"RUS","DE","A","P1Y","1998",1942
"RUS","DE","A","P1Y","1999",1981
"RUS","DE","A","P1Y","2000",2000
"RUS","DE","A","P1Y","2001",1995
"RUS","DE","A","P1Y","2002",1997
"RUS","DE","A","P1Y","2003",2007
"RUS","DE","A","P1Y","2004",2010
"RUS","DE","A","P1Y","2005",2013
"RUS","DE","A","P1Y","2006",2022
"RUS","DE","A","P1Y","2007",2020
"RUS","DE","A","P1Y","2008",2016
"RUS","DE","A","P1Y","2009",1995
"RUS","DE","A","P1Y","2010",1996
"RUS","DE","A","P1Y","2011",2000
"RUS","DE","A","P1Y","2012",2002
"RUS","DE","A","P1Y","2013",2002
"RUS","DE","A","P1Y","2014",2003
"RUS","DE","A","P1Y","2015",1997
"RUS","TE","A","P1Y","1992",1933
"RUS","TE","A","P1Y","1993",1939
"RUS","TE","A","P1Y","1994",1895
"RUS","TE","A","P1Y","1995",1891
"RUS","TE","A","P1Y","1996",1894
"RUS","TE","A","P1Y","1997",1951
"RUS","TE","A","P1Y","1998",1946
"RUS","TE","A","P1Y","1999",1964
"RUS","TE","A","P1Y","2000",1982
"RUS","TE","A","P1Y","2001",1980
"RUS","TE","A","P1Y","2002",1982
"RUS","TE","A","P1Y","2003",1993
"RUS","TE","A","P1Y","2004",1993
"RUS","TE","A","P1Y","2005",1989
"RUS","TE","A","P1Y","2006",1998
"RUS","TE","A","P1Y","2007",1999
"RUS","TE","A","P1Y","2008",1997
"RUS","TE","A","P1Y","2009",1974
"RUS","TE","A","P1Y","2010",1976
"RUS","TE","A","P1Y","2011",1979
"RUS","TE","A","P1Y","2012",1982
"RUS","TE","A","P1Y","2013",1980
"RUS","TE","A","P1Y","2014",1985
"RUS","TE","A","P1Y","2015",1978
"ITA","DE","A","P1Y","1995",1679.8
"ITA","DE","A","P1Y","1996",1689.5
"ITA","DE","A","P1Y","1997",1687.5
"ITA","DE","A","P1Y","1998",1698.8
"ITA","DE","A","P1Y","1999",1698.2
"ITA","DE","A","P1Y","2000",1696.4
"ITA","DE","A","P1Y","2001",1684.7
"ITA","DE","A","P1Y","2002",1671.5
"ITA","DE","A","P1Y","2003",1652.5
"ITA","DE","A","P1Y","2004",1656.5
"ITA","DE","A","P1Y","2005",1646.4
"ITA","DE","A","P1Y","2006",1651.6
"ITA","DE","A","P1Y","2007",1651.5
"ITA","DE","A","P1Y","2008",1652.8
"ITA","DE","A","P1Y","2009",1616.2
"ITA","DE","A","P1Y","2010",1615.8
"ITA","DE","A","P1Y","2011",1614.9
"ITA","DE","A","P1Y","2012",1579.9
"ITA","DE","A","P1Y","2013",1567
"ITA","DE","A","P1Y","2014",1567
"ITA","DE","A","P1Y","2015",1575.9
"LTU","TE","A","P1Y","1995",1729
"LTU","TE","A","P1Y","1996",1727
"LTU","TE","A","P1Y","1997",1733
"LTU","TE","A","P1Y","1998",1780
"LTU","TE","A","P1Y","1999",1726
"LTU","TE","A","P1Y","2000",1846
"LTU","TE","A","P1Y","2001",1831
"LTU","TE","A","P1Y","2002",1802
"LTU","TE","A","P1Y","2003",1786
"LTU","TE","A","P1Y","2004",1879
"LTU","TE","A","P1Y","2005",1879
"LTU","TE","A","P1Y","2006",1874
"LTU","TE","A","P1Y","2007",1904
"LTU","TE","A","P1Y","2008",1934
"LTU","TE","A","P1Y","2009",1863
"LTU","TE","A","P1Y","2010",1884
"LTU","TE","A","P1Y","2011",1859
"LTU","TE","A","P1Y","2012",1857
"LTU","TE","A","P1Y","2013",1841
"LTU","TE","A","P1Y","2014",1834
"LTU","TE","A","P1Y","2015",1860
"LVA","DE","A","P1Y","2003",1935
"LVA","DE","A","P1Y","2004",1876
"LVA","DE","A","P1Y","2005",1882
"LVA","DE","A","P1Y","2006",1825
"LVA","DE","A","P1Y","2007",1869
"LVA","DE","A","P1Y","2008",1796
"LVA","DE","A","P1Y","2009",1754
"LVA","DE","A","P1Y","2010",1688
"LVA","DE","A","P1Y","2011",1699
"LVA","DE","A","P1Y","2012",1701
"LVA","DE","A","P1Y","2013",1706
"LVA","DE","A","P1Y","2014",1752
"LVA","DE","A","P1Y","2015",1704
"LVA","TE","A","P1Y","2000",1976
"LVA","TE","A","P1Y","2001",1987
"LVA","TE","A","P1Y","2002",1938
"LVA","TE","A","P1Y","2003",1928
"LVA","TE","A","P1Y","2004",1878
"LVA","TE","A","P1Y","2005",1906
"LVA","TE","A","P1Y","2006",1907
"LVA","TE","A","P1Y","2007",1878
"LVA","TE","A","P1Y","2008",2002
"LVA","TE","A","P1Y","2009",1952
"LVA","TE","A","P1Y","2010",1935
"LVA","TE","A","P1Y","2011",1952
"LVA","TE","A","P1Y","2012",1934
"LVA","TE","A","P1Y","2013",1928
"LVA","TE","A","P1Y","2014",1938
"LVA","TE","A","P1Y","2015",1903
"CRI","DE","A","P1Y","2010",2364.9
"CRI","DE","A","P1Y","2011",2383.8
"CRI","DE","A","P1Y","2012",2326.6
"CRI","DE","A","P1Y","2013",2283.1
"CRI","DE","A","P1Y","2014",2291.1
"CRI","DE","A","P1Y","2015",2307.7
"CRI","TE","A","P1Y","2010",2314.9
"CRI","TE","A","P1Y","2011",2347.9
"CRI","TE","A","P1Y","2012",2280.7
"CRI","TE","A","P1Y","2013",2216.6
"CRI","TE","A","P1Y","2014",2209.6
"CRI","TE","A","P1Y","2015",2230.1
