"Date","Country","Terror.attacks"
"1995","Afghanistan",3
"1996","Afghanistan",1
"1997","Afghanistan",0
"1998","Afghanistan",1
"1999","Afghanistan",9
"2000","Afghanistan",10
"2001","Afghanistan",5
"2002","Afghanistan",34
"2003","Afghanistan",86
"2004","Afghanistan",72
"2005","Afghanistan",109
"2006","Afghanistan",110
"2007","Afghanistan",97
"2008","Afghanistan",63
"2009","Afghanistan",71
"2010","Afghanistan",71
"2011","Afghanistan",125
"2012","Afghanistan",124
"2013","Afghanistan",74
"2014","Afghanistan",138
"2015","Afghanistan",101
"1995","Albania",0
"1996","Albania",1
"1997","Albania",8
"1998","Albania",5
"1999","Albania",2
"2000","Albania",2
"2001","Albania",0
"2002","Albania",0
"2003","Albania",1
"2004","Albania",0
"2005","Albania",0
"2006","Albania",0
"2007","Albania",0
"2008","Albania",0
"2009","Albania",0
"2010","Albania",0
"2011","Albania",0
"2012","Albania",0
"2013","Albania",1
"2014","Albania",0
"2015","Albania",0
"1995","Algeria",64
"1996","Algeria",46
"1997","Algeria",137
"1998","Algeria",150
"1999","Algeria",79
"2000","Algeria",75
"2001","Algeria",50
"2002","Algeria",103
"2003","Algeria",53
"2004","Algeria",58
"2005","Algeria",55
"2006","Algeria",65
"2007","Algeria",17
"2008","Algeria",8
"2009","Algeria",20
"2010","Algeria",17
"2011","Algeria",1
"2012","Algeria",1
"2013","Algeria",0
"2014","Algeria",3
"2015","Algeria",2
"1995","Angola",5
"1996","Angola",2
"1997","Angola",0
"1998","Angola",20
"1999","Angola",23
"2000","Angola",11
"2001","Angola",16
"2002","Angola",2
"2003","Angola",0
"2004","Angola",0
"2005","Angola",0
"2006","Angola",0
"2007","Angola",0
"2008","Angola",0
"2009","Angola",0
"2010","Angola",1
"2011","Angola",0
"2012","Angola",0
"2013","Angola",0
"2014","Angola",0
"2015","Angola",0
"1995","Argentina",6
"1996","Argentina",5
"1997","Argentina",4
"1998","Argentina",0
"1999","Argentina",0
"2000","Argentina",0
"2001","Argentina",0
"2002","Argentina",0
"2003","Argentina",1
"2004","Argentina",0
"2005","Argentina",0
"2006","Argentina",0
"2007","Argentina",0
"2008","Argentina",0
"2009","Argentina",0
"2010","Argentina",2
"2011","Argentina",1
"2012","Argentina",0
"2013","Argentina",0
"2014","Argentina",0
"2015","Argentina",0
"1995","Armenia",0
"1996","Armenia",0
"1997","Armenia",0
"1998","Armenia",2
"1999","Armenia",2
"2000","Armenia",1
"2001","Armenia",1
"2002","Armenia",0
"2003","Armenia",0
"2004","Armenia",0
"2005","Armenia",0
"2006","Armenia",0
"2007","Armenia",0
"2008","Armenia",0
"2009","Armenia",0
"2010","Armenia",0
"2011","Armenia",0
"2012","Armenia",0
"2013","Armenia",0
"2014","Armenia",0
"2015","Armenia",1
"1995","Australia",1
"1996","Australia",3
"1997","Australia",1
"1998","Australia",6
"1999","Australia",0
"2000","Australia",1
"2001","Australia",2
"2002","Australia",0
"2003","Australia",0
"2004","Australia",0
"2005","Australia",0
"2006","Australia",1
"2007","Australia",0
"2008","Australia",2
"2009","Australia",1
"2010","Australia",0
"2011","Australia",0
"2012","Australia",0
"2013","Australia",0
"2014","Australia",1
"2015","Australia",0
"1995","Austria",4
"1996","Austria",1
"1997","Austria",0
"1998","Austria",1
"1999","Austria",0
"2000","Austria",0
"2001","Austria",0
"2002","Austria",0
"2003","Austria",0
"2004","Austria",0
"2005","Austria",0
"2006","Austria",0
"2007","Austria",1
"2008","Austria",3
"2009","Austria",0
"2010","Austria",0
"2011","Austria",0
"2012","Austria",0
"2013","Austria",0
"2014","Austria",0
"2015","Austria",0
"1995","Azerbaijan",1
"1996","Azerbaijan",0
"1997","Azerbaijan",0
"1998","Azerbaijan",0
"1999","Azerbaijan",0
"2000","Azerbaijan",0
"2001","Azerbaijan",4
"2002","Azerbaijan",1
"2003","Azerbaijan",0
"2004","Azerbaijan",0
"2005","Azerbaijan",0
"2006","Azerbaijan",0
"2007","Azerbaijan",0
"2008","Azerbaijan",0
"2009","Azerbaijan",0
"2010","Azerbaijan",0
"2011","Azerbaijan",0
"2012","Azerbaijan",0
"2013","Azerbaijan",0
"2014","Azerbaijan",1
"2015","Azerbaijan",0
"1995","Bahrain",0
"1996","Bahrain",1
"1997","Bahrain",1
"1998","Bahrain",0
"1999","Bahrain",0
"2000","Bahrain",0
"2001","Bahrain",0
"2002","Bahrain",0
"2003","Bahrain",1
"2004","Bahrain",0
"2005","Bahrain",0
"2006","Bahrain",0
"2007","Bahrain",0
"2008","Bahrain",0
"2009","Bahrain",0
"2010","Bahrain",0
"2011","Bahrain",1
"2012","Bahrain",1
"2013","Bahrain",3
"2014","Bahrain",3
"2015","Bahrain",0
"1995","Bangladesh",35
"1996","Bangladesh",9
"1997","Bangladesh",7
"1998","Bangladesh",2
"1999","Bangladesh",4
"2000","Bangladesh",4
"2001","Bangladesh",4
"2002","Bangladesh",5
"2003","Bangladesh",3
"2004","Bangladesh",8
"2005","Bangladesh",18
"2006","Bangladesh",4
"2007","Bangladesh",2
"2008","Bangladesh",4
"2009","Bangladesh",2
"2010","Bangladesh",5
"2011","Bangladesh",0
"2012","Bangladesh",3
"2013","Bangladesh",10
"2014","Bangladesh",7
"2015","Bangladesh",20
"1995","Belarus",0
"1996","Belarus",0
"1997","Belarus",2
"1998","Belarus",0
"1999","Belarus",0
"2000","Belarus",0
"2001","Belarus",0
"2002","Belarus",0
"2003","Belarus",0
"2004","Belarus",0
"2005","Belarus",0
"2006","Belarus",0
"2007","Belarus",0
"2008","Belarus",0
"2009","Belarus",0
"2010","Belarus",0
"2011","Belarus",0
"2012","Belarus",0
"2013","Belarus",0
"2014","Belarus",0
"2015","Belarus",0
"1995","Belgium",0
"1996","Belgium",0
"1997","Belgium",0
"1998","Belgium",3
"1999","Belgium",2
"2000","Belgium",0
"2001","Belgium",0
"2002","Belgium",3
"2003","Belgium",4
"2004","Belgium",0
"2005","Belgium",0
"2006","Belgium",0
"2007","Belgium",0
"2008","Belgium",0
"2009","Belgium",0
"2010","Belgium",0
"2011","Belgium",0
"2012","Belgium",0
"2013","Belgium",0
"2014","Belgium",0
"2015","Belgium",0
"1995","Benin",1
"1996","Benin",0
"1997","Benin",0
"1998","Benin",0
"1999","Benin",0
"2000","Benin",0
"2001","Benin",0
"2002","Benin",0
"2003","Benin",0
"2004","Benin",0
"2005","Benin",0
"2006","Benin",0
"2007","Benin",0
"2008","Benin",0
"2009","Benin",0
"2010","Benin",0
"2011","Benin",0
"2012","Benin",0
"2013","Benin",0
"2014","Benin",0
"2015","Benin",0
"1995","Bhutan",0
"1996","Bhutan",0
"1997","Bhutan",0
"1998","Bhutan",0
"1999","Bhutan",0
"2000","Bhutan",0
"2001","Bhutan",0
"2002","Bhutan",0
"2003","Bhutan",0
"2004","Bhutan",0
"2005","Bhutan",0
"2006","Bhutan",1
"2007","Bhutan",0
"2008","Bhutan",1
"2009","Bhutan",0
"2010","Bhutan",0
"2011","Bhutan",0
"2012","Bhutan",0
"2013","Bhutan",0
"2014","Bhutan",0
"2015","Bhutan",0
"1995","Bolivia",1
"1996","Bolivia",0
"1997","Bolivia",0
"1998","Bolivia",0
"1999","Bolivia",0
"2000","Bolivia",0
"2001","Bolivia",0
"2002","Bolivia",0
"2003","Bolivia",1
"2004","Bolivia",0
"2005","Bolivia",0
"2006","Bolivia",0
"2007","Bolivia",3
"2008","Bolivia",0
"2009","Bolivia",0
"2010","Bolivia",0
"2011","Bolivia",0
"2012","Bolivia",0
"2013","Bolivia",0
"2014","Bolivia",0
"2015","Bolivia",0
"1995","Bosnia-Herzegovina",2
"1996","Bosnia-Herzegovina",14
"1997","Bosnia-Herzegovina",15
"1998","Bosnia-Herzegovina",7
"1999","Bosnia-Herzegovina",1
"2000","Bosnia-Herzegovina",0
"2001","Bosnia-Herzegovina",0
"2002","Bosnia-Herzegovina",2
"2003","Bosnia-Herzegovina",0
"2004","Bosnia-Herzegovina",0
"2005","Bosnia-Herzegovina",0
"2006","Bosnia-Herzegovina",1
"2007","Bosnia-Herzegovina",1
"2008","Bosnia-Herzegovina",2
"2009","Bosnia-Herzegovina",0
"2010","Bosnia-Herzegovina",0
"2011","Bosnia-Herzegovina",0
"2012","Bosnia-Herzegovina",0
"2013","Bosnia-Herzegovina",0
"2014","Bosnia-Herzegovina",2
"2015","Bosnia-Herzegovina",0
"1995","Brazil",4
"1996","Brazil",3
"1997","Brazil",18
"1998","Brazil",1
"1999","Brazil",1
"2000","Brazil",1
"2001","Brazil",3
"2002","Brazil",1
"2003","Brazil",1
"2004","Brazil",0
"2005","Brazil",0
"2006","Brazil",2
"2007","Brazil",0
"2008","Brazil",0
"2009","Brazil",0
"2010","Brazil",0
"2011","Brazil",0
"2012","Brazil",0
"2013","Brazil",0
"2014","Brazil",0
"2015","Brazil",0
"1995","Bulgaria",1
"1996","Bulgaria",7
"1997","Bulgaria",0
"1998","Bulgaria",2
"1999","Bulgaria",1
"2000","Bulgaria",2
"2001","Bulgaria",0
"2002","Bulgaria",1
"2003","Bulgaria",0
"2004","Bulgaria",0
"2005","Bulgaria",0
"2006","Bulgaria",0
"2007","Bulgaria",0
"2008","Bulgaria",0
"2009","Bulgaria",0
"2010","Bulgaria",0
"2011","Bulgaria",0
"2012","Bulgaria",0
"2013","Bulgaria",0
"2014","Bulgaria",0
"2015","Bulgaria",0
"1995","Burundi",22
"1996","Burundi",9
"1997","Burundi",21
"1998","Burundi",13
"1999","Burundi",13
"2000","Burundi",10
"2001","Burundi",20
"2002","Burundi",15
"2003","Burundi",16
"2004","Burundi",0
"2005","Burundi",1
"2006","Burundi",3
"2007","Burundi",3
"2008","Burundi",2
"2009","Burundi",0
"2010","Burundi",1
"2011","Burundi",0
"2012","Burundi",0
"2013","Burundi",0
"2014","Burundi",0
"2015","Burundi",7
"1995","Cambodia",5
"1996","Cambodia",7
"1997","Cambodia",2
"1998","Cambodia",7
"1999","Cambodia",3
"2000","Cambodia",4
"2001","Cambodia",3
"2002","Cambodia",0
"2003","Cambodia",1
"2004","Cambodia",0
"2005","Cambodia",0
"2006","Cambodia",0
"2007","Cambodia",0
"2008","Cambodia",0
"2009","Cambodia",0
"2010","Cambodia",0
"2011","Cambodia",0
"2012","Cambodia",0
"2013","Cambodia",0
"2014","Cambodia",0
"2015","Cambodia",0
"1995","Cameroon",0
"1996","Cameroon",0
"1997","Cameroon",0
"1998","Cameroon",1
"1999","Cameroon",0
"2000","Cameroon",0
"2001","Cameroon",0
"2002","Cameroon",0
"2003","Cameroon",0
"2004","Cameroon",0
"2005","Cameroon",0
"2006","Cameroon",0
"2007","Cameroon",1
"2008","Cameroon",0
"2009","Cameroon",0
"2010","Cameroon",1
"2011","Cameroon",0
"2012","Cameroon",0
"2013","Cameroon",0
"2014","Cameroon",16
"2015","Cameroon",6
"1995","Canada",3
"1996","Canada",0
"1997","Canada",2
"1998","Canada",4
"1999","Canada",2
"2000","Canada",3
"2001","Canada",0
"2002","Canada",0
"2003","Canada",0
"2004","Canada",1
"2005","Canada",0
"2006","Canada",0
"2007","Canada",0
"2008","Canada",1
"2009","Canada",0
"2010","Canada",0
"2011","Canada",0
"2012","Canada",0
"2013","Canada",0
"2014","Canada",0
"2015","Canada",0
"1995","Central African Republic",0
"1996","Central African Republic",1
"1997","Central African Republic",0
"1998","Central African Republic",0
"1999","Central African Republic",0
"2000","Central African Republic",1
"2001","Central African Republic",0
"2002","Central African Republic",0
"2003","Central African Republic",0
"2004","Central African Republic",0
"2005","Central African Republic",0
"2006","Central African Republic",0
"2007","Central African Republic",0
"2008","Central African Republic",0
"2009","Central African Republic",3
"2010","Central African Republic",0
"2011","Central African Republic",0
"2012","Central African Republic",2
"2013","Central African Republic",5
"2014","Central African Republic",3
"2015","Central African Republic",3
"1995","Chad",0
"1996","Chad",0
"1997","Chad",0
"1998","Chad",1
"1999","Chad",1
"2000","Chad",0
"2001","Chad",0
"2002","Chad",4
"2003","Chad",0
"2004","Chad",0
"2005","Chad",0
"2006","Chad",4
"2007","Chad",0
"2008","Chad",0
"2009","Chad",2
"2010","Chad",0
"2011","Chad",0
"2012","Chad",0
"2013","Chad",0
"2014","Chad",0
"2015","Chad",3
"1995","Chile",9
"1996","Chile",6
"1997","Chile",3
"1998","Chile",1
"1999","Chile",2
"2000","Chile",2
"2001","Chile",2
"2002","Chile",1
"2003","Chile",2
"2004","Chile",0
"2005","Chile",0
"2006","Chile",0
"2007","Chile",5
"2008","Chile",0
"2009","Chile",3
"2010","Chile",1
"2011","Chile",3
"2012","Chile",0
"2013","Chile",1
"2014","Chile",0
"2015","Chile",0
"1995","China",3
"1996","China",5
"1997","China",3
"1998","China",2
"1999","China",1
"2000","China",3
"2001","China",7
"2002","China",2
"2003","China",2
"2004","China",1
"2005","China",0
"2006","China",0
"2007","China",0
"2008","China",0
"2009","China",0
"2010","China",0
"2011","China",0
"2012","China",0
"2013","China",1
"2014","China",0
"2015","China",1
"1995","Colombia",46
"1996","Colombia",127
"1997","Colombia",188
"1998","Colombia",71
"1999","Colombia",72
"2000","Colombia",60
"2001","Colombia",126
"2002","Colombia",91
"2003","Colombia",61
"2004","Colombia",29
"2005","Colombia",27
"2006","Colombia",8
"2007","Colombia",14
"2008","Colombia",34
"2009","Colombia",28
"2010","Colombia",28
"2011","Colombia",18
"2012","Colombia",11
"2013","Colombia",9
"2014","Colombia",10
"2015","Colombia",5
"1995","Costa Rica",0
"1996","Costa Rica",0
"1997","Costa Rica",1
"1998","Costa Rica",0
"1999","Costa Rica",0
"2000","Costa Rica",0
"2001","Costa Rica",0
"2002","Costa Rica",0
"2003","Costa Rica",0
"2004","Costa Rica",0
"2005","Costa Rica",0
"2006","Costa Rica",0
"2007","Costa Rica",0
"2008","Costa Rica",0
"2009","Costa Rica",0
"2010","Costa Rica",0
"2011","Costa Rica",0
"2012","Costa Rica",0
"2013","Costa Rica",0
"2014","Costa Rica",0
"2015","Costa Rica",0
"1995","Croatia",1
"1996","Croatia",2
"1997","Croatia",6
"1998","Croatia",0
"1999","Croatia",0
"2000","Croatia",1
"2001","Croatia",0
"2002","Croatia",0
"2003","Croatia",0
"2004","Croatia",0
"2005","Croatia",1
"2006","Croatia",0
"2007","Croatia",0
"2008","Croatia",0
"2009","Croatia",0
"2010","Croatia",0
"2011","Croatia",0
"2012","Croatia",0
"2013","Croatia",0
"2014","Croatia",0
"2015","Croatia",0
"1995","Cuba",0
"1996","Cuba",1
"1997","Cuba",4
"1998","Cuba",0
"1999","Cuba",0
"2000","Cuba",0
"2001","Cuba",0
"2002","Cuba",0
"2003","Cuba",0
"2004","Cuba",0
"2005","Cuba",0
"2006","Cuba",0
"2007","Cuba",0
"2008","Cuba",0
"2009","Cuba",0
"2010","Cuba",0
"2011","Cuba",0
"2012","Cuba",0
"2013","Cuba",0
"2014","Cuba",0
"2015","Cuba",0
"1995","Cyprus",2
"1996","Cyprus",4
"1997","Cyprus",0
"1998","Cyprus",1
"1999","Cyprus",1
"2000","Cyprus",2
"2001","Cyprus",0
"2002","Cyprus",0
"2003","Cyprus",0
"2004","Cyprus",1
"2005","Cyprus",0
"2006","Cyprus",0
"2007","Cyprus",0
"2008","Cyprus",0
"2009","Cyprus",0
"2010","Cyprus",0
"2011","Cyprus",0
"2012","Cyprus",1
"2013","Cyprus",0
"2014","Cyprus",1
"2015","Cyprus",0
"1995","Czech Republic",2
"1996","Czech Republic",2
"1997","Czech Republic",3
"1998","Czech Republic",0
"1999","Czech Republic",0
"2000","Czech Republic",0
"2001","Czech Republic",1
"2002","Czech Republic",0
"2003","Czech Republic",0
"2004","Czech Republic",0
"2005","Czech Republic",0
"2006","Czech Republic",0
"2007","Czech Republic",0
"2008","Czech Republic",0
"2009","Czech Republic",0
"2010","Czech Republic",0
"2011","Czech Republic",0
"2012","Czech Republic",0
"2013","Czech Republic",0
"2014","Czech Republic",0
"2015","Czech Republic",0
"1995","Democratic Republic of the Congo",0
"1996","Democratic Republic of the Congo",0
"1997","Democratic Republic of the Congo",1
"1998","Democratic Republic of the Congo",3
"1999","Democratic Republic of the Congo",2
"2000","Democratic Republic of the Congo",3
"2001","Democratic Republic of the Congo",3
"2002","Democratic Republic of the Congo",7
"2003","Democratic Republic of the Congo",4
"2004","Democratic Republic of the Congo",5
"2005","Democratic Republic of the Congo",0
"2006","Democratic Republic of the Congo",1
"2007","Democratic Republic of the Congo",2
"2008","Democratic Republic of the Congo",15
"2009","Democratic Republic of the Congo",10
"2010","Democratic Republic of the Congo",1
"2011","Democratic Republic of the Congo",4
"2012","Democratic Republic of the Congo",5
"2013","Democratic Republic of the Congo",4
"2014","Democratic Republic of the Congo",11
"2015","Democratic Republic of the Congo",11
"1995","Denmark",0
"1996","Denmark",0
"1997","Denmark",0
"1998","Denmark",0
"1999","Denmark",1
"2000","Denmark",0
"2001","Denmark",0
"2002","Denmark",0
"2003","Denmark",0
"2004","Denmark",0
"2005","Denmark",0
"2006","Denmark",0
"2007","Denmark",0
"2008","Denmark",1
"2009","Denmark",0
"2010","Denmark",0
"2011","Denmark",0
"2012","Denmark",0
"2013","Denmark",0
"2014","Denmark",0
"2015","Denmark",0
"1995","Djibouti",0
"1996","Djibouti",0
"1997","Djibouti",0
"1998","Djibouti",0
"1999","Djibouti",0
"2000","Djibouti",0
"2001","Djibouti",0
"2002","Djibouti",0
"2003","Djibouti",0
"2004","Djibouti",0
"2005","Djibouti",0
"2006","Djibouti",0
"2007","Djibouti",0
"2008","Djibouti",0
"2009","Djibouti",0
"2010","Djibouti",0
"2011","Djibouti",0
"2012","Djibouti",0
"2013","Djibouti",0
"2014","Djibouti",0
"2015","Djibouti",1
"1995","Dominican Republic",0
"1996","Dominican Republic",2
"1997","Dominican Republic",1
"1998","Dominican Republic",0
"1999","Dominican Republic",0
"2000","Dominican Republic",0
"2001","Dominican Republic",0
"2002","Dominican Republic",0
"2003","Dominican Republic",0
"2004","Dominican Republic",0
"2005","Dominican Republic",0
"2006","Dominican Republic",0
"2007","Dominican Republic",0
"2008","Dominican Republic",0
"2009","Dominican Republic",0
"2010","Dominican Republic",0
"2011","Dominican Republic",0
"2012","Dominican Republic",0
"2013","Dominican Republic",0
"2014","Dominican Republic",0
"2015","Dominican Republic",0
"1995","East Timor",0
"1996","East Timor",0
"1997","East Timor",0
"1998","East Timor",0
"1999","East Timor",0
"2000","East Timor",1
"2001","East Timor",0
"2002","East Timor",0
"2003","East Timor",1
"2004","East Timor",0
"2005","East Timor",0
"2006","East Timor",0
"2007","East Timor",1
"2008","East Timor",0
"2009","East Timor",0
"2010","East Timor",0
"2011","East Timor",0
"2012","East Timor",0
"2013","East Timor",0
"2014","East Timor",0
"2015","East Timor",0
"1995","Ecuador",4
"1996","Ecuador",1
"1997","Ecuador",2
"1998","Ecuador",3
"1999","Ecuador",2
"2000","Ecuador",1
"2001","Ecuador",0
"2002","Ecuador",2
"2003","Ecuador",3
"2004","Ecuador",0
"2005","Ecuador",0
"2006","Ecuador",0
"2007","Ecuador",0
"2008","Ecuador",1
"2009","Ecuador",0
"2010","Ecuador",0
"2011","Ecuador",1
"2012","Ecuador",0
"2013","Ecuador",0
"2014","Ecuador",0
"2015","Ecuador",0
"1995","Egypt",30
"1996","Egypt",15
"1997","Egypt",8
"1998","Egypt",3
"1999","Egypt",1
"2000","Egypt",0
"2001","Egypt",0
"2002","Egypt",0
"2003","Egypt",0
"2004","Egypt",2
"2005","Egypt",1
"2006","Egypt",0
"2007","Egypt",0
"2008","Egypt",1
"2009","Egypt",0
"2010","Egypt",0
"2011","Egypt",4
"2012","Egypt",3
"2013","Egypt",12
"2014","Egypt",25
"2015","Egypt",21
"1995","El Salvador",1
"1996","El Salvador",6
"1997","El Salvador",1
"1998","El Salvador",0
"1999","El Salvador",0
"2000","El Salvador",0
"2001","El Salvador",0
"2002","El Salvador",0
"2003","El Salvador",0
"2004","El Salvador",0
"2005","El Salvador",0
"2006","El Salvador",0
"2007","El Salvador",0
"2008","El Salvador",0
"2009","El Salvador",0
"2010","El Salvador",0
"2011","El Salvador",0
"2012","El Salvador",0
"2013","El Salvador",0
"2014","El Salvador",0
"2015","El Salvador",0
"1995","Eritrea",0
"1996","Eritrea",1
"1997","Eritrea",0
"1998","Eritrea",0
"1999","Eritrea",0
"2000","Eritrea",0
"2001","Eritrea",0
"2002","Eritrea",0
"2003","Eritrea",0
"2004","Eritrea",0
"2005","Eritrea",0
"2006","Eritrea",0
"2007","Eritrea",2
"2008","Eritrea",0
"2009","Eritrea",0
"2010","Eritrea",0
"2011","Eritrea",0
"2012","Eritrea",0
"2013","Eritrea",0
"2014","Eritrea",0
"2015","Eritrea",0
"1995","Estonia",2
"1996","Estonia",0
"1997","Estonia",0
"1998","Estonia",0
"1999","Estonia",1
"2000","Estonia",0
"2001","Estonia",0
"2002","Estonia",0
"2003","Estonia",0
"2004","Estonia",0
"2005","Estonia",0
"2006","Estonia",0
"2007","Estonia",0
"2008","Estonia",0
"2009","Estonia",0
"2010","Estonia",0
"2011","Estonia",0
"2012","Estonia",0
"2013","Estonia",0
"2014","Estonia",0
"2015","Estonia",1
"1995","Ethiopia",1
"1996","Ethiopia",1
"1997","Ethiopia",1
"1998","Ethiopia",0
"1999","Ethiopia",2
"2000","Ethiopia",1
"2001","Ethiopia",0
"2002","Ethiopia",3
"2003","Ethiopia",1
"2004","Ethiopia",2
"2005","Ethiopia",3
"2006","Ethiopia",1
"2007","Ethiopia",1
"2008","Ethiopia",0
"2009","Ethiopia",0
"2010","Ethiopia",0
"2011","Ethiopia",0
"2012","Ethiopia",0
"2013","Ethiopia",0
"2014","Ethiopia",0
"2015","Ethiopia",4
"1995","Fiji",0
"1996","Fiji",0
"1997","Fiji",0
"1998","Fiji",0
"1999","Fiji",2
"2000","Fiji",3
"2001","Fiji",1
"2002","Fiji",0
"2003","Fiji",0
"2004","Fiji",0
"2005","Fiji",0
"2006","Fiji",0
"2007","Fiji",0
"2008","Fiji",0
"2009","Fiji",0
"2010","Fiji",0
"2011","Fiji",0
"2012","Fiji",0
"2013","Fiji",0
"2014","Fiji",0
"2015","Fiji",0
"1995","Finland",0
"1996","Finland",0
"1997","Finland",0
"1998","Finland",0
"1999","Finland",0
"2000","Finland",0
"2001","Finland",0
"2002","Finland",0
"2003","Finland",0
"2004","Finland",0
"2005","Finland",0
"2006","Finland",0
"2007","Finland",1
"2008","Finland",0
"2009","Finland",0
"2010","Finland",0
"2011","Finland",0
"2012","Finland",0
"2013","Finland",0
"2014","Finland",0
"2015","Finland",5
"1995","France",37
"1996","France",74
"1997","France",4
"1998","France",11
"1999","France",29
"2000","France",14
"2001","France",13
"2002","France",11
"2003","France",21
"2004","France",9
"2005","France",6
"2006","France",7
"2007","France",9
"2008","France",3
"2009","France",0
"2010","France",1
"2011","France",1
"2012","France",1
"2013","France",5
"2014","France",3
"2015","France",2
"1995","French Guiana",0
"1996","French Guiana",2
"1997","French Guiana",0
"1998","French Guiana",0
"1999","French Guiana",0
"2000","French Guiana",0
"2001","French Guiana",0
"2002","French Guiana",0
"2003","French Guiana",0
"2004","French Guiana",0
"2005","French Guiana",0
"2006","French Guiana",0
"2007","French Guiana",0
"2008","French Guiana",0
"2009","French Guiana",0
"2010","French Guiana",0
"2011","French Guiana",0
"2012","French Guiana",0
"2013","French Guiana",0
"2014","French Guiana",0
"2015","French Guiana",0
"1995","French Polynesia",2
"1996","French Polynesia",0
"1997","French Polynesia",0
"1998","French Polynesia",0
"1999","French Polynesia",0
"2000","French Polynesia",0
"2001","French Polynesia",0
"2002","French Polynesia",0
"2003","French Polynesia",0
"2004","French Polynesia",0
"2005","French Polynesia",0
"2006","French Polynesia",0
"2007","French Polynesia",0
"2008","French Polynesia",0
"2009","French Polynesia",0
"2010","French Polynesia",0
"2011","French Polynesia",0
"2012","French Polynesia",0
"2013","French Polynesia",0
"2014","French Polynesia",0
"2015","French Polynesia",0
"1995","Gabon",0
"1996","Gabon",1
"1997","Gabon",0
"1998","Gabon",0
"1999","Gabon",0
"2000","Gabon",0
"2001","Gabon",0
"2002","Gabon",0
"2003","Gabon",0
"2004","Gabon",0
"2005","Gabon",0
"2006","Gabon",0
"2007","Gabon",0
"2008","Gabon",0
"2009","Gabon",0
"2010","Gabon",0
"2011","Gabon",0
"2012","Gabon",0
"2013","Gabon",0
"2014","Gabon",0
"2015","Gabon",0
"1995","Gambia",0
"1996","Gambia",0
"1997","Gambia",0
"1998","Gambia",0
"1999","Gambia",0
"2000","Gambia",1
"2001","Gambia",0
"2002","Gambia",0
"2003","Gambia",0
"2004","Gambia",0
"2005","Gambia",0
"2006","Gambia",0
"2007","Gambia",0
"2008","Gambia",0
"2009","Gambia",0
"2010","Gambia",0
"2011","Gambia",0
"2012","Gambia",0
"2013","Gambia",0
"2014","Gambia",0
"2015","Gambia",0
"1995","Georgia",4
"1996","Georgia",1
"1997","Georgia",1
"1998","Georgia",12
"1999","Georgia",5
"2000","Georgia",4
"2001","Georgia",2
"2002","Georgia",2
"2003","Georgia",4
"2004","Georgia",3
"2005","Georgia",1
"2006","Georgia",3
"2007","Georgia",0
"2008","Georgia",4
"2009","Georgia",2
"2010","Georgia",2
"2011","Georgia",1
"2012","Georgia",0
"2013","Georgia",0
"2014","Georgia",0
"2015","Georgia",0
"1995","Germany",20
"1996","Germany",2
"1997","Germany",3
"1998","Germany",6
"1999","Germany",7
"2000","Germany",6
"2001","Germany",3
"2002","Germany",3
"2003","Germany",2
"2004","Germany",1
"2005","Germany",0
"2006","Germany",1
"2007","Germany",0
"2008","Germany",1
"2009","Germany",1
"2010","Germany",1
"2011","Germany",1
"2012","Germany",1
"2013","Germany",0
"2014","Germany",1
"2015","Germany",6
"1995","Ghana",0
"1996","Ghana",1
"1997","Ghana",1
"1998","Ghana",0
"1999","Ghana",0
"2000","Ghana",0
"2001","Ghana",0
"2002","Ghana",0
"2003","Ghana",0
"2004","Ghana",0
"2005","Ghana",0
"2006","Ghana",0
"2007","Ghana",0
"2008","Ghana",0
"2009","Ghana",0
"2010","Ghana",0
"2011","Ghana",0
"2012","Ghana",0
"2013","Ghana",0
"2014","Ghana",0
"2015","Ghana",0
"1995","Greece",3
"1996","Greece",11
"1997","Greece",9
"1998","Greece",20
"1999","Greece",16
"2000","Greece",13
"2001","Greece",2
"2002","Greece",6
"2003","Greece",7
"2004","Greece",4
"2005","Greece",3
"2006","Greece",0
"2007","Greece",1
"2008","Greece",8
"2009","Greece",14
"2010","Greece",5
"2011","Greece",3
"2012","Greece",4
"2013","Greece",4
"2014","Greece",2
"2015","Greece",6
"1995","Guatemala",15
"1996","Guatemala",2
"1997","Guatemala",9
"1998","Guatemala",0
"1999","Guatemala",1
"2000","Guatemala",1
"2001","Guatemala",0
"2002","Guatemala",0
"2003","Guatemala",0
"2004","Guatemala",2
"2005","Guatemala",0
"2006","Guatemala",0
"2007","Guatemala",0
"2008","Guatemala",0
"2009","Guatemala",0
"2010","Guatemala",0
"2011","Guatemala",0
"2012","Guatemala",0
"2013","Guatemala",0
"2014","Guatemala",0
"2015","Guatemala",0
"1995","Guinea",0
"1996","Guinea",0
"1997","Guinea",0
"1998","Guinea",0
"1999","Guinea",0
"2000","Guinea",11
"2001","Guinea",0
"2002","Guinea",0
"2003","Guinea",0
"2004","Guinea",0
"2005","Guinea",0
"2006","Guinea",0
"2007","Guinea",0
"2008","Guinea",0
"2009","Guinea",0
"2010","Guinea",0
"2011","Guinea",0
"2012","Guinea",0
"2013","Guinea",0
"2014","Guinea",0
"2015","Guinea",0
"1995","Guinea-Bissau",0
"1996","Guinea-Bissau",0
"1997","Guinea-Bissau",0
"1998","Guinea-Bissau",0
"1999","Guinea-Bissau",0
"2000","Guinea-Bissau",0
"2001","Guinea-Bissau",0
"2002","Guinea-Bissau",0
"2003","Guinea-Bissau",0
"2004","Guinea-Bissau",0
"2005","Guinea-Bissau",2
"2006","Guinea-Bissau",0
"2007","Guinea-Bissau",0
"2008","Guinea-Bissau",0
"2009","Guinea-Bissau",0
"2010","Guinea-Bissau",0
"2011","Guinea-Bissau",0
"2012","Guinea-Bissau",0
"2013","Guinea-Bissau",0
"2014","Guinea-Bissau",0
"2015","Guinea-Bissau",0
"1995","Guyana",0
"1996","Guyana",0
"1997","Guyana",1
"1998","Guyana",2
"1999","Guyana",0
"2000","Guyana",0
"2001","Guyana",0
"2002","Guyana",1
"2003","Guyana",1
"2004","Guyana",0
"2005","Guyana",0
"2006","Guyana",1
"2007","Guyana",0
"2008","Guyana",0
"2009","Guyana",0
"2010","Guyana",0
"2011","Guyana",0
"2012","Guyana",0
"2013","Guyana",0
"2014","Guyana",0
"2015","Guyana",0
"1995","Haiti",12
"1996","Haiti",2
"1997","Haiti",2
"1998","Haiti",1
"1999","Haiti",3
"2000","Haiti",4
"2001","Haiti",0
"2002","Haiti",2
"2003","Haiti",2
"2004","Haiti",0
"2005","Haiti",1
"2006","Haiti",0
"2007","Haiti",1
"2008","Haiti",0
"2009","Haiti",0
"2010","Haiti",0
"2011","Haiti",0
"2012","Haiti",0
"2013","Haiti",0
"2014","Haiti",0
"2015","Haiti",0
"1995","Honduras",2
"1996","Honduras",11
"1997","Honduras",4
"1998","Honduras",0
"1999","Honduras",0
"2000","Honduras",0
"2001","Honduras",0
"2002","Honduras",1
"2003","Honduras",0
"2004","Honduras",1
"2005","Honduras",0
"2006","Honduras",0
"2007","Honduras",0
"2008","Honduras",0
"2009","Honduras",8
"2010","Honduras",0
"2011","Honduras",1
"2012","Honduras",0
"2013","Honduras",0
"2014","Honduras",0
"2015","Honduras",0
"1995","Hong Kong",0
"1996","Hong Kong",2
"1997","Hong Kong",0
"1998","Hong Kong",0
"1999","Hong Kong",0
"2000","Hong Kong",2
"2001","Hong Kong",0
"2002","Hong Kong",0
"2003","Hong Kong",0
"2004","Hong Kong",0
"2005","Hong Kong",1
"2006","Hong Kong",0
"2007","Hong Kong",0
"2008","Hong Kong",1
"2009","Hong Kong",0
"2010","Hong Kong",0
"2011","Hong Kong",0
"2012","Hong Kong",0
"2013","Hong Kong",0
"2014","Hong Kong",0
"2015","Hong Kong",0
"1995","Hungary",0
"1996","Hungary",10
"1997","Hungary",0
"1998","Hungary",2
"1999","Hungary",0
"2000","Hungary",0
"2001","Hungary",0
"2002","Hungary",0
"2003","Hungary",0
"2004","Hungary",0
"2005","Hungary",0
"2006","Hungary",0
"2007","Hungary",0
"2008","Hungary",0
"2009","Hungary",0
"2010","Hungary",0
"2011","Hungary",0
"2012","Hungary",0
"2013","Hungary",0
"2014","Hungary",0
"2015","Hungary",0
"1995","India",29
"1996","India",55
"1997","India",44
"1998","India",50
"1999","India",97
"2000","India",85
"2001","India",139
"2002","India",141
"2003","India",142
"2004","India",89
"2005","India",74
"2006","India",67
"2007","India",41
"2008","India",123
"2009","India",147
"2010","India",153
"2011","India",69
"2012","India",57
"2013","India",55
"2014","India",66
"2015","India",52
"1995","Indonesia",15
"1996","Indonesia",10
"1997","Indonesia",4
"1998","Indonesia",3
"1999","Indonesia",57
"2000","Indonesia",62
"2001","Indonesia",64
"2002","Indonesia",34
"2003","Indonesia",12
"2004","Indonesia",15
"2005","Indonesia",6
"2006","Indonesia",5
"2007","Indonesia",0
"2008","Indonesia",4
"2009","Indonesia",5
"2010","Indonesia",0
"2011","Indonesia",4
"2012","Indonesia",6
"2013","Indonesia",1
"2014","Indonesia",1
"2015","Indonesia",2
"1995","International",0
"1996","International",0
"1997","International",0
"1998","International",0
"1999","International",0
"2000","International",0
"2001","International",0
"2002","International",1
"2003","International",0
"2004","International",0
"2005","International",0
"2006","International",0
"2007","International",0
"2008","International",0
"2009","International",0
"2010","International",0
"2011","International",0
"2012","International",0
"2013","International",0
"2014","International",0
"2015","International",0
"1995","Iran",2
"1996","Iran",1
"1997","Iran",0
"1998","Iran",4
"1999","Iran",5
"2000","Iran",7
"2001","Iran",1
"2002","Iran",0
"2003","Iran",2
"2004","Iran",0
"2005","Iran",3
"2006","Iran",1
"2007","Iran",2
"2008","Iran",1
"2009","Iran",1
"2010","Iran",3
"2011","Iran",0
"2012","Iran",0
"2013","Iran",1
"2014","Iran",1
"2015","Iran",2
"1995","Iraq",6
"1996","Iraq",3
"1997","Iraq",9
"1998","Iraq",7
"1999","Iraq",8
"2000","Iraq",1
"2001","Iraq",0
"2002","Iraq",5
"2003","Iraq",85
"2004","Iraq",268
"2005","Iraq",270
"2006","Iraq",290
"2007","Iraq",366
"2008","Iraq",185
"2009","Iraq",298
"2010","Iraq",212
"2011","Iraq",302
"2012","Iraq",139
"2013","Iraq",334
"2014","Iraq",178
"2015","Iraq",209
"1995","Ireland",1
"1996","Ireland",0
"1997","Ireland",1
"1998","Ireland",3
"1999","Ireland",2
"2000","Ireland",0
"2001","Ireland",0
"2002","Ireland",0
"2003","Ireland",1
"2004","Ireland",0
"2005","Ireland",0
"2006","Ireland",0
"2007","Ireland",0
"2008","Ireland",0
"2009","Ireland",0
"2010","Ireland",0
"2011","Ireland",0
"2012","Ireland",4
"2013","Ireland",1
"2014","Ireland",2
"2015","Ireland",3
"1995","Israel",1
"1996","Israel",4
"1997","Israel",4
"1998","Israel",14
"1999","Israel",8
"2000","Israel",11
"2001","Israel",42
"2002","Israel",54
"2003","Israel",37
"2004","Israel",12
"2005","Israel",15
"2006","Israel",28
"2007","Israel",20
"2008","Israel",18
"2009","Israel",1
"2010","Israel",4
"2011","Israel",0
"2012","Israel",21
"2013","Israel",6
"2014","Israel",2
"2015","Israel",9
"1995","Italy",0
"1996","Italy",3
"1997","Italy",3
"1998","Italy",6
"1999","Italy",5
"2000","Italy",4
"2001","Italy",6
"2002","Italy",7
"2003","Italy",11
"2004","Italy",2
"2005","Italy",1
"2006","Italy",0
"2007","Italy",0
"2008","Italy",0
"2009","Italy",3
"2010","Italy",5
"2011","Italy",1
"2012","Italy",1
"2013","Italy",1
"2014","Italy",2
"2015","Italy",2
"1995","Ivory Coast",4
"1996","Ivory Coast",0
"1997","Ivory Coast",0
"1998","Ivory Coast",0
"1999","Ivory Coast",0
"2000","Ivory Coast",2
"2001","Ivory Coast",0
"2002","Ivory Coast",1
"2003","Ivory Coast",0
"2004","Ivory Coast",0
"2005","Ivory Coast",0
"2006","Ivory Coast",0
"2007","Ivory Coast",0
"2008","Ivory Coast",0
"2009","Ivory Coast",0
"2010","Ivory Coast",6
"2011","Ivory Coast",1
"2012","Ivory Coast",4
"2013","Ivory Coast",0
"2014","Ivory Coast",0
"2015","Ivory Coast",0
"1995","Jamaica",0
"1996","Jamaica",1
"1997","Jamaica",3
"1998","Jamaica",0
"1999","Jamaica",0
"2000","Jamaica",0
"2001","Jamaica",0
"2002","Jamaica",0
"2003","Jamaica",0
"2004","Jamaica",0
"2005","Jamaica",0
"2006","Jamaica",0
"2007","Jamaica",0
"2008","Jamaica",0
"2009","Jamaica",0
"2010","Jamaica",0
"2011","Jamaica",0
"2012","Jamaica",0
"2013","Jamaica",0
"2014","Jamaica",0
"2015","Jamaica",0
"1995","Japan",0
"1996","Japan",2
"1997","Japan",1
"1998","Japan",1
"1999","Japan",2
"2000","Japan",2
"2001","Japan",2
"2002","Japan",1
"2003","Japan",1
"2004","Japan",0
"2005","Japan",0
"2006","Japan",0
"2007","Japan",0
"2008","Japan",0
"2009","Japan",0
"2010","Japan",0
"2011","Japan",0
"2012","Japan",0
"2013","Japan",0
"2014","Japan",0
"2015","Japan",0
"1995","Jordan",2
"1996","Jordan",0
"1997","Jordan",2
"1998","Jordan",1
"1999","Jordan",1
"2000","Jordan",2
"2001","Jordan",2
"2002","Jordan",1
"2003","Jordan",0
"2004","Jordan",0
"2005","Jordan",3
"2006","Jordan",1
"2007","Jordan",0
"2008","Jordan",0
"2009","Jordan",0
"2010","Jordan",0
"2011","Jordan",0
"2012","Jordan",1
"2013","Jordan",0
"2014","Jordan",0
"2015","Jordan",0
"1995","Kazakhstan",0
"1996","Kazakhstan",0
"1997","Kazakhstan",1
"1998","Kazakhstan",0
"1999","Kazakhstan",0
"2000","Kazakhstan",1
"2001","Kazakhstan",0
"2002","Kazakhstan",0
"2003","Kazakhstan",0
"2004","Kazakhstan",0
"2005","Kazakhstan",0
"2006","Kazakhstan",0
"2007","Kazakhstan",0
"2008","Kazakhstan",0
"2009","Kazakhstan",0
"2010","Kazakhstan",0
"2011","Kazakhstan",2
"2012","Kazakhstan",0
"2013","Kazakhstan",0
"2014","Kazakhstan",0
"2015","Kazakhstan",0
"1995","Kenya",2
"1996","Kenya",3
"1997","Kenya",8
"1998","Kenya",2
"1999","Kenya",0
"2000","Kenya",3
"2001","Kenya",4
"2002","Kenya",2
"2003","Kenya",0
"2004","Kenya",0
"2005","Kenya",2
"2006","Kenya",1
"2007","Kenya",2
"2008","Kenya",2
"2009","Kenya",0
"2010","Kenya",5
"2011","Kenya",23
"2012","Kenya",14
"2013","Kenya",9
"2014","Kenya",4
"2015","Kenya",13
"1995","Kosovo",0
"1996","Kosovo",0
"1997","Kosovo",0
"1998","Kosovo",0
"1999","Kosovo",39
"2000","Kosovo",27
"2001","Kosovo",10
"2002","Kosovo",3
"2003","Kosovo",4
"2004","Kosovo",0
"2005","Kosovo",4
"2006","Kosovo",1
"2007","Kosovo",1
"2008","Kosovo",1
"2009","Kosovo",0
"2010","Kosovo",0
"2011","Kosovo",0
"2012","Kosovo",0
"2013","Kosovo",0
"2014","Kosovo",1
"2015","Kosovo",1
"1995","Kuwait",0
"1996","Kuwait",0
"1997","Kuwait",0
"1998","Kuwait",0
"1999","Kuwait",0
"2000","Kuwait",0
"2001","Kuwait",1
"2002","Kuwait",1
"2003","Kuwait",2
"2004","Kuwait",0
"2005","Kuwait",2
"2006","Kuwait",0
"2007","Kuwait",0
"2008","Kuwait",0
"2009","Kuwait",0
"2010","Kuwait",0
"2011","Kuwait",0
"2012","Kuwait",0
"2013","Kuwait",0
"2014","Kuwait",0
"2015","Kuwait",0
"1995","Kyrgyzstan",0
"1996","Kyrgyzstan",0
"1997","Kyrgyzstan",0
"1998","Kyrgyzstan",0
"1999","Kyrgyzstan",3
"2000","Kyrgyzstan",3
"2001","Kyrgyzstan",0
"2002","Kyrgyzstan",2
"2003","Kyrgyzstan",1
"2004","Kyrgyzstan",0
"2005","Kyrgyzstan",1
"2006","Kyrgyzstan",0
"2007","Kyrgyzstan",0
"2008","Kyrgyzstan",0
"2009","Kyrgyzstan",0
"2010","Kyrgyzstan",0
"2011","Kyrgyzstan",0
"2012","Kyrgyzstan",0
"2013","Kyrgyzstan",0
"2014","Kyrgyzstan",0
"2015","Kyrgyzstan",0
"1995","Laos",0
"1996","Laos",1
"1997","Laos",0
"1998","Laos",0
"1999","Laos",0
"2000","Laos",3
"2001","Laos",0
"2002","Laos",0
"2003","Laos",1
"2004","Laos",0
"2005","Laos",0
"2006","Laos",0
"2007","Laos",0
"2008","Laos",0
"2009","Laos",0
"2010","Laos",0
"2011","Laos",0
"2012","Laos",0
"2013","Laos",0
"2014","Laos",0
"2015","Laos",2
"1995","Latvia",0
"1996","Latvia",0
"1997","Latvia",0
"1998","Latvia",4
"1999","Latvia",0
"2000","Latvia",2
"2001","Latvia",0
"2002","Latvia",0
"2003","Latvia",0
"2004","Latvia",0
"2005","Latvia",0
"2006","Latvia",0
"2007","Latvia",0
"2008","Latvia",0
"2009","Latvia",0
"2010","Latvia",0
"2011","Latvia",0
"2012","Latvia",0
"2013","Latvia",0
"2014","Latvia",0
"2015","Latvia",0
"1995","Lebanon",14
"1996","Lebanon",11
"1997","Lebanon",9
"1998","Lebanon",23
"1999","Lebanon",37
"2000","Lebanon",0
"2001","Lebanon",3
"2002","Lebanon",5
"2003","Lebanon",5
"2004","Lebanon",1
"2005","Lebanon",6
"2006","Lebanon",4
"2007","Lebanon",1
"2008","Lebanon",1
"2009","Lebanon",4
"2010","Lebanon",1
"2011","Lebanon",4
"2012","Lebanon",2
"2013","Lebanon",9
"2014","Lebanon",3
"2015","Lebanon",1
"1995","Liberia",0
"1996","Liberia",1
"1997","Liberia",0
"1998","Liberia",0
"1999","Liberia",1
"2000","Liberia",1
"2001","Liberia",1
"2002","Liberia",3
"2003","Liberia",2
"2004","Liberia",0
"2005","Liberia",0
"2006","Liberia",0
"2007","Liberia",0
"2008","Liberia",0
"2009","Liberia",0
"2010","Liberia",0
"2011","Liberia",0
"2012","Liberia",0
"2013","Liberia",0
"2014","Liberia",0
"2015","Liberia",0
"1995","Libya",0
"1996","Libya",1
"1997","Libya",0
"1998","Libya",0
"1999","Libya",0
"2000","Libya",0
"2001","Libya",0
"2002","Libya",0
"2003","Libya",0
"2004","Libya",0
"2005","Libya",0
"2006","Libya",0
"2007","Libya",0
"2008","Libya",0
"2009","Libya",0
"2010","Libya",0
"2011","Libya",1
"2012","Libya",10
"2013","Libya",29
"2014","Libya",29
"2015","Libya",17
"1995","Lithuania",1
"1996","Lithuania",1
"1997","Lithuania",0
"1998","Lithuania",0
"1999","Lithuania",0
"2000","Lithuania",0
"2001","Lithuania",0
"2002","Lithuania",0
"2003","Lithuania",0
"2004","Lithuania",0
"2005","Lithuania",0
"2006","Lithuania",0
"2007","Lithuania",0
"2008","Lithuania",0
"2009","Lithuania",0
"2010","Lithuania",0
"2011","Lithuania",0
"2012","Lithuania",0
"2013","Lithuania",0
"2014","Lithuania",0
"2015","Lithuania",0
"1995","Macau",1
"1996","Macau",2
"1997","Macau",2
"1998","Macau",4
"1999","Macau",0
"2000","Macau",0
"2001","Macau",0
"2002","Macau",0
"2003","Macau",0
"2004","Macau",0
"2005","Macau",0
"2006","Macau",0
"2007","Macau",0
"2008","Macau",0
"2009","Macau",0
"2010","Macau",0
"2011","Macau",0
"2012","Macau",0
"2013","Macau",0
"2014","Macau",0
"2015","Macau",0
"1995","Macedonia",1
"1996","Macedonia",0
"1997","Macedonia",2
"1998","Macedonia",5
"1999","Macedonia",3
"2000","Macedonia",0
"2001","Macedonia",45
"2002","Macedonia",6
"2003","Macedonia",2
"2004","Macedonia",0
"2005","Macedonia",0
"2006","Macedonia",0
"2007","Macedonia",0
"2008","Macedonia",1
"2009","Macedonia",0
"2010","Macedonia",0
"2011","Macedonia",0
"2012","Macedonia",0
"2013","Macedonia",0
"2014","Macedonia",0
"2015","Macedonia",0
"1995","Madagascar",0
"1996","Madagascar",2
"1997","Madagascar",0
"1998","Madagascar",0
"1999","Madagascar",0
"2000","Madagascar",0
"2001","Madagascar",0
"2002","Madagascar",5
"2003","Madagascar",0
"2004","Madagascar",0
"2005","Madagascar",0
"2006","Madagascar",1
"2007","Madagascar",0
"2008","Madagascar",0
"2009","Madagascar",0
"2010","Madagascar",0
"2011","Madagascar",0
"2012","Madagascar",0
"2013","Madagascar",0
"2014","Madagascar",0
"2015","Madagascar",0
"1995","Malawi",0
"1996","Malawi",0
"1997","Malawi",0
"1998","Malawi",0
"1999","Malawi",0
"2000","Malawi",0
"2001","Malawi",0
"2002","Malawi",1
"2003","Malawi",0
"2004","Malawi",0
"2005","Malawi",0
"2006","Malawi",0
"2007","Malawi",0
"2008","Malawi",0
"2009","Malawi",0
"2010","Malawi",0
"2011","Malawi",0
"2012","Malawi",0
"2013","Malawi",0
"2014","Malawi",0
"2015","Malawi",0
"1995","Malaysia",0
"1996","Malaysia",0
"1997","Malaysia",0
"1998","Malaysia",0
"1999","Malaysia",0
"2000","Malaysia",2
"2001","Malaysia",0
"2002","Malaysia",0
"2003","Malaysia",0
"2004","Malaysia",0
"2005","Malaysia",0
"2006","Malaysia",0
"2007","Malaysia",0
"2008","Malaysia",0
"2009","Malaysia",0
"2010","Malaysia",0
"2011","Malaysia",0
"2012","Malaysia",1
"2013","Malaysia",0
"2014","Malaysia",0
"2015","Malaysia",0
"1995","Mali",0
"1996","Mali",0
"1997","Mali",0
"1998","Mali",0
"1999","Mali",0
"2000","Mali",0
"2001","Mali",0
"2002","Mali",0
"2003","Mali",0
"2004","Mali",0
"2005","Mali",1
"2006","Mali",0
"2007","Mali",0
"2008","Mali",2
"2009","Mali",1
"2010","Mali",0
"2011","Mali",2
"2012","Mali",1
"2013","Mali",3
"2014","Mali",6
"2015","Mali",8
"1995","Malta",2
"1996","Malta",0
"1997","Malta",0
"1998","Malta",0
"1999","Malta",0
"2000","Malta",0
"2001","Malta",0
"2002","Malta",0
"2003","Malta",0
"2004","Malta",0
"2005","Malta",0
"2006","Malta",0
"2007","Malta",0
"2008","Malta",0
"2009","Malta",0
"2010","Malta",0
"2011","Malta",0
"2012","Malta",0
"2013","Malta",0
"2014","Malta",0
"2015","Malta",0
"1995","Mauritania",0
"1996","Mauritania",0
"1997","Mauritania",0
"1998","Mauritania",0
"1999","Mauritania",0
"2000","Mauritania",0
"2001","Mauritania",0
"2002","Mauritania",0
"2003","Mauritania",0
"2004","Mauritania",1
"2005","Mauritania",0
"2006","Mauritania",0
"2007","Mauritania",0
"2008","Mauritania",0
"2009","Mauritania",2
"2010","Mauritania",0
"2011","Mauritania",0
"2012","Mauritania",0
"2013","Mauritania",0
"2014","Mauritania",0
"2015","Mauritania",0
"1995","Mexico",6
"1996","Mexico",21
"1997","Mexico",33
"1998","Mexico",2
"1999","Mexico",1
"2000","Mexico",3
"2001","Mexico",4
"2002","Mexico",0
"2003","Mexico",0
"2004","Mexico",1
"2005","Mexico",1
"2006","Mexico",2
"2007","Mexico",0
"2008","Mexico",0
"2009","Mexico",0
"2010","Mexico",2
"2011","Mexico",1
"2012","Mexico",1
"2013","Mexico",0
"2014","Mexico",0
"2015","Mexico",0
"1995","Moldova",0
"1996","Moldova",0
"1997","Moldova",0
"1998","Moldova",0
"1999","Moldova",0
"2000","Moldova",1
"2001","Moldova",0
"2002","Moldova",0
"2003","Moldova",0
"2004","Moldova",0
"2005","Moldova",0
"2006","Moldova",1
"2007","Moldova",0
"2008","Moldova",0
"2009","Moldova",1
"2010","Moldova",0
"2011","Moldova",0
"2012","Moldova",0
"2013","Moldova",0
"2014","Moldova",0
"2015","Moldova",0
"1995","Montenegro",0
"1996","Montenegro",0
"1997","Montenegro",0
"1998","Montenegro",0
"1999","Montenegro",0
"2000","Montenegro",0
"2001","Montenegro",0
"2002","Montenegro",0
"2003","Montenegro",0
"2004","Montenegro",0
"2005","Montenegro",0
"2006","Montenegro",0
"2007","Montenegro",0
"2008","Montenegro",0
"2009","Montenegro",0
"2010","Montenegro",0
"2011","Montenegro",0
"2012","Montenegro",0
"2013","Montenegro",1
"2014","Montenegro",0
"2015","Montenegro",0
"1995","Morocco",0
"1996","Morocco",0
"1997","Morocco",0
"1998","Morocco",0
"1999","Morocco",0
"2000","Morocco",0
"2001","Morocco",0
"2002","Morocco",0
"2003","Morocco",3
"2004","Morocco",0
"2005","Morocco",0
"2006","Morocco",0
"2007","Morocco",0
"2008","Morocco",0
"2009","Morocco",0
"2010","Morocco",0
"2011","Morocco",0
"2012","Morocco",0
"2013","Morocco",0
"2014","Morocco",0
"2015","Morocco",0
"1995","Mozambique",0
"1996","Mozambique",0
"1997","Mozambique",0
"1998","Mozambique",0
"1999","Mozambique",1
"2000","Mozambique",2
"2001","Mozambique",0
"2002","Mozambique",0
"2003","Mozambique",0
"2004","Mozambique",0
"2005","Mozambique",0
"2006","Mozambique",0
"2007","Mozambique",0
"2008","Mozambique",0
"2009","Mozambique",0
"2010","Mozambique",0
"2011","Mozambique",0
"2012","Mozambique",0
"2013","Mozambique",2
"2014","Mozambique",0
"2015","Mozambique",2
"1995","Myanmar",0
"1996","Myanmar",4
"1997","Myanmar",0
"1998","Myanmar",0
"1999","Myanmar",4
"2000","Myanmar",0
"2001","Myanmar",1
"2002","Myanmar",4
"2003","Myanmar",5
"2004","Myanmar",2
"2005","Myanmar",1
"2006","Myanmar",0
"2007","Myanmar",1
"2008","Myanmar",0
"2009","Myanmar",3
"2010","Myanmar",0
"2011","Myanmar",2
"2012","Myanmar",2
"2013","Myanmar",1
"2014","Myanmar",1
"2015","Myanmar",1
"1995","Namibia",0
"1996","Namibia",0
"1997","Namibia",0
"1998","Namibia",0
"1999","Namibia",1
"2000","Namibia",7
"2001","Namibia",4
"2002","Namibia",0
"2003","Namibia",0
"2004","Namibia",0
"2005","Namibia",0
"2006","Namibia",0
"2007","Namibia",0
"2008","Namibia",0
"2009","Namibia",0
"2010","Namibia",0
"2011","Namibia",0
"2012","Namibia",0
"2013","Namibia",0
"2014","Namibia",0
"2015","Namibia",0
"1995","Nepal",0
"1996","Nepal",1
"1997","Nepal",0
"1998","Nepal",0
"1999","Nepal",5
"2000","Nepal",8
"2001","Nepal",19
"2002","Nepal",44
"2003","Nepal",8
"2004","Nepal",53
"2005","Nepal",25
"2006","Nepal",12
"2007","Nepal",18
"2008","Nepal",14
"2009","Nepal",0
"2010","Nepal",2
"2011","Nepal",3
"2012","Nepal",3
"2013","Nepal",2
"2014","Nepal",0
"2015","Nepal",7
"1995","Netherlands",2
"1996","Netherlands",0
"1997","Netherlands",0
"1998","Netherlands",0
"1999","Netherlands",0
"2000","Netherlands",0
"2001","Netherlands",0
"2002","Netherlands",2
"2003","Netherlands",2
"2004","Netherlands",1
"2005","Netherlands",0
"2006","Netherlands",0
"2007","Netherlands",0
"2008","Netherlands",1
"2009","Netherlands",0
"2010","Netherlands",1
"2011","Netherlands",0
"2012","Netherlands",0
"2013","Netherlands",0
"2014","Netherlands",0
"2015","Netherlands",0
"1995","New Zealand",0
"1996","New Zealand",2
"1997","New Zealand",0
"1998","New Zealand",0
"1999","New Zealand",0
"2000","New Zealand",0
"2001","New Zealand",0
"2002","New Zealand",0
"2003","New Zealand",3
"2004","New Zealand",0
"2005","New Zealand",0
"2006","New Zealand",0
"2007","New Zealand",0
"2008","New Zealand",0
"2009","New Zealand",0
"2010","New Zealand",0
"2011","New Zealand",0
"2012","New Zealand",0
"2013","New Zealand",0
"2014","New Zealand",0
"2015","New Zealand",0
"1995","Nicaragua",2
"1996","Nicaragua",2
"1997","Nicaragua",0
"1998","Nicaragua",0
"1999","Nicaragua",1
"2000","Nicaragua",0
"2001","Nicaragua",0
"2002","Nicaragua",0
"2003","Nicaragua",0
"2004","Nicaragua",0
"2005","Nicaragua",0
"2006","Nicaragua",0
"2007","Nicaragua",0
"2008","Nicaragua",0
"2009","Nicaragua",0
"2010","Nicaragua",0
"2011","Nicaragua",0
"2012","Nicaragua",0
"2013","Nicaragua",0
"2014","Nicaragua",0
"2015","Nicaragua",0
"1995","Niger",1
"1996","Niger",0
"1997","Niger",3
"1998","Niger",0
"1999","Niger",1
"2000","Niger",0
"2001","Niger",0
"2002","Niger",0
"2003","Niger",0
"2004","Niger",0
"2005","Niger",0
"2006","Niger",0
"2007","Niger",2
"2008","Niger",1
"2009","Niger",2
"2010","Niger",0
"2011","Niger",0
"2012","Niger",0
"2013","Niger",0
"2014","Niger",0
"2015","Niger",1
"1995","Nigeria",1
"1996","Nigeria",3
"1997","Nigeria",5
"1998","Nigeria",2
"1999","Nigeria",15
"2000","Nigeria",1
"2001","Nigeria",3
"2002","Nigeria",5
"2003","Nigeria",7
"2004","Nigeria",2
"2005","Nigeria",4
"2006","Nigeria",20
"2007","Nigeria",9
"2008","Nigeria",17
"2009","Nigeria",0
"2010","Nigeria",24
"2011","Nigeria",30
"2012","Nigeria",45
"2013","Nigeria",14
"2014","Nigeria",29
"2015","Nigeria",39
"1995","Norway",0
"1996","Norway",0
"1997","Norway",0
"1998","Norway",0
"1999","Norway",0
"2000","Norway",0
"2001","Norway",0
"2002","Norway",0
"2003","Norway",1
"2004","Norway",0
"2005","Norway",0
"2006","Norway",1
"2007","Norway",0
"2008","Norway",0
"2009","Norway",0
"2010","Norway",0
"2011","Norway",0
"2012","Norway",0
"2013","Norway",0
"2014","Norway",0
"2015","Norway",0
"1995","Pakistan",82
"1996","Pakistan",29
"1997","Pakistan",17
"1998","Pakistan",35
"1999","Pakistan",25
"2000","Pakistan",29
"2001","Pakistan",17
"2002","Pakistan",39
"2003","Pakistan",23
"2004","Pakistan",60
"2005","Pakistan",38
"2006","Pakistan",43
"2007","Pakistan",98
"2008","Pakistan",213
"2009","Pakistan",116
"2010","Pakistan",130
"2011","Pakistan",158
"2012","Pakistan",259
"2013","Pakistan",125
"2014","Pakistan",112
"2015","Pakistan",61
"1995","Panama",2
"1996","Panama",1
"1997","Panama",3
"1998","Panama",0
"1999","Panama",0
"2000","Panama",0
"2001","Panama",0
"2002","Panama",0
"2003","Panama",0
"2004","Panama",0
"2005","Panama",0
"2006","Panama",0
"2007","Panama",0
"2008","Panama",0
"2009","Panama",0
"2010","Panama",0
"2011","Panama",0
"2012","Panama",0
"2013","Panama",0
"2014","Panama",0
"2015","Panama",0
"1995","Papua New Guinea",4
"1996","Papua New Guinea",3
"1997","Papua New Guinea",0
"1998","Papua New Guinea",0
"1999","Papua New Guinea",0
"2000","Papua New Guinea",0
"2001","Papua New Guinea",0
"2002","Papua New Guinea",1
"2003","Papua New Guinea",0
"2004","Papua New Guinea",0
"2005","Papua New Guinea",0
"2006","Papua New Guinea",0
"2007","Papua New Guinea",1
"2008","Papua New Guinea",0
"2009","Papua New Guinea",0
"2010","Papua New Guinea",0
"2011","Papua New Guinea",0
"2012","Papua New Guinea",0
"2013","Papua New Guinea",0
"2014","Papua New Guinea",0
"2015","Papua New Guinea",0
"1995","Paraguay",3
"1996","Paraguay",0
"1997","Paraguay",3
"1998","Paraguay",0
"1999","Paraguay",0
"2000","Paraguay",0
"2001","Paraguay",0
"2002","Paraguay",0
"2003","Paraguay",0
"2004","Paraguay",0
"2005","Paraguay",0
"2006","Paraguay",0
"2007","Paraguay",0
"2008","Paraguay",0
"2009","Paraguay",0
"2010","Paraguay",0
"2011","Paraguay",0
"2012","Paraguay",1
"2013","Paraguay",0
"2014","Paraguay",2
"2015","Paraguay",0
"1995","Peru",8
"1996","Peru",5
"1997","Peru",14
"1998","Peru",5
"1999","Peru",5
"2000","Peru",1
"2001","Peru",2
"2002","Peru",2
"2003","Peru",1
"2004","Peru",3
"2005","Peru",1
"2006","Peru",1
"2007","Peru",2
"2008","Peru",0
"2009","Peru",0
"2010","Peru",0
"2011","Peru",0
"2012","Peru",0
"2013","Peru",0
"2014","Peru",0
"2015","Peru",0
"1995","Philippines",20
"1996","Philippines",15
"1997","Philippines",9
"1998","Philippines",17
"1999","Philippines",17
"2000","Philippines",67
"2001","Philippines",20
"2002","Philippines",36
"2003","Philippines",88
"2004","Philippines",24
"2005","Philippines",11
"2006","Philippines",17
"2007","Philippines",16
"2008","Philippines",59
"2009","Philippines",40
"2010","Philippines",42
"2011","Philippines",26
"2012","Philippines",32
"2013","Philippines",34
"2014","Philippines",45
"2015","Philippines",73
"1995","Poland",0
"1996","Poland",2
"1997","Poland",0
"1998","Poland",2
"1999","Poland",0
"2000","Poland",0
"2001","Poland",1
"2002","Poland",0
"2003","Poland",0
"2004","Poland",0
"2005","Poland",0
"2006","Poland",0
"2007","Poland",0
"2008","Poland",0
"2009","Poland",0
"2010","Poland",0
"2011","Poland",0
"2012","Poland",0
"2013","Poland",0
"2014","Poland",0
"2015","Poland",0
"1995","Portugal",0
"1996","Portugal",0
"1997","Portugal",0
"1998","Portugal",0
"1999","Portugal",0
"2000","Portugal",0
"2001","Portugal",0
"2002","Portugal",0
"2003","Portugal",0
"2004","Portugal",0
"2005","Portugal",0
"2006","Portugal",0
"2007","Portugal",0
"2008","Portugal",0
"2009","Portugal",0
"2010","Portugal",0
"2011","Portugal",1
"2012","Portugal",0
"2013","Portugal",0
"2014","Portugal",0
"2015","Portugal",0
"1995","Qatar",0
"1996","Qatar",1
"1997","Qatar",0
"1998","Qatar",0
"1999","Qatar",0
"2000","Qatar",1
"2001","Qatar",1
"2002","Qatar",0
"2003","Qatar",0
"2004","Qatar",0
"2005","Qatar",0
"2006","Qatar",0
"2007","Qatar",0
"2008","Qatar",0
"2009","Qatar",0
"2010","Qatar",0
"2011","Qatar",0
"2012","Qatar",0
"2013","Qatar",0
"2014","Qatar",0
"2015","Qatar",0
"1995","Republic of the Congo",0
"1996","Republic of the Congo",0
"1997","Republic of the Congo",1
"1998","Republic of the Congo",0
"1999","Republic of the Congo",3
"2000","Republic of the Congo",0
"2001","Republic of the Congo",0
"2002","Republic of the Congo",3
"2003","Republic of the Congo",0
"2004","Republic of the Congo",0
"2005","Republic of the Congo",0
"2006","Republic of the Congo",0
"2007","Republic of the Congo",0
"2008","Republic of the Congo",0
"2009","Republic of the Congo",0
"2010","Republic of the Congo",0
"2011","Republic of the Congo",0
"2012","Republic of the Congo",0
"2013","Republic of the Congo",0
"2014","Republic of the Congo",0
"2015","Republic of the Congo",0
"1995","Russia",19
"1996","Russia",15
"1997","Russia",16
"1998","Russia",26
"1999","Russia",40
"2000","Russia",96
"2001","Russia",73
"2002","Russia",56
"2003","Russia",54
"2004","Russia",38
"2005","Russia",32
"2006","Russia",22
"2007","Russia",23
"2008","Russia",47
"2009","Russia",43
"2010","Russia",69
"2011","Russia",17
"2012","Russia",12
"2013","Russia",15
"2014","Russia",2
"2015","Russia",4
"1995","Rwanda",6
"1996","Rwanda",1
"1997","Rwanda",14
"1998","Rwanda",9
"1999","Rwanda",0
"2000","Rwanda",0
"2001","Rwanda",1
"2002","Rwanda",0
"2003","Rwanda",0
"2004","Rwanda",0
"2005","Rwanda",1
"2006","Rwanda",0
"2007","Rwanda",0
"2008","Rwanda",1
"2009","Rwanda",0
"2010","Rwanda",0
"2011","Rwanda",0
"2012","Rwanda",1
"2013","Rwanda",0
"2014","Rwanda",0
"2015","Rwanda",0
"1995","Saudi Arabia",3
"1996","Saudi Arabia",0
"1997","Saudi Arabia",0
"1998","Saudi Arabia",0
"1999","Saudi Arabia",0
"2000","Saudi Arabia",5
"2001","Saudi Arabia",1
"2002","Saudi Arabia",2
"2003","Saudi Arabia",6
"2004","Saudi Arabia",17
"2005","Saudi Arabia",1
"2006","Saudi Arabia",0
"2007","Saudi Arabia",0
"2008","Saudi Arabia",0
"2009","Saudi Arabia",2
"2010","Saudi Arabia",0
"2011","Saudi Arabia",0
"2012","Saudi Arabia",0
"2013","Saudi Arabia",0
"2014","Saudi Arabia",1
"2015","Saudi Arabia",10
"1995","Senegal",1
"1996","Senegal",0
"1997","Senegal",17
"1998","Senegal",1
"1999","Senegal",1
"2000","Senegal",2
"2001","Senegal",4
"2002","Senegal",3
"2003","Senegal",0
"2004","Senegal",0
"2005","Senegal",0
"2006","Senegal",0
"2007","Senegal",0
"2008","Senegal",0
"2009","Senegal",1
"2010","Senegal",1
"2011","Senegal",3
"2012","Senegal",0
"2013","Senegal",0
"2014","Senegal",0
"2015","Senegal",0
"1995","Serbia",0
"1996","Serbia",0
"1997","Serbia",0
"1998","Serbia",0
"1999","Serbia",0
"2000","Serbia",0
"2001","Serbia",0
"2002","Serbia",0
"2003","Serbia",0
"2004","Serbia",0
"2005","Serbia",0
"2006","Serbia",0
"2007","Serbia",0
"2008","Serbia",1
"2009","Serbia",0
"2010","Serbia",0
"2011","Serbia",0
"2012","Serbia",0
"2013","Serbia",0
"2014","Serbia",0
"2015","Serbia",0
"1995","Serbia-Montenegro",0
"1996","Serbia-Montenegro",0
"1997","Serbia-Montenegro",0
"1998","Serbia-Montenegro",0
"1999","Serbia-Montenegro",0
"2000","Serbia-Montenegro",0
"2001","Serbia-Montenegro",0
"2002","Serbia-Montenegro",0
"2003","Serbia-Montenegro",3
"2004","Serbia-Montenegro",0
"2005","Serbia-Montenegro",2
"2006","Serbia-Montenegro",0
"2007","Serbia-Montenegro",0
"2008","Serbia-Montenegro",0
"2009","Serbia-Montenegro",0
"2010","Serbia-Montenegro",0
"2011","Serbia-Montenegro",0
"2012","Serbia-Montenegro",0
"2013","Serbia-Montenegro",0
"2014","Serbia-Montenegro",0
"2015","Serbia-Montenegro",0
"1995","Sierra Leone",0
"1996","Sierra Leone",1
"1997","Sierra Leone",2
"1998","Sierra Leone",7
"1999","Sierra Leone",5
"2000","Sierra Leone",10
"2001","Sierra Leone",0
"2002","Sierra Leone",0
"2003","Sierra Leone",0
"2004","Sierra Leone",0
"2005","Sierra Leone",0
"2006","Sierra Leone",0
"2007","Sierra Leone",0
"2008","Sierra Leone",0
"2009","Sierra Leone",0
"2010","Sierra Leone",0
"2011","Sierra Leone",0
"2012","Sierra Leone",0
"2013","Sierra Leone",0
"2014","Sierra Leone",0
"2015","Sierra Leone",0
"1995","Slovak Republic",0
"1996","Slovak Republic",1
"1997","Slovak Republic",0
"1998","Slovak Republic",2
"1999","Slovak Republic",1
"2000","Slovak Republic",0
"2001","Slovak Republic",0
"2002","Slovak Republic",0
"2003","Slovak Republic",0
"2004","Slovak Republic",0
"2005","Slovak Republic",0
"2006","Slovak Republic",0
"2007","Slovak Republic",0
"2008","Slovak Republic",0
"2009","Slovak Republic",0
"2010","Slovak Republic",0
"2011","Slovak Republic",0
"2012","Slovak Republic",0
"2013","Slovak Republic",0
"2014","Slovak Republic",0
"2015","Slovak Republic",0
"1995","Slovenia",0
"1996","Slovenia",3
"1997","Slovenia",1
"1998","Slovenia",0
"1999","Slovenia",0
"2000","Slovenia",1
"2001","Slovenia",0
"2002","Slovenia",0
"2003","Slovenia",0
"2004","Slovenia",0
"2005","Slovenia",0
"2006","Slovenia",0
"2007","Slovenia",0
"2008","Slovenia",0
"2009","Slovenia",0
"2010","Slovenia",0
"2011","Slovenia",0
"2012","Slovenia",0
"2013","Slovenia",0
"2014","Slovenia",0
"2015","Slovenia",0
"1995","Solomon Islands",0
"1996","Solomon Islands",0
"1997","Solomon Islands",0
"1998","Solomon Islands",0
"1999","Solomon Islands",1
"2000","Solomon Islands",1
"2001","Solomon Islands",0
"2002","Solomon Islands",1
"2003","Solomon Islands",0
"2004","Solomon Islands",0
"2005","Solomon Islands",0
"2006","Solomon Islands",0
"2007","Solomon Islands",0
"2008","Solomon Islands",0
"2009","Solomon Islands",0
"2010","Solomon Islands",0
"2011","Solomon Islands",0
"2012","Solomon Islands",0
"2013","Solomon Islands",0
"2014","Solomon Islands",0
"2015","Solomon Islands",0
"1995","Somalia",5
"1996","Somalia",4
"1997","Somalia",6
"1998","Somalia",1
"1999","Somalia",1
"2000","Somalia",4
"2001","Somalia",1
"2002","Somalia",2
"2003","Somalia",0
"2004","Somalia",2
"2005","Somalia",3
"2006","Somalia",5
"2007","Somalia",54
"2008","Somalia",28
"2009","Somalia",31
"2010","Somalia",31
"2011","Somalia",35
"2012","Somalia",29
"2013","Somalia",35
"2014","Somalia",32
"2015","Somalia",37
"1995","South Africa",10
"1996","South Africa",9
"1997","South Africa",6
"1998","South Africa",6
"1999","South Africa",8
"2000","South Africa",15
"2001","South Africa",0
"2002","South Africa",6
"2003","South Africa",0
"2004","South Africa",0
"2005","South Africa",0
"2006","South Africa",0
"2007","South Africa",2
"2008","South Africa",0
"2009","South Africa",0
"2010","South Africa",0
"2011","South Africa",0
"2012","South Africa",0
"2013","South Africa",0
"2014","South Africa",1
"2015","South Africa",0
"1995","South Korea",1
"1996","South Korea",0
"1997","South Korea",0
"1998","South Korea",0
"1999","South Korea",0
"2000","South Korea",0
"2001","South Korea",0
"2002","South Korea",0
"2003","South Korea",1
"2004","South Korea",0
"2005","South Korea",0
"2006","South Korea",0
"2007","South Korea",0
"2008","South Korea",0
"2009","South Korea",0
"2010","South Korea",0
"2011","South Korea",0
"2012","South Korea",0
"2013","South Korea",0
"2014","South Korea",0
"2015","South Korea",0
"1995","South Sudan",0
"1996","South Sudan",0
"1997","South Sudan",0
"1998","South Sudan",0
"1999","South Sudan",0
"2000","South Sudan",0
"2001","South Sudan",0
"2002","South Sudan",0
"2003","South Sudan",0
"2004","South Sudan",0
"2005","South Sudan",0
"2006","South Sudan",0
"2007","South Sudan",0
"2008","South Sudan",0
"2009","South Sudan",0
"2010","South Sudan",0
"2011","South Sudan",0
"2012","South Sudan",0
"2013","South Sudan",3
"2014","South Sudan",0
"2015","South Sudan",3
"1995","Spain",8
"1996","Spain",9
"1997","Spain",20
"1998","Spain",17
"1999","Spain",28
"2000","Spain",63
"2001","Spain",31
"2002","Spain",25
"2003","Spain",18
"2004","Spain",24
"2005","Spain",10
"2006","Spain",7
"2007","Spain",3
"2008","Spain",5
"2009","Spain",3
"2010","Spain",0
"2011","Spain",0
"2012","Spain",0
"2013","Spain",0
"2014","Spain",0
"2015","Spain",0
"1995","Sri Lanka",51
"1996","Sri Lanka",51
"1997","Sri Lanka",13
"1998","Sri Lanka",34
"1999","Sri Lanka",30
"2000","Sri Lanka",27
"2001","Sri Lanka",25
"2002","Sri Lanka",3
"2003","Sri Lanka",8
"2004","Sri Lanka",29
"2005","Sri Lanka",59
"2006","Sri Lanka",112
"2007","Sri Lanka",33
"2008","Sri Lanka",21
"2009","Sri Lanka",0
"2010","Sri Lanka",0
"2011","Sri Lanka",0
"2012","Sri Lanka",0
"2013","Sri Lanka",0
"2014","Sri Lanka",3
"2015","Sri Lanka",0
"1995","St. Lucia",0
"1996","St. Lucia",0
"1997","St. Lucia",0
"1998","St. Lucia",0
"1999","St. Lucia",0
"2000","St. Lucia",1
"2001","St. Lucia",0
"2002","St. Lucia",0
"2003","St. Lucia",0
"2004","St. Lucia",0
"2005","St. Lucia",0
"2006","St. Lucia",0
"2007","St. Lucia",0
"2008","St. Lucia",0
"2009","St. Lucia",0
"2010","St. Lucia",0
"2011","St. Lucia",0
"2012","St. Lucia",0
"2013","St. Lucia",0
"2014","St. Lucia",0
"2015","St. Lucia",0
"1995","Sudan",1
"1996","Sudan",5
"1997","Sudan",2
"1998","Sudan",0
"1999","Sudan",2
"2000","Sudan",2
"2001","Sudan",3
"2002","Sudan",12
"2003","Sudan",0
"2004","Sudan",5
"2005","Sudan",2
"2006","Sudan",14
"2007","Sudan",3
"2008","Sudan",13
"2009","Sudan",9
"2010","Sudan",6
"2011","Sudan",5
"2012","Sudan",2
"2013","Sudan",3
"2014","Sudan",14
"2015","Sudan",11
"1995","Suriname",0
"1996","Suriname",0
"1997","Suriname",1
"1998","Suriname",0
"1999","Suriname",0
"2000","Suriname",0
"2001","Suriname",0
"2002","Suriname",0
"2003","Suriname",0
"2004","Suriname",0
"2005","Suriname",0
"2006","Suriname",0
"2007","Suriname",0
"2008","Suriname",0
"2009","Suriname",0
"2010","Suriname",0
"2011","Suriname",0
"2012","Suriname",0
"2013","Suriname",0
"2014","Suriname",0
"2015","Suriname",0
"1995","Swaziland",0
"1996","Swaziland",0
"1997","Swaziland",0
"1998","Swaziland",1
"1999","Swaziland",1
"2000","Swaziland",0
"2001","Swaziland",0
"2002","Swaziland",0
"2003","Swaziland",1
"2004","Swaziland",0
"2005","Swaziland",0
"2006","Swaziland",0
"2007","Swaziland",0
"2008","Swaziland",0
"2009","Swaziland",0
"2010","Swaziland",0
"2011","Swaziland",0
"2012","Swaziland",0
"2013","Swaziland",0
"2014","Swaziland",0
"2015","Swaziland",0
"1995","Sweden",0
"1996","Sweden",1
"1997","Sweden",0
"1998","Sweden",0
"1999","Sweden",2
"2000","Sweden",1
"2001","Sweden",0
"2002","Sweden",0
"2003","Sweden",0
"2004","Sweden",0
"2005","Sweden",1
"2006","Sweden",0
"2007","Sweden",0
"2008","Sweden",0
"2009","Sweden",0
"2010","Sweden",2
"2011","Sweden",0
"2012","Sweden",0
"2013","Sweden",0
"2014","Sweden",2
"2015","Sweden",2
"1995","Switzerland",1
"1996","Switzerland",2
"1997","Switzerland",0
"1998","Switzerland",1
"1999","Switzerland",0
"2000","Switzerland",1
"2001","Switzerland",1
"2002","Switzerland",0
"2003","Switzerland",1
"2004","Switzerland",0
"2005","Switzerland",0
"2006","Switzerland",0
"2007","Switzerland",1
"2008","Switzerland",0
"2009","Switzerland",0
"2010","Switzerland",0
"2011","Switzerland",0
"2012","Switzerland",0
"2013","Switzerland",0
"2014","Switzerland",0
"2015","Switzerland",0
"1995","Syria",0
"1996","Syria",1
"1997","Syria",0
"1998","Syria",1
"1999","Syria",0
"2000","Syria",0
"2001","Syria",0
"2002","Syria",0
"2003","Syria",0
"2004","Syria",1
"2005","Syria",0
"2006","Syria",1
"2007","Syria",0
"2008","Syria",0
"2009","Syria",0
"2010","Syria",0
"2011","Syria",19
"2012","Syria",21
"2013","Syria",11
"2014","Syria",21
"2015","Syria",21
"1995","Taiwan",2
"1996","Taiwan",3
"1997","Taiwan",0
"1998","Taiwan",0
"1999","Taiwan",0
"2000","Taiwan",0
"2001","Taiwan",1
"2002","Taiwan",0
"2003","Taiwan",0
"2004","Taiwan",2
"2005","Taiwan",0
"2006","Taiwan",0
"2007","Taiwan",0
"2008","Taiwan",0
"2009","Taiwan",0
"2010","Taiwan",0
"2011","Taiwan",0
"2012","Taiwan",0
"2013","Taiwan",0
"2014","Taiwan",0
"2015","Taiwan",0
"1995","Tajikistan",7
"1996","Tajikistan",9
"1997","Tajikistan",16
"1998","Tajikistan",8
"1999","Tajikistan",4
"2000","Tajikistan",3
"2001","Tajikistan",1
"2002","Tajikistan",0
"2003","Tajikistan",0
"2004","Tajikistan",0
"2005","Tajikistan",0
"2006","Tajikistan",0
"2007","Tajikistan",1
"2008","Tajikistan",0
"2009","Tajikistan",0
"2010","Tajikistan",0
"2011","Tajikistan",0
"2012","Tajikistan",0
"2013","Tajikistan",0
"2014","Tajikistan",0
"2015","Tajikistan",0
"1995","Tanzania",0
"1996","Tanzania",0
"1997","Tanzania",0
"1998","Tanzania",1
"1999","Tanzania",0
"2000","Tanzania",1
"2001","Tanzania",1
"2002","Tanzania",0
"2003","Tanzania",0
"2004","Tanzania",1
"2005","Tanzania",0
"2006","Tanzania",0
"2007","Tanzania",0
"2008","Tanzania",0
"2009","Tanzania",0
"2010","Tanzania",0
"2011","Tanzania",0
"2012","Tanzania",0
"2013","Tanzania",0
"2014","Tanzania",0
"2015","Tanzania",1
"1995","Thailand",4
"1996","Thailand",10
"1997","Thailand",7
"1998","Thailand",4
"1999","Thailand",3
"2000","Thailand",1
"2001","Thailand",1
"2002","Thailand",11
"2003","Thailand",6
"2004","Thailand",37
"2005","Thailand",63
"2006","Thailand",64
"2007","Thailand",61
"2008","Thailand",28
"2009","Thailand",63
"2010","Thailand",27
"2011","Thailand",28
"2012","Thailand",27
"2013","Thailand",27
"2014","Thailand",9
"2015","Thailand",16
"1995","Togo",0
"1996","Togo",1
"1997","Togo",0
"1998","Togo",0
"1999","Togo",0
"2000","Togo",0
"2001","Togo",0
"2002","Togo",0
"2003","Togo",0
"2004","Togo",0
"2005","Togo",0
"2006","Togo",0
"2007","Togo",0
"2008","Togo",0
"2009","Togo",0
"2010","Togo",0
"2011","Togo",0
"2012","Togo",0
"2013","Togo",0
"2014","Togo",0
"2015","Togo",0
"1995","Trinidad and Tobago",0
"1996","Trinidad and Tobago",0
"1997","Trinidad and Tobago",0
"1998","Trinidad and Tobago",0
"1999","Trinidad and Tobago",0
"2000","Trinidad and Tobago",0
"2001","Trinidad and Tobago",0
"2002","Trinidad and Tobago",0
"2003","Trinidad and Tobago",0
"2004","Trinidad and Tobago",0
"2005","Trinidad and Tobago",2
"2006","Trinidad and Tobago",0
"2007","Trinidad and Tobago",0
"2008","Trinidad and Tobago",0
"2009","Trinidad and Tobago",0
"2010","Trinidad and Tobago",0
"2011","Trinidad and Tobago",0
"2012","Trinidad and Tobago",0
"2013","Trinidad and Tobago",0
"2014","Trinidad and Tobago",0
"2015","Trinidad and Tobago",0
"1995","Tunisia",0
"1996","Tunisia",0
"1997","Tunisia",0
"1998","Tunisia",0
"1999","Tunisia",0
"2000","Tunisia",0
"2001","Tunisia",1
"2002","Tunisia",2
"2003","Tunisia",0
"2004","Tunisia",0
"2005","Tunisia",0
"2006","Tunisia",0
"2007","Tunisia",0
"2008","Tunisia",1
"2009","Tunisia",0
"2010","Tunisia",0
"2011","Tunisia",0
"2012","Tunisia",0
"2013","Tunisia",0
"2014","Tunisia",1
"2015","Tunisia",0
"1995","Turkey",34
"1996","Turkey",16
"1997","Turkey",14
"1998","Turkey",23
"1999","Turkey",55
"2000","Turkey",16
"2001","Turkey",3
"2002","Turkey",3
"2003","Turkey",14
"2004","Turkey",25
"2005","Turkey",32
"2006","Turkey",17
"2007","Turkey",6
"2008","Turkey",7
"2009","Turkey",2
"2010","Turkey",2
"2011","Turkey",6
"2012","Turkey",6
"2013","Turkey",2
"2014","Turkey",2
"2015","Turkey",31
"1995","Turkmenistan",0
"1996","Turkmenistan",0
"1997","Turkmenistan",0
"1998","Turkmenistan",0
"1999","Turkmenistan",0
"2000","Turkmenistan",0
"2001","Turkmenistan",0
"2002","Turkmenistan",1
"2003","Turkmenistan",0
"2004","Turkmenistan",0
"2005","Turkmenistan",0
"2006","Turkmenistan",0
"2007","Turkmenistan",0
"2008","Turkmenistan",0
"2009","Turkmenistan",0
"2010","Turkmenistan",0
"2011","Turkmenistan",0
"2012","Turkmenistan",0
"2013","Turkmenistan",0
"2014","Turkmenistan",0
"2015","Turkmenistan",0
"1995","Uganda",1
"1996","Uganda",6
"1997","Uganda",8
"1998","Uganda",18
"1999","Uganda",10
"2000","Uganda",9
"2001","Uganda",6
"2002","Uganda",21
"2003","Uganda",26
"2004","Uganda",9
"2005","Uganda",3
"2006","Uganda",0
"2007","Uganda",1
"2008","Uganda",0
"2009","Uganda",1
"2010","Uganda",2
"2011","Uganda",0
"2012","Uganda",0
"2013","Uganda",0
"2014","Uganda",2
"2015","Uganda",1
"1995","Ukraine",0
"1996","Ukraine",0
"1997","Ukraine",0
"1998","Ukraine",0
"1999","Ukraine",4
"2000","Ukraine",1
"2001","Ukraine",0
"2002","Ukraine",2
"2003","Ukraine",1
"2004","Ukraine",0
"2005","Ukraine",0
"2006","Ukraine",0
"2007","Ukraine",1
"2008","Ukraine",0
"2009","Ukraine",0
"2010","Ukraine",1
"2011","Ukraine",1
"2012","Ukraine",0
"2013","Ukraine",0
"2014","Ukraine",49
"2015","Ukraine",14
"1995","United Arab Emirates",1
"1996","United Arab Emirates",0
"1997","United Arab Emirates",0
"1998","United Arab Emirates",0
"1999","United Arab Emirates",0
"2000","United Arab Emirates",0
"2001","United Arab Emirates",0
"2002","United Arab Emirates",0
"2003","United Arab Emirates",0
"2004","United Arab Emirates",0
"2005","United Arab Emirates",0
"2006","United Arab Emirates",0
"2007","United Arab Emirates",0
"2008","United Arab Emirates",0
"2009","United Arab Emirates",0
"2010","United Arab Emirates",1
"2011","United Arab Emirates",0
"2012","United Arab Emirates",0
"2013","United Arab Emirates",0
"2014","United Arab Emirates",0
"2015","United Arab Emirates",0
"1995","United Kingdom",9
"1996","United Kingdom",13
"1997","United Kingdom",15
"1998","United Kingdom",58
"1999","United Kingdom",40
"2000","United Kingdom",41
"2001","United Kingdom",31
"2002","United Kingdom",15
"2003","United Kingdom",13
"2004","United Kingdom",5
"2005","United Kingdom",14
"2006","United Kingdom",2
"2007","United Kingdom",3
"2008","United Kingdom",3
"2009","United Kingdom",5
"2010","United Kingdom",14
"2011","United Kingdom",0
"2012","United Kingdom",11
"2013","United Kingdom",9
"2014","United Kingdom",3
"2015","United Kingdom",6
"1995","United States",12
"1996","United States",10
"1997","United States",6
"1998","United States",26
"1999","United States",37
"2000","United States",13
"2001","United States",20
"2002","United States",28
"2003","United States",26
"2004","United States",7
"2005","United States",5
"2006","United States",3
"2007","United States",3
"2008","United States",2
"2009","United States",2
"2010","United States",3
"2011","United States",1
"2012","United States",1
"2013","United States",0
"2014","United States",2
"2015","United States",4
"1995","Uruguay",1
"1996","Uruguay",0
"1997","Uruguay",0
"1998","Uruguay",0
"1999","Uruguay",0
"2000","Uruguay",0
"2001","Uruguay",0
"2002","Uruguay",0
"2003","Uruguay",0
"2004","Uruguay",0
"2005","Uruguay",1
"2006","Uruguay",0
"2007","Uruguay",0
"2008","Uruguay",0
"2009","Uruguay",0
"2010","Uruguay",0
"2011","Uruguay",0
"2012","Uruguay",0
"2013","Uruguay",0
"2014","Uruguay",0
"2015","Uruguay",0
"1995","Uzbekistan",0
"1996","Uzbekistan",0
"1997","Uzbekistan",0
"1998","Uzbekistan",0
"1999","Uzbekistan",1
"2000","Uzbekistan",0
"2001","Uzbekistan",0
"2002","Uzbekistan",0
"2003","Uzbekistan",0
"2004","Uzbekistan",5
"2005","Uzbekistan",0
"2006","Uzbekistan",0
"2007","Uzbekistan",0
"2008","Uzbekistan",0
"2009","Uzbekistan",0
"2010","Uzbekistan",0
"2011","Uzbekistan",0
"2012","Uzbekistan",0
"2013","Uzbekistan",0
"2014","Uzbekistan",0
"2015","Uzbekistan",0
"1995","Vanuatu",0
"1996","Vanuatu",2
"1997","Vanuatu",0
"1998","Vanuatu",0
"1999","Vanuatu",0
"2000","Vanuatu",0
"2001","Vanuatu",0
"2002","Vanuatu",0
"2003","Vanuatu",0
"2004","Vanuatu",0
"2005","Vanuatu",0
"2006","Vanuatu",0
"2007","Vanuatu",0
"2008","Vanuatu",0
"2009","Vanuatu",0
"2010","Vanuatu",0
"2011","Vanuatu",0
"2012","Vanuatu",0
"2013","Vanuatu",0
"2014","Vanuatu",0
"2015","Vanuatu",0
"1995","Venezuela",7
"1996","Venezuela",1
"1997","Venezuela",9
"1998","Venezuela",1
"1999","Venezuela",3
"2000","Venezuela",0
"2001","Venezuela",2
"2002","Venezuela",4
"2003","Venezuela",7
"2004","Venezuela",0
"2005","Venezuela",0
"2006","Venezuela",0
"2007","Venezuela",2
"2008","Venezuela",0
"2009","Venezuela",1
"2010","Venezuela",0
"2011","Venezuela",0
"2012","Venezuela",0
"2013","Venezuela",0
"2014","Venezuela",0
"2015","Venezuela",1
"1995","Vietnam",1
"1996","Vietnam",0
"1997","Vietnam",0
"1998","Vietnam",0
"1999","Vietnam",0
"2000","Vietnam",0
"2001","Vietnam",0
"2002","Vietnam",0
"2003","Vietnam",0
"2004","Vietnam",0
"2005","Vietnam",0
"2006","Vietnam",0
"2007","Vietnam",0
"2008","Vietnam",0
"2009","Vietnam",0
"2010","Vietnam",0
"2011","Vietnam",0
"2012","Vietnam",0
"2013","Vietnam",0
"2014","Vietnam",0
"2015","Vietnam",0
"1995","West Bank and Gaza Strip",26
"1996","West Bank and Gaza Strip",7
"1997","West Bank and Gaza Strip",0
"1998","West Bank and Gaza Strip",12
"1999","West Bank and Gaza Strip",8
"2000","West Bank and Gaza Strip",25
"2001","West Bank and Gaza Strip",70
"2002","West Bank and Gaza Strip",51
"2003","West Bank and Gaza Strip",34
"2004","West Bank and Gaza Strip",31
"2005","West Bank and Gaza Strip",25
"2006","West Bank and Gaza Strip",16
"2007","West Bank and Gaza Strip",9
"2008","West Bank and Gaza Strip",3
"2009","West Bank and Gaza Strip",2
"2010","West Bank and Gaza Strip",0
"2011","West Bank and Gaza Strip",2
"2012","West Bank and Gaza Strip",6
"2013","West Bank and Gaza Strip",6
"2014","West Bank and Gaza Strip",9
"2015","West Bank and Gaza Strip",32
"1995","Yemen",3
"1996","Yemen",4
"1997","Yemen",6
"1998","Yemen",6
"1999","Yemen",11
"2000","Yemen",3
"2001","Yemen",2
"2002","Yemen",7
"2003","Yemen",7
"2004","Yemen",0
"2005","Yemen",3
"2006","Yemen",3
"2007","Yemen",1
"2008","Yemen",1
"2009","Yemen",3
"2010","Yemen",20
"2011","Yemen",14
"2012","Yemen",39
"2013","Yemen",53
"2014","Yemen",60
"2015","Yemen",33
"1995","Yugoslavia",2
"1996","Yugoslavia",2
"1997","Yugoslavia",8
"1998","Yugoslavia",43
"1999","Yugoslavia",10
"2000","Yugoslavia",2
"2001","Yugoslavia",1
"2002","Yugoslavia",1
"2003","Yugoslavia",0
"2004","Yugoslavia",0
"2005","Yugoslavia",0
"2006","Yugoslavia",0
"2007","Yugoslavia",0
"2008","Yugoslavia",0
"2009","Yugoslavia",0
"2010","Yugoslavia",0
"2011","Yugoslavia",0
"2012","Yugoslavia",0
"2013","Yugoslavia",0
"2014","Yugoslavia",0
"2015","Yugoslavia",0
"1995","Zaire",3
"1996","Zaire",7
"1997","Zaire",0
"1998","Zaire",0
"1999","Zaire",0
"2000","Zaire",0
"2001","Zaire",0
"2002","Zaire",0
"2003","Zaire",0
"2004","Zaire",0
"2005","Zaire",0
"2006","Zaire",0
"2007","Zaire",0
"2008","Zaire",0
"2009","Zaire",0
"2010","Zaire",0
"2011","Zaire",0
"2012","Zaire",0
"2013","Zaire",0
"2014","Zaire",0
"2015","Zaire",0
"1995","Zambia",0
"1996","Zambia",1
"1997","Zambia",0
"1998","Zambia",0
"1999","Zambia",1
"2000","Zambia",0
"2001","Zambia",0
"2002","Zambia",1
"2003","Zambia",0
"2004","Zambia",0
"2005","Zambia",0
"2006","Zambia",0
"2007","Zambia",0
"2008","Zambia",0
"2009","Zambia",0
"2010","Zambia",0
"2011","Zambia",0
"2012","Zambia",0
"2013","Zambia",0
"2014","Zambia",0
"2015","Zambia",0
"1995","Zimbabwe",2
"1996","Zimbabwe",0
"1997","Zimbabwe",0
"1998","Zimbabwe",0
"1999","Zimbabwe",0
"2000","Zimbabwe",0
"2001","Zimbabwe",0
"2002","Zimbabwe",4
"2003","Zimbabwe",0
"2004","Zimbabwe",0
"2005","Zimbabwe",0
"2006","Zimbabwe",0
"2007","Zimbabwe",0
"2008","Zimbabwe",1
"2009","Zimbabwe",0
"2010","Zimbabwe",1
"2011","Zimbabwe",0
"2012","Zimbabwe",0
"2013","Zimbabwe",1
"2014","Zimbabwe",0
"2015","Zimbabwe",0
