GTD ID,DATE,COUNTRY,CITY,PERPETRATOR 1,GUNCERTAIN 1,PERPETRATOR 2,GUNCERTAIN 2,PERPETRATOR 3,GUNCERTAIN 3,FATALITIES,INJURED,TARGET TYPE 1,TARGET TYPE 2,TARGET TYPE 3,REGION,ATTACK TYPE 1,ATTACK TYPE 2,ATTACK TYPE 3,WEAPON TYPE 1,WEAPON TYPE 2,WEAPON TYPE 3,WEAPON TYPE 4
197412310007,1974-12-31,"United States","Unknown","Fuerzas Armadas de Liberacion Nacional (FALN)",0,,,,,Unknown,Unknown,Utilities,,,North America,Bombing/Explosion,,,Explosives/Bombs/Dynamite,,,
197412310006,1974-12-31,"United States","Unknown","Fuerzas Armadas de Liberacion Nacional (FALN)",0,,,,,Unknown,Unknown,Utilities,,,North America,Bombing/Explosion,,,Explosives/Bombs/Dynamite,,,
197412310005,1974-12-31,"United States","Rio Piedras","Fuerzas Armadas de Liberacion Nacional (FALN)",0,,,,,Unknown,Unknown,Business,,,North America,Bombing/Explosion,,,Explosives/Bombs/Dynamite,,,
197412310004,1974-12-31,"United States","Bayamon","Fuerzas Armadas de Liberacion Nacional (FALN)",0,,,,,Unknown,Unknown,Business,,,North America,Bombing/Explosion,,,Explosives/Bombs/Dynamite,,,
197412310003,1974-12-31,"United States","Manati","Fuerzas Armadas de Liberacion Nacional (FALN)",0,,,,,0,0,Business,,,North America,Bombing/Explosion,,,Explosives/Bombs/Dynamite,,,
197412310002,1974-12-31,"United States","Caguas","Fuerzas Armadas de Liberacion Nacional (FALN)",0,,,,,0,0,Business,,,North America,Bombing/Explosion,,,Explosives/Bombs/Dynamite,,,
197412310001,1974-12-31,"South Africa","Johannesburg","Unknown",0,,,,,0,1,Private Citizens & Property,,,Sub-Saharan Africa,Bombing/Explosion,,,Explosives/Bombs/Dynamite,Explosives/Bombs/Dynamite,,
197412300001,1974-12-30,"United Kingdom","Newtownabbey","Protestant Extremists",0,,,,,1,Unknown,Private Citizens & Property,,,Western Europe,Assassination,,,Firearms,,,
197412290001,1974-12-29,"United States","Philadelphia","Black Muslims",0,,,,,1,0,Private Citizens & Property,,,North America,Assassination,,,Melee,Melee,,
197412280001,1974-12-28,"United States","San Juan","Cuban Exiles",0,,,,,0,2,Maritime,,,North America,Bombing/Explosion,,,Explosives/Bombs/Dynamite,,,
197412270002,1974-12-27,"Nicaragua","Managua","Sandinista National Liberation Front (FSLN)",0,,,,,0,0,Government (General),,,Central America & Caribbean,Hostage Taking (Kidnapping),,,Firearms,,,
197412270001,1974-12-27,"Spain","Barcelona","Iberian Liberation Movement (MIL)",0,,,,,0,0,Business,,,Western Europe,Armed Assault,,,Firearms,,,
197412240001,1974-12-24,"Australia","Sydney","Unknown",0,,,,,0,0,Airports and Aircraft,,,Australasia & Oceania,Facility/Infrastructure Attack,,,Incendiary,,,
197412220001,1974-12-22,"United Kingdom","London","Irish Republican Army (IRA)",0,,,,,0,0,Government (General),,,Western Europe,Assassination,,,Explosives/Bombs/Dynamite,,,
197412210003,1974-12-21,"United Kingdom","Carryduff","Protestant Extremists",0,,,,,1,Unknown,Private Citizens & Property,,,Western Europe,Assassination,,,Firearms,,,
197412210002,1974-12-21,"United Kingdom","London","Irish Republican Army (IRA)",0,,,,,0,0,Business,,,Western Europe,Bombing/Explosion,,,Explosives/Bombs/Dynamite,,,
197412210001,1974-12-21,"Lebanon","Beirut","Arab Communist Organization",0,,,,,0,0,Business,,,Middle East & North Africa,Bombing/Explosion,,,Explosives/Bombs/Dynamite,,,
197412200002,1974-12-20,"United Kingdom","London","Irish Republican Army (IRA)",0,,,,,Unknown,Unknown,Transportation,,,Western Europe,Bombing/Explosion,,,Explosives/Bombs/Dynamite,,,
197412200001,1974-12-20,"Israel","Jerusalem","Democratic Front for the Liberation of Palestine (DFLP)",0,,,,,0,13,Business,,,Middle East & North Africa,Bombing/Explosion,,,Explosives/Bombs/Dynamite,,,
197412190003,1974-12-19,"United States","San Francisco","New World Liberation Front (NWLF)",0,,,,,0,0,Business,,,North America,Bombing/Explosion,,,Explosives/Bombs/Dynamite,,,
197412190001,1974-12-19,"France","Paris","Raul Sendic International Brigade",0,,,,,1,0,Government (Diplomatic),,,Western Europe,Assassination,,,Firearms,,,
197412180003,1974-12-18,"United Kingdom","Bristol","Irish Republican Army (IRA)",0,,,,,0,20,Private Citizens & Property,,,Western Europe,Bombing/Explosion,,,Explosives/Bombs/Dynamite,,,
197412180002,1974-12-18,"United Kingdom","London","Irish Republican Army (IRA)",0,,,,,0,5,Business,,,Western Europe,Bombing/Explosion,,,Explosives/Bombs/Dynamite,,,
197412180001,1974-12-18,"Italy","Naples","Armed Proletarian Nuclei (NAP)",0,,,,,0,0,Business,,,Western Europe,Hostage Taking (Kidnapping),,,Unknown,,,
197412170001,1974-12-17,"United Kingdom","London","Irish Republican Army (IRA)",0,,,,,1,Unknown,Telecommunication,,,Western Europe,Bombing/Explosion,,,Explosives/Bombs/Dynamite,,,
197412160006,1974-12-16,"United States","Miami","National Front for the Liberation of Cuba (FLNC)",0,,,,,0,0,Business,,,North America,Bombing/Explosion,,,Explosives/Bombs/Dynamite,,,
197412160004,1974-12-16,"United Kingdom","London","Irish Republican Army (IRA)",0,,,,,0,1,Telecommunication,,,Western Europe,Bombing/Explosion,,,Explosives/Bombs/Dynamite,,,
197412160003,1974-12-16,"United Kingdom","London","Irish Republican Army (IRA)",0,,,,,0,0,Telecommunication,,,Western Europe,Bombing/Explosion,,,Explosives/Bombs/Dynamite,,,
197412160002,1974-12-16,"United Kingdom","London","Irish Republican Army (IRA)",0,,,,,0,3,Telecommunication,,,Western Europe,Bombing/Explosion,,,Explosives/Bombs/Dynamite,,,
197412160001,1974-12-16,"France","Paris","Youth Action Group",0,,,,,0,0,Business,,,Western Europe,Bombing/Explosion,,,Explosives/Bombs/Dynamite,,,
197412150004,1974-12-15,"United States","Miami","National Front for the Liberation of Cuba (FLNC)",0,,,,,0,0,Business,,,North America,Bombing/Explosion,,,Explosives/Bombs/Dynamite,,,
197412150002,1974-12-15,"France","Paris","Youth Action Group",0,,,,,0,0,Airports and Aircraft,,,Western Europe,Bombing/Explosion,,,Explosives/Bombs/Dynamite,,,
197412150001,1974-12-15,"France","Paris","Youth Action Group",0,,,,,0,0,Business,,,Western Europe,Bombing/Explosion,,,Explosives/Bombs/Dynamite,,,
197412140001,1974-12-14,"United Kingdom","Forkhill","Irish Republican Army (IRA)",0,,,,,2,Unknown,Military,,,Western Europe,Assassination,,,Firearms,,,
197412110002,1974-12-11,"Israel","Tel Aviv","Popular Front for the Liberation of Palestine (PFLP)",0,,,,,2,54,Business,,,Middle East & North Africa,Bombing/Explosion,,,Explosives/Bombs/Dynamite,,,
197412110001,1974-12-11,"United States","New York City","Fuerzas Armadas de Liberacion Nacional (FALN)",0,,,,,0,1,Police,,,North America,Bombing/Explosion,,,Explosives/Bombs/Dynamite,,,
197412100001,1974-12-10,"Lebanon","Beirut","Unknown",0,,,,,Unknown,4,Terrorists/Non-state Militia,,,Middle East & North Africa,Bombing/Explosion,,,Explosives/Bombs/Dynamite,,,
197412090001,1974-12-09,"Pakistan","Peshawar","Unknown",0,,,,,0,2,Government (Diplomatic),,,South Asia,Bombing/Explosion,,,Explosives/Bombs/Dynamite,,,
197412080004,1974-12-08,"United States","Miami","Latin America Anti-Communist Army (LAACA)",1,,,,,0,0,Unknown,,,North America,Bombing/Explosion,,,Explosives/Bombs/Dynamite,,,
197412080003,1974-12-08,"United States","Miami","Latin America Anti-Communist Army (LAACA)",1,,,,,0,0,Unknown,,,North America,Bombing/Explosion,,,Explosives/Bombs/Dynamite,,,
197412080002,1974-12-08,"United States","Miami","Latin America Anti-Communist Army (LAACA)",1,,,,,0,0,Journalists & Media,,,North America,Bombing/Explosion,,,Explosives/Bombs/Dynamite,,,
197412080001,1974-12-08,"Israel","Rosh Hanikra","Palestinians",0,,,,,1,2,Private Citizens & Property,,,Middle East & North Africa,Armed Assault,,,Firearms,,,
197412070002,1974-12-07,"Peru","Lima","Unknown",0,,,,,Unknown,2,Business,,,South America,Armed Assault,,,Firearms,,,
197412070001,1974-12-07,"West Germany (FRG)","Bremen","Unknown",0,,,,,Unknown,Unknown,Transportation,,,Western Europe,Bombing/Explosion,,,Explosives/Bombs/Dynamite,,,
197412020003,1974-12-02,"United States","Penuelas","Fuerzas Armadas de Liberacion Nacional (FALN)",0,,,,,0,0,Utilities,,,North America,Bombing/Explosion,,,Explosives/Bombs/Dynamite,,,
197412020001,1974-12-02,"United Kingdom","Derrylin","Irish Republican Army (IRA)",0,,,,,1,Unknown,Military,,,Western Europe,Bombing/Explosion,,,Explosives/Bombs/Dynamite,,,
197412010006,1974-12-01,"United States","San Juan","Fuerzas Armadas de Liberacion Nacional (FALN)",0,,,,,0,2,Business,,,North America,Bombing/Explosion,,,Explosives/Bombs/Dynamite,,,
197412010005,1974-12-01,"United States","Carolina","Fuerzas Armadas de Liberacion Nacional (FALN)",0,,,,,0,0,Business,,,North America,Bombing/Explosion,,,Explosives/Bombs/Dynamite,,,
197412010004,1974-12-01,"United States","Carolina","Fuerzas Armadas de Liberacion Nacional (FALN)",0,,,,,0,0,Business,,,North America,Bombing/Explosion,,,Explosives/Bombs/Dynamite,,,
197412010003,1974-12-01,"United States","Ponce","Fuerzas Armadas de Liberacion Nacional (FALN)",0,,,,,0,0,Military,,,North America,Bombing/Explosion,,,Explosives/Bombs/Dynamite,,,
197412010002,1974-12-01,"United Kingdom","Newry","Ulster Volunteer Force (UVF)",0,,,,,1,Unknown,Business,,,Western Europe,Bombing/Explosion,,,Explosives/Bombs/Dynamite,,,
197412010001,1974-12-01,"Spain","Lugo","Basque Fatherland and Freedom (ETA)",0,,,,,0,0,Business,,,Western Europe,Armed Assault,,,Firearms,,,
197411300002,1974-11-30,"Israel","Rehaniya","Palestinians",0,,,,,1,1,Private Citizens & Property,,,Middle East & North Africa,Armed Assault,,,Firearms,,,
197411300001,1974-11-30,"West Germany (FRG)","Kronberg im Taunus","Unknown",0,,,,,0,1,Government (General),,,Western Europe,Assassination,,,Firearms,,,
197411260001,1974-11-26,"United Kingdom","Belfast","Irish Republican Extremists",0,,,,,1,Unknown,Private Citizens & Property,,,Western Europe,Assassination,,,Firearms,,,
197411250005,1974-11-25,"United Kingdom","Newtownards","Protestant Extremists",0,,,,,1,Unknown,Private Citizens & Property,,,Western Europe,Assassination,,,Firearms,,,
197411250004,1974-11-25,"United Kingdom","Belfast","Ulster Freedom Fighters (UFF)",0,,,,,1,Unknown,Private Citizens & Property,,,Western Europe,Assassination,,,Firearms,,,
197411250003,1974-11-25,"United Kingdom","Belfast","Irish Republican Extremists",0,,,,,1,Unknown,Private Citizens & Property,,,Western Europe,Assassination,,,Firearms,,,
197411250002,1974-11-25,"Argentina","Buenos Aires","Montoneros (Argentina)",0,,,,,0,0,Business,,,South America,Bombing/Explosion,,,Explosives/Bombs/Dynamite,,,
197411250001,1974-11-25,"Argentina","Buenos Aires","Montoneros (Argentina)",0,,,,,0,0,Business,,,South America,Bombing/Explosion,,,Explosives/Bombs/Dynamite,,,
197411230004,1974-11-23,"United Kingdom","Belfast","Ulster Freedom Fighters (UFF)",0,,,,,1,Unknown,Private Citizens & Property,,,Western Europe,Assassination,,,Firearms,,,
197411230003,1974-11-23,"United Kingdom","Belfast","Irish Republican Army (IRA)",0,,,,,2,Unknown,Private Citizens & Property,,,Western Europe,Assassination,,,Firearms,,,
197411230002,1974-11-23,"United Kingdom","Belfast","Protestant Extremists",0,,,,,1,Unknown,Private Citizens & Property,,,Western Europe,Assassination,,,Firearms,,,
197411230001,1974-11-23,"United Kingdom","Belfast","Ulster Freedom Fighters (UFF)",0,,,,,1,Unknown,Private Citizens & Property,,,Western Europe,Assassination,,,Firearms,,,
197411220004,1974-11-22,"United Arab Emirates","Dubai","Palestinians",0,,,,,1,2,Airports and Aircraft,,,Middle East & North Africa,Hijacking,,,Firearms,,,
197411220003,1974-11-22,"United Kingdom","Belfast","Irish Republican Army (IRA)",0,,,,,1,Unknown,Private Citizens & Property,,,Western Europe,Assassination,,,Firearms,,,
197411220002,1974-11-22,"United Kingdom","Belfast","Protestant Extremists",0,,,,,1,Unknown,Private Citizens & Property,,,Western Europe,Assassination,,,Firearms,,,
197411220001,1974-11-22,"Japan","Fukouka","Maruseido (Marxist Youth League)",0,,,,,0,0,Government (Diplomatic),,,East Asia,Facility/Infrastructure Attack,,,Incendiary,,,
197411210004,1974-11-21,"United Kingdom","Belfast","Unknown",0,,,,,1,Unknown,Private Citizens & Property,,,Western Europe,Assassination,,,Firearms,,,
197411210003,1974-11-21,"United Kingdom","Birmingham","Irish Republican Army (IRA)",0,,,,,10,81,Business,,,Western Europe,Bombing/Explosion,,,Explosives/Bombs/Dynamite,,,
197411210002,1974-11-21,"United Kingdom","Birmingham","Irish Republican Army (IRA)",0,,,,,10,81,Business,,,Western Europe,Bombing/Explosion,,,Explosives/Bombs/Dynamite,,,
197411210001,1974-11-21,"Peru","Lima","Revolutionary Vanguard",0,,,,,0,11,Business,,,South America,Bombing/Explosion,,,Explosives/Bombs/Dynamite,,,
197411200003,1974-11-20,"United Kingdom","Coalisland","Ulster Volunteer Force (UVF)",0,,,,,1,Unknown,Business,,,Western Europe,Armed Assault,,,Firearms,,,
197411200002,1974-11-20,"United Kingdom","Craigavon","Irish Republican Army (IRA)",0,,,,,1,Unknown,Police,,,Western Europe,Bombing/Explosion,,,Explosives/Bombs/Dynamite,,,
197411200001,1974-11-20,"West Germany (FRG)","Hamburg","Baader-Meinhof Group",0,,,,,0,0,Government (General),,,Western Europe,Assassination,,,Explosives/Bombs/Dynamite,,,
197411180003,1974-11-18,"Israel","Beit Shean","Democratic Front for the Liberation of Palestine (DFLP)",0,,,,,7,5,Private Citizens & Property,,,Middle East & North Africa,Unknown,,,Unknown,,,
197411180002,1974-11-18,"Mexico","Mexico City","Unknown",0,,,,,0,0,Business,,,North America,Bombing/Explosion,,,Explosives/Bombs/Dynamite,,,
197411180001,1974-11-18,"Mexico","Mexico City","23rd of September Communist League",0,,,,,0,0,Business,,,North America,Bombing/Explosion,,,Explosives/Bombs/Dynamite,,,
197411170001,1974-11-17,"United Kingdom","Belfast","Irish Republican Extremists",0,,,,,1,Unknown,Private Citizens & Property,,,Western Europe,Assassination,,,Firearms,,,
197411160002,1974-11-16,"United Kingdom","Newry","Irish Republican Army (IRA)",0,,,,,1,Unknown,Military,,,Western Europe,Assassination,,,Firearms,,,
197411160001,1974-11-16,"Italy","Florence","Baader-Meinhof Group",0,,,,,0,0,Government (Diplomatic),,,Western Europe,Bombing/Explosion,,,Explosives/Bombs/Dynamite,,,
197411150004,1974-11-15,"United Kingdom","Crossmaglen","Protestant Extremists",0,,,,,1,Unknown,Business,,,Western Europe,Bombing/Explosion,,,Explosives/Bombs/Dynamite,,,
197411150003,1974-11-15,"United Kingdom","Larne","Ulster Volunteer Force (UVF)",0,,,,,1,Unknown,Business,,,Western Europe,Armed Assault,,,Firearms,,,
197411150002,1974-11-15,"United Kingdom","Strabane","Irish Republican Army (IRA)",0,,,,,1,Unknown,Military,,,Western Europe,Assassination,,,Firearms,,,
197411150001,1974-11-15,"West Germany (FRG)","Gottingen","Unknown",0,,,,,Unknown,Unknown,Police,,,Western Europe,Armed Assault,,,Incendiary,,,
197411140003,1974-11-14,"United Kingdom","Coventry","Irish Republican Army (IRA)",0,,,,,1,Unknown,Terrorists/Non-state Militia,,,Western Europe,Bombing/Explosion,,,Explosives/Bombs/Dynamite,,,
197411140002,1974-11-14,"Japan","Tokyo","Maruseido (Marxist Youth League)",0,,,,,0,7,Government (Diplomatic),,,East Asia,Facility/Infrastructure Attack,,,Incendiary,Incendiary,,
197411140001,1974-11-14,"Mexico","Cuernavaca","United Popular Liberation Army of America",0,,,,,Unknown,Unknown,Business,,,North America,Hostage Taking (Kidnapping),,,Unknown,,,
197411120005,1974-11-12,"United Kingdom","Highfield","Irish Republican Extremists",0,,,,,1,Unknown,Private Citizens & Property,,,Western Europe,Assassination,,,Firearms,,,
197411120004,1974-11-12,"United Kingdom","Belfast","Protestant Action Group",0,,,,,1,Unknown,Private Citizens & Property,,,Western Europe,Assassination,,,Firearms,,,
197411120003,1974-11-12,"United Kingdom","Drumahoe","Protestant Extremists",0,,,,,1,Unknown,Private Citizens & Property,,,Western Europe,Assassination,,,Firearms,,,
197411120002,1974-11-12,"United Kingdom","Londonderry","Irish Republican Army (IRA)",0,,,,,2,Unknown,Private Citizens & Property,,,Western Europe,Assassination,,,Firearms,,,
197411120001,1974-11-12,"West Germany (FRG)","West Berlin","Revolutionary Cells",0,,,,,Unknown,Unknown,Business,,,Western Europe,Bombing/Explosion,,,Explosives/Bombs/Dynamite,,,
197411110001,1974-11-11,"West Germany (FRG)","West Berlin","Unknown",0,,,,,0,0,Police,,,Western Europe,Facility/Infrastructure Attack,,,Incendiary,,,
197411100005,1974-11-10,"United States","Los Angeles","Jewish Defense League (JDL)",0,,,,,0,0,NGO,,,North America,Bombing/Explosion,,,Explosives/Bombs/Dynamite,,,
197411100004,1974-11-10,"United Kingdom","Belfast","Ulster Freedom Fighters (UFF)",0,,,,,1,Unknown,Private Citizens & Property,,,Western Europe,Assassination,,,Firearms,,,
197411100002,1974-11-10,"West Germany (FRG)","Frankfurt","Unknown",0,,,,,0,0,Government (General),,,Western Europe,Facility/Infrastructure Attack,,,Incendiary,,,
197411100001,1974-11-10,"East Germany (GDR)","East Berlin","2nd of June Movement",0,,,,,1,0,Government (General),,,Eastern Europe,Hostage Taking (Kidnapping),,,Unknown,,,
197411090005,1974-11-09,"United States","Washington","National Front for the Liberation of Cuba (FLNC)",0,,,,,0,0,Government (Diplomatic),,,North America,Bombing/Explosion,,,Explosives/Bombs/Dynamite,,,
197411090004,1974-11-09,"United Kingdom","Templepatrick","Protestant Action Group",0,,,,,2,Unknown,Private Citizens & Property,,,Western Europe,Assassination,,,Firearms,,,
197411090003,1974-11-09,"United States","Washington","Cuban C-4 Movement",0,,,,,0,0,Government (Diplomatic),,,North America,Bombing/Explosion,,,Explosives/Bombs/Dynamite,,,
197411090001,1974-11-09,"West Germany (FRG)","Bochum","Unknown",0,,,,,0,0,Government (General),,,Western Europe,Facility/Infrastructure Attack,,,Incendiary,,,
197411080001,1974-11-08,"United Kingdom","Belfast","Protestant Action Group",0,,,,,1,Unknown,Private Citizens & Property,,,Western Europe,Assassination,,,Firearms,,,
197411070006,1974-11-07,"United Kingdom","London","Irish Republican Army (IRA)",0,,,,,2,Unknown,Military,Private Citizens & Property,,Western Europe,Bombing/Explosion,,,Explosives/Bombs/Dynamite,,,
197411070005,1974-11-07,"United Kingdom","Stewartstown","Irish Republican Army (IRA)",0,,,,,2,Unknown,Military,,,Western Europe,Bombing/Explosion,,,Explosives/Bombs/Dynamite,,,
197411070004,1974-11-07,"United Kingdom","London","Red Flag",0,,,,,1,19,Business,,,Western Europe,Bombing/Explosion,,,Explosives/Bombs/Dynamite,,,
197411070003,1974-11-07,"Ecuador","Quito","Unknown",0,,,,,0,2,Government (Diplomatic),,,South America,Bombing/Explosion,,,Explosives/Bombs/Dynamite,,,
197411070002,1974-11-07,"Ecuador","Quito","Unknown",0,,,,,0,0,Government (Diplomatic),,,South America,Bombing/Explosion,,,Explosives/Bombs/Dynamite,,,
197411070001,1974-11-07,"Ecuador","Quito","Unknown",0,,,,,0,0,Government (Diplomatic),,,South America,Bombing/Explosion,,,Explosives/Bombs/Dynamite,,,
197411060001,1974-11-06,"United Kingdom","Crossmaglen","Irish Republican Army (IRA)",0,,,,,2,Unknown,Military,,,Western Europe,Assassination,,,Firearms,,,
197411050002,1974-11-05,"Italy","Milan","Red Brigades",0,,,,,0,0,Government (Diplomatic),,,Western Europe,Facility/Infrastructure Attack,,,Incendiary,Incendiary,,
197411050001,1974-11-05,"Italy","Rome","Armed Proletarian Nuclei (NAP)",0,,,,,0,0,Business,,,Western Europe,Facility/Infrastructure Attack,,,Incendiary,Incendiary,,
197411040002,1974-11-04,"United Kingdom","Belfast","Protestant Extremists",0,,,,,1,Unknown,Private Citizens & Property,,,Western Europe,Assassination,,,Firearms,,,
197411030003,1974-11-03,"Italy","Rome","Unknown",0,,,,,0,0,Business,,,Western Europe,Facility/Infrastructure Attack,,,Incendiary,,,
197411030002,1974-11-03,"Italy","Rome","Red Brigades",0,,,,,0,0,Business,,,Western Europe,Facility/Infrastructure Attack,,,Incendiary,,,
197411030001,1974-11-03,"Italy","Rome","Armed Proletarian Nuclei (NAP)",0,,,,,0,0,Business,,,Western Europe,Facility/Infrastructure Attack,,,Incendiary,,,
197411020001,1974-11-02,"United Kingdom","Belfast","Irish Republican Extremists",0,,,,,1,Unknown,Private Citizens & Property,,,Western Europe,Assassination,,,Firearms,,,
197410300003,1974-10-30,"United Kingdom","Belfast","Irish Republican Army (IRA)",0,,,,,1,Unknown,Private Citizens & Property,,,Western Europe,Assassination,,,Firearms,,,
197410300002,1974-10-30,"United States","Los Altos Hills","New World Liberation Front (NWLF)",0,,,,,0,0,Business,,,North America,Bombing/Explosion,,,Explosives/Bombs/Dynamite,,,
197410300001,1974-10-30,"Turkey","Ankara","Turkish People's Liberation Army",0,,,,,0,1,Military,,,Middle East & North Africa,Assassination,,,Firearms,,,
197410290005,1974-10-29,"United States","New York City","Jewish Armed Resistance",0,,,,,0,1,Terrorists/Non-state Militia,,,North America,Armed Assault,,,Firearms,Melee,,
197410290004,1974-10-29,"Iran","Tehran","Mujahedin-e Khalq (MEK)",0,,,,,0,0,Business,,,Middle East & North Africa,Facility/Infrastructure Attack,,,Incendiary,,,
197410290003,1974-10-29,"Iran","Tehran","Unknown",0,,,,,Unknown,Unknown,Business,,,Middle East & North Africa,Bombing/Explosion,,,Explosives/Bombs/Dynamite,,,
197410290002,1974-10-29,"Iran","Tehran","Unknown",0,,,,,Unknown,Unknown,Private Citizens & Property,,,Middle East & North Africa,Bombing/Explosion,,,Explosives/Bombs/Dynamite,,,
197410290001,1974-10-29,"Spain","Donostia-San Sebastian","Basque Fatherland and Freedom (ETA)",0,,,,,1,0,Police,,,Western Europe,Assassination,,,Firearms,,,
197410280002,1974-10-28,"United Kingdom","Ballykinler","Irish Republican Army (IRA)",0,,,,,2,Unknown,Military,,,Western Europe,Bombing/Explosion,,,Explosives/Bombs/Dynamite,,,
197410280001,1974-10-28,"United States","San Juan","National Front for the Liberation of Cuba (FLNC)",0,,,,,0,0,Business,,,North America,Bombing/Explosion,,,Explosives/Bombs/Dynamite,,,
197410270001,1974-10-27,"United Kingdom","Portadown","Ulster Volunteer Force (UVF)",0,,,,,1,Unknown,Private Citizens & Property,,,Western Europe,Assassination,,,Firearms,,,
197410260003,1974-10-26,"United States","New York City","Fuerzas Armadas de Liberacion Nacional (FALN)",0,,,,,0,0,Business,,,North America,Bombing/Explosion,,,Explosives/Bombs/Dynamite,,,
197410260002,1974-10-26,"United States","New York City","Fuerzas Armadas de Liberacion Nacional (FALN)",0,,,,,0,0,Business,,,North America,Bombing/Explosion,,,Explosives/Bombs/Dynamite,,,
197410260001,1974-10-26,"United States","New York City","Fuerzas Armadas de Liberacion Nacional (FALN)",0,,,,,0,0,Business,,,North America,Bombing/Explosion,,,Explosives/Bombs/Dynamite,,,
197410250003,1974-10-25,"West Germany (FRG)","West Berlin","Unknown",0,,,,,Unknown,Unknown,Government (General),,,Western Europe,Facility/Infrastructure Attack,,,Incendiary,,,
197410250002,1974-10-25,"West Germany (FRG)","West Berlin","Unknown",0,,,,,Unknown,Unknown,Government (General),,,Western Europe,Facility/Infrastructure Attack,,,Incendiary,,,
197410250001,1974-10-25,"West Germany (FRG)","West Berlin","Unknown",0,,,,,Unknown,Unknown,Government (General),,,Western Europe,Facility/Infrastructure Attack,,,Incendiary,,,
197410220004,1974-10-22,"United Kingdom","Belfast","Protestant Extremists",0,,,,,1,Unknown,Private Citizens & Property,,,Western Europe,Bombing/Explosion,,,Explosives/Bombs/Dynamite,,,
197410220002,1974-10-22,"Italy","Florence","Armed Proletarian Nuclei (NAP)",0,,,,,2,Unknown,Business,,,Western Europe,Armed Assault,,,Firearms,,,
197410220001,1974-10-22,"United Kingdom","London","Irish Republican Army (IRA)",0,,,,,0,3,Business,,,Western Europe,Bombing/Explosion,,,Explosives/Bombs/Dynamite,,,
197410210006,1974-10-21,"United Kingdom","Belfast","Irish Republican Army (IRA)",0,,,,,1,Unknown,Private Citizens & Property,,,Western Europe,Hostage Taking (Kidnapping),,,Firearms,,,
197410210005,1974-10-21,"United Kingdom","Belfast","Ulster Volunteer Force (UVF)",0,,,,,1,Unknown,Private Citizens & Property,,,Western Europe,Assassination,,,Firearms,,,
197410210004,1974-10-21,"Argentina","Rio Cuarto","Ejercito Revolucionaria del Pueblo (ERP) (Argentina)",0,,,,,0,0,Business,,,South America,Bombing/Explosion,,,Explosives/Bombs/Dynamite,,,
197410210003,1974-10-21,"Argentina","Rio Cuarto","Ejercito Revolucionaria del Pueblo (ERP) (Argentina)",0,,,,,0,0,Business,,,South America,Bombing/Explosion,,,Explosives/Bombs/Dynamite,,,
197410210002,1974-10-21,"Argentina","Rio Cuarto","Montoneros (Argentina)",0,,,,,0,0,Government (Diplomatic),,,South America,Bombing/Explosion,,,Explosives/Bombs/Dynamite,,,
197410210001,1974-10-21,"Argentina","Cordoba","Ejercito Revolucionaria del Pueblo (ERP) (Argentina)",0,,,,,0,1,Business,,,South America,Assassination,,,Explosives/Bombs/Dynamite,,,
197410200001,1974-10-20,"United Kingdom","Belfast","Ulster Freedom Fighters (UFF)",0,,,,,1,Unknown,Private Citizens & Property,,,Western Europe,Assassination,,,Firearms,,,
197410130001,1974-10-13,"United Kingdom","Belfast","Ulster Volunteer Force (UVF)",0,,,,,1,Unknown,Private Citizens & Property,,,Western Europe,Assassination,,,Firearms,,,
197410120001,1974-10-12,"United Kingdom","Carrickfergus","Protestant Extremists",0,,,,,1,Unknown,Private Citizens & Property,,,Western Europe,Assassination,,,Firearms,,,
197410110003,1974-10-11,"United Kingdom","Belfast","Protestant Action Group",0,,,,,1,Unknown,Private Citizens & Property,,,Western Europe,Assassination,,,Firearms,,,
197410110002,1974-10-11,"Syria","Aleppo","Arab Communist Organization",0,,,,,0,0,Business,,,Middle East & North Africa,Bombing/Explosion,,,Explosives/Bombs/Dynamite,,,
197410110001,1974-10-11,"Lebanon","Beirut","Arab Communist Organization",0,,,,,0,0,Business,,,Middle East & North Africa,Bombing/Explosion,,,Explosives/Bombs/Dynamite,,,
197410100004,1974-10-10,"United Kingdom","Newtownabbey","Protestant Extremists",0,,,,,1,Unknown,Private Citizens & Property,,,Western Europe,Assassination,,,Firearms,,,
197410100003,1974-10-10,"United Kingdom","London","Irish Republican Army (IRA)",0,,,,,0,0,Private Citizens & Property,,,Western Europe,Bombing/Explosion,,,Explosives/Bombs/Dynamite,,,
197410100002,1974-10-10,"United Kingdom","London","Irish Republican Army (IRA)",0,,,,,0,1,Military,,,Western Europe,Bombing/Explosion,,,Explosives/Bombs/Dynamite,,,
197410100001,1974-10-10,"Syria","Aleppo","Arab Communist Organization",0,,,,,1,1,Business,,,Middle East & North Africa,Bombing/Explosion,,,Explosives/Bombs/Dynamite,,,
197410090003,1974-10-09,"United States","Unknown","National Front for the Liberation of Cuba (FLNC)",0,,,,,0,0,Business,,,North America,Bombing/Explosion,,,Explosives/Bombs/Dynamite,,,
197410090002,1974-10-09,"United States","Unknown","National Front for the Liberation of Cuba (FLNC)",0,,,,,0,0,Business,,,North America,Bombing/Explosion,,,Explosives/Bombs/Dynamite,,,
197410090001,1974-10-09,"France","Paris","International Revolutionary Action Group (GARI)",0,,,,,0,0,Private Citizens & Property,,,Western Europe,Bombing/Explosion,,,Explosives/Bombs/Dynamite,,,
197410080003,1974-10-08,"United Kingdom","Stewartstown","Irish Republican Army (IRA)",0,,,,,1,Unknown,Police,,,Western Europe,Bombing/Explosion,,,Explosives/Bombs/Dynamite,,,
197410080002,1974-10-08,"West Germany (FRG)","Frankfurt","Unknown",0,,,,,0,0,Business,,,Western Europe,Facility/Infrastructure Attack,,,Incendiary,,,
197410080001,1974-10-08,"United States","Unknown","National Front for the Liberation of Cuba (FLNC)",0,,,,,0,0,Business,,,North America,Bombing/Explosion,,,Explosives/Bombs/Dynamite,,,
197410050006,1974-10-05,"United States","Los Angeles","New World Liberation Front (NWLF)",0,,,,,0,0,Business,,,North America,Bombing/Explosion,,,Explosives/Bombs/Dynamite,,,
197410050005,1974-10-05,"United Kingdom","Londonderry","Irish Republican Army (IRA)",0,,,,,1,Unknown,Police,,,Western Europe,Armed Assault,,,Firearms,,,
197410050003,1974-10-05,"United Kingdom","Guildford","Irish Republican Army (IRA)",0,,,,,5,25,Business,,,Western Europe,Bombing/Explosion,,,Explosives/Bombs/Dynamite,,,
197410050002,1974-10-05,"Italy","Milan","Armed Proletarian Nuclei (NAP)",0,,,,,0,0,Business,,,Western Europe,Facility/Infrastructure Attack,,,Incendiary,,,
197410050001,1974-10-05,"Italy","Milan","Armed Proletarian Nuclei (NAP)",0,,,,,0,0,Business,,,Western Europe,Facility/Infrastructure Attack,,,Incendiary,,,
197410040001,1974-10-04,"United Kingdom","Belfast","Ulster Volunteer Force (UVF)",0,,,,,1,Unknown,Private Citizens & Property,,,Western Europe,Assassination,,,Firearms,,,
197410020003,1974-10-02,"United States","San Francisco","New World Liberation Front (NWLF)",0,,,,,0,0,Business,,,North America,Bombing/Explosion,,,Explosives/Bombs/Dynamite,,,
197410020002,1974-10-02,"United Kingdom","Londonderry","Irish Republican Army (IRA)",0,,,,,1,Unknown,Military,,,Western Europe,Assassination,,,Firearms,,,
197410010003,1974-10-01,"Italy","Rome","Armed Proletarian Nuclei (NAP)",0,,,,,0,0,Police,,,Western Europe,Bombing/Explosion,,,Explosives/Bombs/Dynamite,Firearms,,
197410010002,1974-10-01,"Italy","Naples","Armed Proletarian Nuclei (NAP)",0,,,,,0,0,Police,,,Western Europe,Bombing/Explosion,,,Explosives/Bombs/Dynamite,Firearms,,
197410010001,1974-10-01,"Italy","Milan","Armed Proletarian Nuclei (NAP)",0,,,,,0,0,Police,,,Western Europe,Bombing/Explosion,,,Explosives/Bombs/Dynamite,Firearms,,
197409300004,1974-09-30,"United Kingdom","Belfast","Protestant Extremists",0,,,,,1,Unknown,Private Citizens & Property,,,Western Europe,Assassination,,,Firearms,,,
197409300003,1974-09-30,"United Kingdom","Belfast","Ulster Volunteer Force (UVF)",0,,,,,1,Unknown,Private Citizens & Property,,,Western Europe,Assassination,,,Firearms,,,
197409300002,1974-09-30,"Argentina","Buenos Aires","Ejercito Revolucionaria del Pueblo (ERP) (Argentina)",0,,,,,Unknown,Unknown,Business,,,South America,Hostage Taking (Kidnapping),,,Unknown,,,
197409300001,1974-09-30,"Argentina","Buenos Aires","Argentine Anticommunist Alliance (AAA)",0,,,,,2,0,Military,,,South America,Assassination,,,Explosives/Bombs/Dynamite,,,
197409290001,1974-09-29,"United Kingdom","Belfast","Ulster Freedom Fighters (UFF)",0,,,,,1,Unknown,Private Citizens & Property,,,Western Europe,Armed Assault,,,Melee,,,
197409280001,1974-09-28,"United States","Newark","Fuerzas Armadas de Liberacion Nacional (FALN)",1,,,,,0,0,Police,Government (General),,North America,Bombing/Explosion,,,Explosives/Bombs/Dynamite,,,
197409270002,1974-09-27,"Dominican Republic","Santo Domingo","Dominican Popular Movement (MPD)",0,,,,,0,0,Government (Diplomatic),,,Central America & Caribbean,Hostage Taking (Barricade Incident),,,Firearms,,,
197409270001,1974-09-27,"Dominican Republic","Santo Domingo","M12J",0,,,,,0,0,Government (Diplomatic),,,Central America & Caribbean,Hostage Taking (Kidnapping),,,Unknown,,,
197409250002,1974-09-25,"United Kingdom","Belfast","Ulster Volunteer Force (UVF)",0,,,,,1,Unknown,Private Citizens & Property,,,Western Europe,Assassination,,,Firearms,,,
197409250001,1974-09-25,"Argentina","Buenos Aires","Ejercito Revolucionaria del Pueblo (ERP) (Argentina)",0,,,,,0,1,Government (General),,,South America,Assassination,,,Firearms,Firearms,,
197409220001,1974-09-22,"United Kingdom","Finaghy","Irish Republican Army (IRA)",0,,,,,1,Unknown,Police,,,Western Europe,Assassination,,,Firearms,,,
197409190002,1974-09-19,"Peru","Arequipa","Condor",0,,,,,0,2,Government (Diplomatic),,,South America,Bombing/Explosion,,,Explosives/Bombs/Dynamite,,,
197409190001,1974-09-19,"Argentina","Buenos Aires","Montoneros (Argentina)",0,,,,,2,0,Business,,,South America,Hostage Taking (Kidnapping),,,Unknown,,,
197409180001,1974-09-18,"United Kingdom","Belfast","Ulster Volunteer Force (UVF)",0,,,,,1,Unknown,Terrorists/Non-state Militia,,,Western Europe,Assassination,,,Firearms,,,
197409170001,1974-09-17,"Spain","Arrasate","Basque Fatherland and Freedom (ETA)",0,,,,,2,0,Police,,,Western Europe,Assassination,,,Firearms,,,
197409160015,1974-09-16,"United Kingdom","Pomeroy","Ulster Volunteer Force (UVF)",0,,,,,1,Unknown,Private Citizens & Property,,,Western Europe,Bombing/Explosion,,,Explosives/Bombs/Dynamite,,,
197409160014,1974-09-16,"United Kingdom","Belfast","Irish Republican Army (IRA)",0,,,,,1,Unknown,Private Citizens & Property,,,Western Europe,Assassination,,,Firearms,,,
197409160013,1974-09-16,"United Kingdom","Belfast","Irish Republican Army (IRA)",0,,,,,1,Unknown,Private Citizens & Property,,,Western Europe,Assassination,,,Firearms,,,
197409160012,1974-09-16,"Argentina","Buenos Aires","Montoneros (Argentina)",0,,,,,0,0,Business,,,South America,Bombing/Explosion,,,Explosives/Bombs/Dynamite,,,
197409160011,1974-09-16,"Argentina","Buenos Aires","Montoneros (Argentina)",0,,,,,0,0,Business,,,South America,Bombing/Explosion,,,Explosives/Bombs/Dynamite,,,
197409160010,1974-09-16,"Argentina","Buenos Aires","Montoneros (Argentina)",0,,,,,0,0,Business,,,South America,Bombing/Explosion,,,Explosives/Bombs/Dynamite,,,
197409160009,1974-09-16,"Argentina","Buenos Aires","Montoneros (Argentina)",0,,,,,0,0,Business,,,South America,Bombing/Explosion,,,Explosives/Bombs/Dynamite,,,
197409160008,1974-09-16,"Argentina","Buenos Aires","Montoneros (Argentina)",0,,,,,0,0,Business,,,South America,Bombing/Explosion,,,Explosives/Bombs/Dynamite,,,
197409160007,1974-09-16,"Argentina","Buenos Aires","Montoneros (Argentina)",0,,,,,0,0,Business,,,South America,Bombing/Explosion,,,Explosives/Bombs/Dynamite,,,
197409160006,1974-09-16,"Argentina","Buenos Aires","Montoneros (Argentina)",0,,,,,0,0,Business,,,South America,Bombing/Explosion,,,Explosives/Bombs/Dynamite,,,
197409160005,1974-09-16,"Argentina","Buenos Aires","Montoneros (Argentina)",0,,,,,0,0,Business,,,South America,Bombing/Explosion,,,Explosives/Bombs/Dynamite,,,
197409160004,1974-09-16,"Argentina","Buenos Aires","Montoneros (Argentina)",0,,,,,0,0,Business,,,South America,Bombing/Explosion,,,Explosives/Bombs/Dynamite,,,
197409160003,1974-09-16,"Argentina","Buenos Aires","Montoneros (Argentina)",0,,,,,0,0,Business,,,South America,Bombing/Explosion,,,Explosives/Bombs/Dynamite,,,
197409160002,1974-09-16,"Argentina","Buenos Aires","Montoneros (Argentina)",0,,,,,0,0,Business,,,South America,Bombing/Explosion,,,Explosives/Bombs/Dynamite,,,
197409160001,1974-09-16,"Argentina","Buenos Aires","Montoneros (Argentina)",0,,,,,0,0,Business,,,South America,Bombing/Explosion,,,Explosives/Bombs/Dynamite,,,
197409150001,1974-09-15,"France","Paris","Popular Front for the Liberation of Palestine (PFLP)",0,,,,,2,25,Business,,,Western Europe,Bombing/Explosion,,,Explosives/Bombs/Dynamite,,,
197409140002,1974-09-14,"Argentina","Buenos Aires","Argentine Liberation Front (FAL)",0,,,,,0,0,Government (Diplomatic),,,South America,Bombing/Explosion,,,Firearms,Explosives/Bombs/Dynamite,,
197409140001,1974-09-14,"Syria","Aleppo","Arab Communist Organization",0,,,,,0,6,Government (Diplomatic),,,Middle East & North Africa,Bombing/Explosion,,,Explosives/Bombs/Dynamite,,,
197409130003,1974-09-13,"Netherlands","The Hague","Japanese Red Army (JRA)",0,,,,,0,0,Government (Diplomatic),,,Western Europe,Hostage Taking (Barricade Incident),,,Firearms,Explosives/Bombs/Dynamite,,
197409130002,1974-09-13,"Spain","Madrid","Basque Fatherland and Freedom (ETA)",0,,,,,12,70,Business,,,Western Europe,Bombing/Explosion,,,Explosives/Bombs/Dynamite,,,
197409130001,1974-09-13,"France","marseilles","Unknown",0,,,,,0,0,Airports and Aircraft,,,Western Europe,Bombing/Explosion,,,Explosives/Bombs/Dynamite,,,
197409110003,1974-09-11,"Spain","Barcelona","Catalan Liberation Front (FAC)",0,,,,,Unknown,Unknown,Government (Diplomatic),,,Western Europe,Bombing/Explosion,,,Explosives/Bombs/Dynamite,,,
197409110002,1974-09-11,"Argentina","Salta","Argentine Liberation Front (FAL)",0,,,,,0,0,Government (Diplomatic),,,South America,Bombing/Explosion,,,Explosives/Bombs/Dynamite,,,
197409110001,1974-09-11,"Spain","Bilbao","Basque Fatherland and Freedom (ETA)",0,,,,,1,0,Police,,,Western Europe,Assassination,,,Firearms,,,
197409100001,1974-09-10,"United States","San Leandro","Weather Underground, Weathermen",0,,,,,0,0,Business,,,North America,Bombing/Explosion,,,Explosives/Bombs/Dynamite,,,
197409080003,1974-09-08,"Spain","Barcelona","Unknown",0,,,,,0,0,Airports and Aircraft,,,Western Europe,Bombing/Explosion,,,Explosives/Bombs/Dynamite,,,
197409080002,1974-09-08,"Greece","Athens","Popular Front for the Liberation of Palestine, Gen Cmd (PFLP-GC)",0,,,,,88,0,Airports and Aircraft,,,Western Europe,Bombing/Explosion,,,Explosives/Bombs/Dynamite,,,
197409080001,1974-09-08,"Argentina","Rosario","Montoneros (Argentina)",0,,,,,0,0,Government (Diplomatic),,,South America,Bombing/Explosion,,,Explosives/Bombs/Dynamite,,,
197409070001,1974-09-07,"United Kingdom","Dungannon","Irish Republican Army (IRA)",0,,,,,1,Unknown,Military,Private Citizens & Property,,Western Europe,Assassination,,,Firearms,,,
197409030002,1974-09-03,"United States","San Francisco","New World Liberation Front (NWLF)",0,,,,,0,0,Business,,,North America,Bombing/Explosion,,,Explosives/Bombs/Dynamite,,,
197409020001,1974-09-02,"Greece","Athens","Unknown",0,,,,,2,0,Government (Diplomatic),,,Western Europe,Bombing/Explosion,,,Explosives/Bombs/Dynamite,,,
197409010001,1974-09-01,"Lebanon","Beirut","Unknown",0,,,,,0,0,Airports and Aircraft,,,Middle East & North Africa,Bombing/Explosion,,,Explosives/Bombs/Dynamite,,,
197408310001,1974-08-31,"United States","New York City","Fuerzas Armadas de Liberacion Nacional (FALN)",0,,,,,0,0,Business,,,North America,Bombing/Explosion,,,Explosives/Bombs/Dynamite,,,
197408280001,1974-08-28,"Spain","Donostia-San Sebastian","Basque Fatherland and Freedom (ETA)",0,,,,,0,0,Business,,,Western Europe,Armed Assault,,,Firearms,,,
197408270001,1974-08-27,"Argentina","Cordoba","Peronist Armed Forces (FAP)",0,,,,,1,0,Business,,,South America,Assassination,,,Firearms,,,
197408260002,1974-08-26,"United Kingdom","Craigavon","Irish Republican Army (IRA)",0,,,,,1,Unknown,Military,,,Western Europe,Assassination,,,Firearms,,,
197408260001,1974-08-26,"West Germany (FRG)","Frankfurt","2nd of June Movement",0,,,,,0,0,Business,,,Western Europe,Bombing/Explosion,,,Explosives/Bombs/Dynamite,,,
197408250001,1974-08-25,"West Germany (FRG)","Mannheim","Democratic Front for the Liberation of Palestine (DFLP)",0,,,,,0,0,Business,,,Western Europe,Bombing/Explosion,,,Explosives/Bombs/Dynamite,,,
197408230002,1974-08-23,"United Kingdom","Dungannon","Irish Republican Army (IRA)",0,,,,,1,Unknown,Military,,,Western Europe,Assassination,,,Firearms,,,
197408230001,1974-08-23,"United Kingdom","Omagh","Irish Republican Army (IRA)",0,,,,,1,Unknown,Police,,,Western Europe,Assassination,,,Firearms,,,
197408180001,1974-08-18,"United Kingdom","Belfast","Irish Republican Army (IRA)",0,,,,,1,Unknown,Private Citizens & Property,,,Western Europe,Assassination,,,Firearms,,,
197408160001,1974-08-16,"United States","Los Angeles","Unaffiliated Individual(s)",0,,,,,0,0,Transportation,,,North America,Bombing/Explosion,,,Explosives/Bombs/Dynamite,,,
197408150002,1974-08-15,"West Germany (FRG)","Mannheim","Revolutionary Cells",0,,,,,0,0,Business,,,Western Europe,Bombing/Explosion,,,Explosives/Bombs/Dynamite,,,
197408150001,1974-08-15,"South Korea","Seoul","Korean Youth League",0,,,,,1,0,Government (General),,,East Asia,Assassination,,,Firearms,,,
197408140002,1974-08-14,"United Kingdom","Belfast","Ulster Freedom Fighters (UFF)",0,,,,,1,Unknown,Private Citizens & Property,,,Western Europe,Assassination,,,Firearms,,,
197408140001,1974-08-14,"Syria","Aleppo","Arab Communist Organization",0,,,,,0,2,Government (Diplomatic),,,Middle East & North Africa,Bombing/Explosion,,,Explosives/Bombs/Dynamite,,,
197408130001,1974-08-13,"United Kingdom","Crossmaglen","Irish Republican Army (IRA)",0,,,,,2,Unknown,Military,,,Western Europe,Bombing/Explosion,,,Explosives/Bombs/Dynamite,,,
197408110001,1974-08-11,"Iran","Tehran","Mujahedin-e Khalq (MEK)",0,,,,,1,0,Business,,,Middle East & North Africa,Assassination,,,Firearms,,,
197408100001,1974-08-10,"United Kingdom","Lisbellaw","Ulster Freedom Fighters (UFF)",0,,,,,1,Unknown,Private Citizens & Property,,,Western Europe,Assassination,,,Firearms,,,
197408080003,1974-08-08,"United States","San Francisco","New World Liberation Front (NWLF)",0,,,,,0,0,Business,,,North America,Bombing/Explosion,,,Explosives/Bombs/Dynamite,,,
197408080002,1974-08-08,"United Kingdom","Belfast","Ulster Freedom Fighters (UFF)",0,,,,,1,Unknown,Terrorists/Non-state Militia,,,Western Europe,Assassination,,,Firearms,,,
197408070002,1974-08-07,"United States","New York City","Unaffiliated Individual(s)",0,,,,,0,0,Government (Diplomatic),,,North America,Bombing/Explosion,,,Explosives/Bombs/Dynamite,,,
197408060004,1974-08-06,"United States","Los Angeles","Unaffiliated Individual(s)",0,,,,,3,36,Airports and Aircraft,,,North America,Bombing/Explosion,,,Explosives/Bombs/Dynamite,,,
197408060003,1974-08-06,"United States","San Juan","M-7",0,,,,,0,0,Government (Diplomatic),,,North America,Bombing/Explosion,,,Explosives/Bombs/Dynamite,,,
197408060002,1974-08-06,"Jamaica","Kingston","National Front for the Liberation of Cuba (FLNC)",0,,,,,0,0,Government (Diplomatic),,,Central America & Caribbean,Bombing/Explosion,,,Explosives/Bombs/Dynamite,,,
197408060001,1974-08-06,"Argentina","Cordoba","Unknown",0,,,,,1,2,Business,,,South America,Hostage Taking (Kidnapping),,,Unknown,,,
197408050002,1974-08-05,"United States","Burlingame","New World Liberation Front (NWLF)",0,,,,,0,0,Business,,,North America,Bombing/Explosion,,,Explosives/Bombs/Dynamite,,,
197408050001,1974-08-05,"Belgium","Brussels","International Revolutionary Action Group (GARI)",0,,,,,0,0,Business,,,Western Europe,Bombing/Explosion,,,Explosives/Bombs/Dynamite,,,
197408040001,1974-08-04,"Italy","Bologna","Black Order",0,,,,,12,48,Transportation,,,Western Europe,Bombing/Explosion,,,Explosives/Bombs/Dynamite,,,
197408030004,1974-08-03,"United Kingdom","Newtownabbey","Irish Republican Army (IRA)",0,,,,,1,Unknown,Private Citizens & Property,,,Western Europe,Assassination,,,Explosives/Bombs/Dynamite,,,
197408030003,1974-08-03,"France","Paris","Popular Front for the Liberation of Palestine (PFLP)",0,"Carlos the Jackal",0,,,0,0,Journalists & Media,,,Western Europe,Bombing/Explosion,,,Explosives/Bombs/Dynamite,,,
197408030002,1974-08-03,"France","Paris","Popular Front for the Liberation of Palestine (PFLP)",0,,,,,0,2,Journalists & Media,,,Western Europe,Bombing/Explosion,,,Explosives/Bombs/Dynamite,,,
197408030001,1974-08-03,"France","Paris","Democratic Front for the Liberation of Palestine (DFLP)",0,,,,,0,0,Private Citizens & Property,,,Western Europe,Bombing/Explosion,,,Explosives/Bombs/Dynamite,,,
197407300001,1974-07-30,"United Kingdom","Belfast","Irish Republican Army (IRA)",0,,,,,1,Unknown,Military,,,Western Europe,Assassination,,,Firearms,,,
197407290003,1974-07-29,"United Kingdom","Belfast","Ulster Freedom Fighters (UFF)",0,,,,,1,Unknown,Private Citizens & Property,,,Western Europe,Unarmed Assault,,,Melee,,,
197407290002,1974-07-29,"United Kingdom","Belfast","Unknown",0,,,,,1,Unknown,Private Citizens & Property,,,Western Europe,Assassination,,,Firearms,,,
197407290001,1974-07-29,"France","Toulouse","GAC",0,,,,,0,Unknown,Government (Diplomatic),,,Western Europe,Bombing/Explosion,,,Explosives/Bombs/Dynamite,,,
197407280001,1974-07-28,"France","Toulouse","Unknown",0,,,,,0,3,Government (Diplomatic),,,Western Europe,Bombing/Explosion,,,Explosives/Bombs/Dynamite,,,
197407260001,1974-07-26,"United States","San Juan","M-7",0,,,,,0,0,Government (Diplomatic),,,North America,Bombing/Explosion,,,Explosives/Bombs/Dynamite,,,
197407250002,1974-07-25,"United States","Washington","Unknown",0,,,,,0,0,Government (Diplomatic),,,North America,Facility/Infrastructure Attack,,,Incendiary,,,
197407250001,1974-07-25,"France","Nimes","Unknown",0,,,,,0,0,Business,,,Western Europe,Bombing/Explosion,,,Explosives/Bombs/Dynamite,,,
197407230004,1974-07-23,"United States","Washington","Unknown",0,,,,,0,0,Military,,,North America,Bombing/Explosion,,,Explosives/Bombs/Dynamite,,,
197407230003,1974-07-23,"United Kingdom","Garvagh","Irish Republican Army (IRA)",0,,,,,1,Unknown,Military,,,Western Europe,Bombing/Explosion,,,Explosives/Bombs/Dynamite,,,
197407230001,1974-07-23,"Argentina","Rosario","Ejercito Revolucionaria del Pueblo (ERP) (Argentina)",0,,,,,0,0,Business,,,South America,Hostage Taking (Kidnapping),,,Unknown,,,
197407210001,1974-07-21,"Lebanon","Beirut","Lebanese Socialist Revolutionary Organization",0,,,,,0,2,Government (Diplomatic),,,Middle East & North Africa,Assassination,,,Firearms,,,
197407200002,1974-07-20,"United Kingdom","Belfast","Irish Republican Army (IRA)",0,,,,,1,Unknown,Private Citizens & Property,,,Western Europe,Assassination,,,Firearms,,,
197407200001,1974-07-20,"United Kingdom","Strabane","Irish Republican Army (IRA)",0,,,,,1,Unknown,Private Citizens & Property,,,Western Europe,Assassination,,,Firearms,,,
197407180001,1974-07-18,"Argentina","Buenos Aires","Unknown",0,,,,,1,0,Journalists & Media,,,South America,Hostage Taking (Kidnapping),,,Unknown,,,
197407170003,1974-07-17,"United Kingdom","London","Irish Republican Army (IRA)",0,,,,,1,Unknown,Private Citizens & Property,,,Western Europe,Bombing/Explosion,,,Explosives/Bombs/Dynamite,,,
197407170002,1974-07-17,"United Kingdom","London","Irish Republican Army (IRA)",0,,,,,1,41,Private Citizens & Property,,,Western Europe,Bombing/Explosion,,,Explosives/Bombs/Dynamite,,,
197407170001,1974-07-17,"Argentina","Buenos Aires","Ejercito Revolucionaria del Pueblo (ERP) (Argentina)",0,,,,,0,1,Business,,,South America,Assassination,,,Firearms,,,
197407160004,1974-07-16,"United Kingdom","Belfast","Ulster Volunteer Force (UVF)",0,,,,,1,Unknown,Private Citizens & Property,,,Western Europe,Bombing/Explosion,,,Explosives/Bombs/Dynamite,,,
197407160003,1974-07-16,"United Kingdom","Manchester","Irish Republican Army (IRA)",0,,,,,0,2,Private Citizens & Property,,,Western Europe,Bombing/Explosion,,,Explosives/Bombs/Dynamite,,,
197407160002,1974-07-16,"United Kingdom","Birmingham","Irish Republican Army (IRA)",0,,,,,0,0,Private Citizens & Property,,,Western Europe,Bombing/Explosion,,,Explosives/Bombs/Dynamite,,,
197407160001,1974-07-16,"France","Lourdes","International Revolutionary Action Group (GARI)",0,,,,,0,0,Private Citizens & Property,,,Western Europe,Bombing/Explosion,,,Explosives/Bombs/Dynamite,,,
197407150001,1974-07-15,"Japan","Itami","Unknown",0,,,,,0,0,Airports and Aircraft,,,East Asia,Hijacking,,,Melee,Explosives/Bombs/Dynamite,,
197407140003,1974-07-14,"France","Paris","International Revolutionary Action Group (GARI)",0,,,,,Unknown,Unknown,Transportation,,,Western Europe,Bombing/Explosion,,,Explosives/Bombs/Dynamite,,,
197407140002,1974-07-14,"Andorra","Unknown","International Revolutionary Action Group (GARI)",0,,,,,Unknown,Unknown,Business,,,Western Europe,Armed Assault,,,Firearms,,,
197407140001,1974-07-14,"France","Lourdes","International Revolutionary Action Group (GARI)",0,,,,,Unknown,Unknown,Private Citizens & Property,,,Western Europe,Bombing/Explosion,,,Explosives/Bombs/Dynamite,,,
197407120002,1974-07-12,"United Kingdom","Bangor","Ulster Volunteer Force (UVF)",0,,,,,1,Unknown,Private Citizens & Property,,,Western Europe,Assassination,,,Firearms,,,
197407120001,1974-07-12,"United Kingdom","Belfast","Irish Republican Army (IRA)",0,,,,,1,Unknown,Terrorists/Non-state Militia,,,Western Europe,Assassination,,,Firearms,,,
197407050001,1974-07-05,"France","Toulouse","International Revolutionary Action Group (GARI)",0,,,,,Unknown,Unknown,Business,,,Western Europe,Armed Assault,,,Firearms,,,
197407030002,1974-07-03,"France","Paris","National Front for the Liberation of Cuba (FLNC)",0,,,,,0,0,Government (Diplomatic),,,Western Europe,Bombing/Explosion,,,Explosives/Bombs/Dynamite,,,
197407030001,1974-07-03,"Lebanon","Beirut","Unknown",0,,,,,0,0,Journalists & Media,,,Middle East & North Africa,Hostage Taking (Kidnapping),,,Unknown,,,
197407020001,1974-07-02,"United Kingdom","Newtownhamilton","Irish Republican Army (IRA)",0,,,,,1,Unknown,Military,,,Western Europe,Bombing/Explosion,,,Explosives/Bombs/Dynamite,,,
197406300001,1974-06-30,"United Kingdom","Belfast","Irish Republican Army (IRA)",0,,,,,1,Unknown,Military,,,Western Europe,Assassination,,,Firearms,,,
197406250001,1974-06-25,"Israel","Nahariyya","Black September",0,,,,,14,Unknown,Private Citizens & Property,,,Middle East & North Africa,Hostage Taking (Barricade Incident),,,Firearms,,,
197406240006,1974-06-24,"United Kingdom","Londonderry","Irish Republican Army (IRA)",0,,,,,2,Unknown,Terrorists/Non-state Militia,,,Western Europe,Bombing/Explosion,,,Explosives/Bombs/Dynamite,,,
197406240005,1974-06-24,"United Kingdom","Belfast","Irish Republican Army (IRA)",0,,,,,1,Unknown,Military,,,Western Europe,Assassination,,,Firearms,,,
197406240004,1974-06-24,"Yugoslavia","Skopje","Unknown",0,,,,,0,0,Government (Diplomatic),,,Eastern Europe,Bombing/Explosion,,,Explosives/Bombs/Dynamite,,,
197406240003,1974-06-24,"Argentina","Buenos Aires","Ejercito Revolucionaria del Pueblo (ERP) (Argentina)",0,,,,,Unknown,Unknown,Business,,,South America,Bombing/Explosion,,,Explosives/Bombs/Dynamite,,,
197406240002,1974-06-24,"Argentina","Buenos Aires","Ejercito Revolucionaria del Pueblo (ERP) (Argentina)",0,,,,,Unknown,Unknown,Business,,,South America,Bombing/Explosion,,,Explosives/Bombs/Dynamite,,,
197406240001,1974-06-24,"Argentina","Buenos Aires","Ejercito Revolucionaria del Pueblo (ERP) (Argentina)",0,,,,,0,0,Business,,,South America,Bombing/Explosion,,,Explosives/Bombs/Dynamite,,,
197406220001,1974-06-22,"United Kingdom","Belfast","Irish Republican Army (IRA)",0,,,,,1,Unknown,Police,,,Western Europe,Assassination,,,Firearms,,,
197406210001,1974-06-21,"United Kingdom","Belfast","Protestant Extremists",0,,,,,1,Unknown,Private Citizens & Property,,,Western Europe,Assassination,,,Firearms,,,
197406190007,1974-06-19,"West Germany (FRG)","Erlangen","Unknown",0,,,,,Unknown,Unknown,Police,,,Western Europe,Facility/Infrastructure Attack,,,Incendiary,,,
197406190006,1974-06-19,"Argentina","Buenos Aires","Ejercito Revolucionaria del Pueblo (ERP) (Argentina)",0,,,,,0,0,Business,,,South America,Bombing/Explosion,,,Explosives/Bombs/Dynamite,,,
197406190005,1974-06-19,"Argentina","Buenos Aires","Ejercito Revolucionaria del Pueblo (ERP) (Argentina)",0,,,,,0,0,Business,,,South America,Bombing/Explosion,,,Explosives/Bombs/Dynamite,,,
197406190004,1974-06-19,"Argentina","Buenos Aires","Ejercito Revolucionaria del Pueblo (ERP) (Argentina)",0,,,,,0,0,Business,,,South America,Bombing/Explosion,,,Explosives/Bombs/Dynamite,,,
197406190003,1974-06-19,"Argentina","Buenos Aires","Ejercito Revolucionaria del Pueblo (ERP) (Argentina)",0,,,,,0,0,Business,,,South America,Bombing/Explosion,,,Explosives/Bombs/Dynamite,,,
197406190002,1974-06-19,"Argentina","Buenos Aires","Ejercito Revolucionaria del Pueblo (ERP) (Argentina)",0,,,,,0,0,Business,,,South America,Bombing/Explosion,,,Explosives/Bombs/Dynamite,,,
197406190001,1974-06-19,"Argentina","Buenos Aires","Ejercito Revolucionaria del Pueblo (ERP) (Argentina)",0,,,,,0,0,Business,,,South America,Bombing/Explosion,,,Explosives/Bombs/Dynamite,,,
197406180002,1974-06-18,"United Kingdom","Lurgan","Irish Republican Army (IRA)",0,,,,,1,Unknown,Police,,,Western Europe,Bombing/Explosion,,,Explosives/Bombs/Dynamite,,,
197406180001,1974-06-18,"Switzerland","Zurich","Krause Group",0,,,,,0,0,Business,,,Western Europe,Bombing/Explosion,,,Explosives/Bombs/Dynamite,,,
197406170001,1974-06-17,"United Kingdom","London","Irish Republican Army (IRA)",0,,,,,0,11,Government (General),,,Western Europe,Bombing/Explosion,,,Explosives/Bombs/Dynamite,,,
197406160001,1974-06-16,"Argentina","Buenos Aires","Unknown",0,,,,,2,0,Private Citizens & Property,,,South America,Assassination,,,Firearms,,,
197406150002,1974-06-15,"United States","Washington","Unaffiliated Individual(s)",0,,,,,0,0,Government (General),,,North America,Unarmed Assault,,,Fake Weapons,,,
197406140003,1974-06-14,"United Kingdom","Belfast","Ulster Freedom Fighters (UFF)",0,,,,,1,Unknown,Private Citizens & Property,,,Western Europe,Assassination,,,Firearms,,,
197406140002,1974-06-14,"United States","Chicago","Fuerzas Armadas de Liberacion Nacional (FALN)",0,,,,,0,0,Business,,,North America,Bombing/Explosion,,,Explosives/Bombs/Dynamite,,,
197406140001,1974-06-14,"Argentina","Buenos Aires","Unknown",0,,,,,0,0,Business,,,South America,Hostage Taking (Kidnapping),,,Unknown,,,
197406130006,1974-06-13,"United States","New York City","Unknown",0,,,,,0,0,Business,,,North America,Facility/Infrastructure Attack,,,Incendiary,,,
197406130005,1974-06-13,"United States","New York City","Unknown",0,,,,,0,0,Business,,,North America,Facility/Infrastructure Attack,,,Incendiary,,,
197406130004,1974-06-13,"United States","New York City","Unknown",0,,,,,0,0,Business,,,North America,Facility/Infrastructure Attack,,,Incendiary,,,
197406130003,1974-06-13,"United States","New York City","Unknown",0,,,,,0,0,Business,,,North America,Facility/Infrastructure Attack,,,Incendiary,,,
197406130002,1974-06-13,"Israel","Shamir","Popular Front for the Liberation of Palestine (PFLP)",0,,,,,7,0,Private Citizens & Property,,,Middle East & North Africa,Armed Assault,,,Firearms,,,
197406130001,1974-06-13,"United States","Pittsburgh","Weather Underground, Weathermen",0,,,,,0,0,Business,,,North America,Bombing/Explosion,,,Explosives/Bombs/Dynamite,,,
197406120005,1974-06-12,"United States","New York City","Unknown",0,,,,,0,0,Business,,,North America,Facility/Infrastructure Attack,,,Incendiary,,,
197406120004,1974-06-12,"United States","New York City","Unknown",0,,,,,0,0,Business,,,North America,Facility/Infrastructure Attack,,,Incendiary,,,
197406120003,1974-06-12,"United States","New York City","Unknown",0,,,,,0,0,Business,,,North America,Facility/Infrastructure Attack,,,Incendiary,,,
197406120002,1974-06-12,"Greece","Athens","Popular Resistance Sabotage Group",0,,,,,0,0,Military,,,Western Europe,Bombing/Explosion,,,Explosives/Bombs/Dynamite,Explosives/Bombs/Dynamite,,
197406120001,1974-06-12,"West Germany (FRG)","West Berlin","Revolutionary Cells",0,,,,,0,9,Government (Diplomatic),,,Western Europe,Bombing/Explosion,,,Explosives/Bombs/Dynamite,,,
197406110002,1974-06-11,"United States","New York City","Jewish Defense League (JDL)",0,,,,,0,0,Private Citizens & Property,,,North America,Facility/Infrastructure Attack,,,Incendiary,,,
197406110001,1974-06-11,"United States","Union City","Chicano Liberation Front",1,,,,,1,4,Police,Private Citizens & Property,,North America,Armed Assault,,,Firearms,,,
197406100001,1974-06-10,"West Germany (FRG)","Cologne","Unknown",0,,,,,Unknown,Unknown,Government (Diplomatic),,,Western Europe,Facility/Infrastructure Attack,,,Incendiary,,,
197406090002,1974-06-09,"United Kingdom","Belfast","Ulster Freedom Fighters (UFF)",0,,,,,1,Unknown,Private Citizens & Property,,,Western Europe,Bombing/Explosion,,,Explosives/Bombs/Dynamite,,,
197406090001,1974-06-09,"Argentina","Bernal","Unknown",0,,,,,1,0,Private Citizens & Property,,,South America,Assassination,,,Firearms,,,
197406050004,1974-06-05,"United States","Miami","Unknown",0,,,,,0,0,Military,,,North America,Bombing/Explosion,,,Explosives/Bombs/Dynamite,,,
197406050003,1974-06-05,"United Kingdom","Dungannon","Irish Republican Army (IRA)",0,,,,,1,Unknown,Military,,,Western Europe,Assassination,,,Firearms,,,
197406050001,1974-06-05,"West Germany (FRG)","West Berlin","2nd of June Movement",0,,,,,1,0,Terrorists/Non-state Militia,,,Western Europe,Assassination,,,Firearms,,,
197406030002,1974-06-03,"United States","New York City","Jewish Extremists",1,,,,,Unknown,Unknown,NGO,,,North America,Facility/Infrastructure Attack,,,Incendiary,,,
197406030001,1974-06-03,"United Kingdom","Belfast","Protestant Extremists",0,,,,,1,Unknown,Private Citizens & Property,,,Western Europe,Assassination,,,Firearms,,,
197406020003,1974-06-02,"United Kingdom","Rostrevor","Official Irish Republican Army (OIRA)",0,,,,,1,Unknown,Terrorists/Non-state Militia,,,Western Europe,Assassination,,,Firearms,,,
197406020002,1974-06-02,"Greece","Athens","Popular Resistance Sabotage Group",0,,,,,0,0,Military,,,Western Europe,Bombing/Explosion,,,Explosives/Bombs/Dynamite,,,
197406020001,1974-06-02,"Spain","Ataun","Basque Fatherland and Freedom (ETA)",0,,,,,1,0,Police,,,Western Europe,Assassination,,,Firearms,,,
197406010002,1974-06-01,"Haiti","Port-au-Prince","Unknown",0,,,,,0,0,Airports and Aircraft,,,Central America & Caribbean,Bombing/Explosion,,,Explosives/Bombs/Dynamite,,,
197406010001,1974-06-01,"Argentina","Buenos Aires","Unknown",0,,,,,0,0,Business,,,South America,Hostage Taking (Kidnapping),,,Unknown,,,
197405310006,1974-05-31,"United States","Chicago","Unknown",0,,,,,Unknown,Unknown,Police,,,North America,Bombing/Explosion,,,Explosives/Bombs/Dynamite,,,
197405310005,1974-05-31,"United Kingdom","Londonderry","Irish Republican Army (IRA)",0,,,,,1,Unknown,Private Citizens & Property,,,Western Europe,Assassination,,,Explosives/Bombs/Dynamite,,,
197405310004,1974-05-31,"Spain","Beasain","Basque Fatherland and Freedom (ETA)",0,,,,,0,0,Business,,,Western Europe,Armed Assault,,,Firearms,,,
197405310003,1974-05-31,"Argentina","Acheral","Ejercito Revolucionaria del Pueblo (ERP) (Argentina)",0,,,,,Unknown,Unknown,Private Citizens & Property,,,South America,Armed Assault,,,Firearms,,,
197405310002,1974-05-31,"United States","Los Angeles","Symbionese Liberation Army (SLA)",0,,,,,0,0,Government (General),,,North America,Bombing/Explosion,,,Explosives/Bombs/Dynamite,,,
197405310001,1974-05-31,"Argentina","General Pacheco","Unknown",0,,,,,3,0,Private Citizens & Property,,,South America,Assassination,,,Firearms,,,
197405290001,1974-05-29,"West Germany (FRG)","West Berlin","Organization of the Sons of Occupied Territories",0,,,,,0,0,Airports and Aircraft,,,Western Europe,Bombing/Explosion,,,Explosives/Bombs/Dynamite,,,
197405280002,1974-05-28,"Lebanon","Beirut","Revolutionary Arab Youth Organization",0,,,,,Unknown,3,Government (Diplomatic),,,Middle East & North Africa,Bombing/Explosion,,,Explosives/Bombs/Dynamite,,,
197405280001,1974-05-28,"Italy","Brescia","Black Order",0,,,,,11,0,Government (General),,,Western Europe,Bombing/Explosion,,,Explosives/Bombs/Dynamite,,,
197405270002,1974-05-27,"Ethiopia","Ghinda","Eritrean Liberation Front",0,,,,,1,0,Business,Religious Figures/Institutions,,Sub-Saharan Africa,Hostage Taking (Kidnapping),,,Unknown,,,
197405270001,1974-05-27,"Argentina","Cordoba","Unknown",0,,,,,1,0,Government (General),,,South America,Hostage Taking (Kidnapping),,,Unknown,,,
197405250001,1974-05-25,"United Kingdom","Belfast","Protestant Extremists",0,,,,,1,Unknown,Private Citizens & Property,,,Western Europe,Assassination,,,Melee,,,
197405240006,1974-05-24,"United Kingdom","Belfast","Irish Republican Army (IRA)",0,,,,,1,Unknown,Military,,,Western Europe,Bombing/Explosion,,,Explosives/Bombs/Dynamite,,,
197405240005,1974-05-24,"United Kingdom","Ballymena","Protestant Extremists",0,,,,,2,Unknown,Private Citizens & Property,,,Western Europe,Assassination,,,Firearms,,,
197405240004,1974-05-24,"Iran","Tehran","Unknown",0,,,,,Unknown,Unknown,Business,,,Middle East & North Africa,Bombing/Explosion,,,Explosives/Bombs/Dynamite,,,
197405240003,1974-05-24,"Iran","Tehran","Unknown",0,,,,,Unknown,Unknown,Business,,,Middle East & North Africa,Bombing/Explosion,,,Explosives/Bombs/Dynamite,,,
197405240002,1974-05-24,"Iran","Tehran","Unknown",0,,,,,Unknown,Unknown,Business,,,Middle East & North Africa,Bombing/Explosion,,,Explosives/Bombs/Dynamite,,,
197405240001,1974-05-24,"Iran","Tehran","Unknown",0,,,,,Unknown,Unknown,Business,,,Middle East & North Africa,Bombing/Explosion,,,Explosives/Bombs/Dynamite,,,
197405220004,1974-05-22,"Italy","Rome","Unknown",0,,,,,0,0,Government (Diplomatic),,,Western Europe,Bombing/Explosion,,,Explosives/Bombs/Dynamite,,,
197405220003,1974-05-22,"Belgium","Antwerp","International Revolutionary Action Group (GARI)",0,,,,,0,0,Airports and Aircraft,,,Western Europe,Facility/Infrastructure Attack,,,Incendiary,,,
197405220002,1974-05-22,"Belgium","Liege","International Revolutionary Action Group (GARI)",0,,,,,0,0,Airports and Aircraft,,,Western Europe,Facility/Infrastructure Attack,,,Incendiary,,,
197405220001,1974-05-22,"Belgium","Brussels","International Revolutionary Action Group (GARI)",0,,,,,0,1,Airports and Aircraft,,,Western Europe,Facility/Infrastructure Attack,,,Incendiary,,,
197405210001,1974-05-21,"United States","Yuba City","Unknown",0,,,,,Unknown,Unknown,Government (General),,,North America,Facility/Infrastructure Attack,,,Incendiary,,,
197405200002,1974-05-20,"United States","Yuba City","Unknown",0,,,,,Unknown,Unknown,Police,,,North America,Bombing/Explosion,,,Explosives/Bombs/Dynamite,,,
197405200001,1974-05-20,"United Kingdom","Belfast","Ulster Freedom Fighters (UFF)",0,,,,,1,Unknown,Private Citizens & Property,,,Western Europe,Assassination,,,Firearms,,,
197405190001,1974-05-19,"United Kingdom","London","Irish Republican Army (IRA)",0,,,,,0,3,Airports and Aircraft,,,Western Europe,Bombing/Explosion,,,Explosives/Bombs/Dynamite,,,
197405180002,1974-05-18,"United Kingdom","Belfast","Ulster Freedom Fighters (UFF)",0,,,,,1,Unknown,Terrorists/Non-state Militia,,,Western Europe,Armed Assault,,,Firearms,,,
197405180001,1974-05-18,"Israel","Maalot","Democratic Front for the Liberation of Palestine (DFLP)",0,,,,,25,70,Educational Institution,,,Middle East & North Africa,Bombing/Explosion,,,Firearms,Explosives/Bombs/Dynamite,,
197405170002,1974-05-17,"Ireland","Monaghan","Ulster Volunteer Force (UVF)",0,,,,,7,Unknown,Private Citizens & Property,,,Western Europe,Bombing/Explosion,,,Explosives/Bombs/Dynamite,,,
197405170001,1974-05-17,"Ireland","Dublin","Ulster Volunteer Force (UVF)",0,,,,,26,Unknown,Private Citizens & Property,,,Western Europe,Bombing/Explosion,,,Explosives/Bombs/Dynamite,,,
197405160003,1974-05-16,"United States","Los Angeles","Symbionese Liberation Army (SLA)",0,,,,,0,0,Business,,,North America,Armed Assault,,,Firearms,,,
197405160002,1974-05-16,"United Kingdom","Belfast","Protestant Extremists",0,,,,,1,Unknown,Private Citizens & Property,,,Western Europe,Assassination,,,Firearms,,,
197405160001,1974-05-16,"United States","New York City","Jewish Defense League (JDL)",0,,,,,0,1,Private Citizens & Property,,,North America,Unarmed Assault,,,Melee,,,
197405140001,1974-05-14,"Mexico","Merida","National Front for the Liberation of Cuba (FLNC)",0,,,,,0,0,Government (General),,,North America,Bombing/Explosion,,,Explosives/Bombs/Dynamite,,,
197405130001,1974-05-13,"United Kingdom","Dungannon","Irish Republican Army (IRA)",0,,,,,2,Unknown,Terrorists/Non-state Militia,,,Western Europe,Bombing/Explosion,,,Explosives/Bombs/Dynamite,,,
197405100001,1974-05-10,"United Kingdom","Finaghy","Irish Republican Army (IRA)",0,,,,,2,Unknown,Police,,,Western Europe,Assassination,,,Firearms,,,
197405090001,1974-05-09,"United Kingdom","London","National Front for the Liberation of Cuba (FLNC)",0,,,,,0,0,Government (Diplomatic),,,Western Europe,Bombing/Explosion,,,Explosives/Bombs/Dynamite,,,
197405080002,1974-05-08,"United Kingdom","Glengormley","Protestant Extremists",0,,,,,1,Unknown,Private Citizens & Property,,,Western Europe,Assassination,,,Firearms,,,
197405080001,1974-05-08,"Lebanon","Beirut","Lebanese Socialist Revolutionary Organization",0,,,,,0,0,Government (Diplomatic),,,Middle East & North Africa,Bombing/Explosion,,,Explosives/Bombs/Dynamite,,,
197405070003,1974-05-07,"United Kingdom","Newtownabbey","Protestant Extremists",0,,,,,2,Unknown,Terrorists/Non-state Militia,,,Western Europe,Armed Assault,,,Firearms,,,
197405070002,1974-05-07,"United Kingdom","Donaghmore","Ulster Volunteer Force (UVF)",0,,,,,2,Unknown,Private Citizens & Property,,,Western Europe,Assassination,,,Firearms,,,
197405070001,1974-05-07,"Haiti","Port-Au-Prince","Unknown",0,,,,,0,0,Airports and Aircraft,,,Central America & Caribbean,Bombing/Explosion,,,Explosives/Bombs/Dynamite,,,
197405060001,1974-05-06,"Argentina","Cordoba","Ejercito Revolucionaria del Pueblo (ERP) (Argentina)",0,,,,,1,0,Private Citizens & Property,,,South America,Assassination,,,Unknown,,,
197405040001,1974-05-04,"Belgium","Brussels","International Revolutionary Action Group (GARI)",0,,,,,0,0,Business,,,Western Europe,Bombing/Explosion,,,Explosives/Bombs/Dynamite,,,
197405030002,1974-05-03,"United States","New Haven","Black Liberation Army",0,,,,,0,1,Business,,,North America,Armed Assault,,,Firearms,,,
197405030001,1974-05-03,"France","Paris","International Revolutionary Action Group (GARI)",0,,,,,0,0,Business,,,Western Europe,Hostage Taking (Kidnapping),,,Unknown,,,
197405020002,1974-05-02,"United Kingdom","Belfast","Ulster Volunteer Force (UVF)",0,,,,,6,Unknown,Business,,,Western Europe,Bombing/Explosion,,,Explosives/Bombs/Dynamite,,,
197405020001,1974-05-02,"United Kingdom","Clogher","Irish Republican Army (IRA)",0,,,,,1,Unknown,Military,,,Western Europe,Bombing/Explosion,,,Firearms,Explosives/Bombs/Dynamite,,
197405010003,1974-05-01,"United States","New York City","Unknown",0,,,,,0,2,Airports and Aircraft,,,North America,Bombing/Explosion,,,Unknown,,,
197405010002,1974-05-01,"Lebanon","Maysat","Unknown",0,,,,,0,0,Business,,,Middle East & North Africa,Bombing/Explosion,,,Explosives/Bombs/Dynamite,,,
197405010001,1974-05-01,"West Germany (FRG)","West Berlin","Revolutionary Cells",0,,,,,0,0,Government (General),,,Western Europe,Armed Assault,,,Incendiary,,,
197404300001,1974-04-30,"El Salvador","San Salvador","People's Revolutionary Army (ERP) (El Salvador)",0,,,,,0,0,Government (Diplomatic),,,Central America & Caribbean,Bombing/Explosion,,,Explosives/Bombs/Dynamite,,,
197404280002,1974-04-28,"West Germany (FRG)","West Berlin","RVA",0,,,,,Unknown,Unknown,Business,,,Western Europe,Facility/Infrastructure Attack,,,Incendiary,,,
197404280001,1974-04-28,"Argentina","Buenos Aires","Ejercito Revolucionaria del Pueblo (ERP) (Argentina)",0,,,,,1,0,Government (General),,,South America,Assassination,,,Unknown,,,
197404270002,1974-04-27,"Argentina","Mendoza","Ejercito Revolucionaria del Pueblo (ERP) (Argentina)",0,,,,,Unknown,Unknown,Military,,,South America,Armed Assault,,,Firearms,,,
197404270001,1974-04-27,"Mexico","Mexico City","Unknown",0,,,,,1,0,Police,,,North America,Armed Assault,,,Firearms,,,
197404240003,1974-04-24,"United States","Perryville","Unknown",0,,,,,0,0,Police,,,North America,Bombing/Explosion,,,Explosives/Bombs/Dynamite,,,
197404240002,1974-04-24,"North Yemen","Sanaa","Unknown",0,,,,,0,1,Government (Diplomatic),,,Middle East & North Africa,Bombing/Explosion,,,Explosives/Bombs/Dynamite,,,
197404240001,1974-04-24,"Iran","Tehran","Unknown",0,,,,,Unknown,Unknown,Military,,,Middle East & North Africa,Bombing/Explosion,,,Explosives/Bombs/Dynamite,,,
197404230001,1974-04-23,"Thailand","Pattani","Unknown",0,,,,,2,0,Religious Figures/Institutions,Religious Figures/Institutions,,Southeast Asia,Hostage Taking (Kidnapping),,,Unknown,,,
197404220002,1974-04-22,"United Kingdom","Crossmaglen","Irish Republican Army (IRA)",0,,,,,1,Unknown,Military,,,Western Europe,Assassination,,,Firearms,,,
197404220001,1974-04-22,"United States","Guaynabo","Unknown",0,,,,,0,0,Government (Diplomatic),,,North America,Bombing/Explosion,,,Explosives/Bombs/Dynamite,,,
197404210003,1974-04-21,"United Kingdom","Derrylin","Ulster Volunteer Force (UVF)",0,,,,,1,Unknown,Government (General),,,Western Europe,Assassination,,,Firearms,,,
197404210002,1974-04-21,"Chad","Bardai","National Liberation Front of Chad",0,,,,,0,0,Private Citizens & Property,,,Sub-Saharan Africa,Hostage Taking (Kidnapping),,,Unknown,,,
197404210001,1974-04-21,"Spain","Bilbao","Basque Fatherland and Freedom (ETA)",0,,,,,1,0,Police,,,Western Europe,Assassination,,,Firearms,,,
197404200001,1974-04-20,"United Kingdom","Belfast","Irish Republican Army (IRA)",0,,,,,1,Unknown,Private Citizens & Property,,,Western Europe,Assassination,,,Firearms,,,
197404180001,1974-04-18,"United Kingdom","Moneymore","Irish Republican Army (IRA)",0,,,,,1,Unknown,Private Citizens & Property,,,Western Europe,Assassination,,,Explosives/Bombs/Dynamite,,,
197404170002,1974-04-17,"Austria","Vienna","Justice Guerrillas",1,,,,,0,0,Transportation,Unknown,,Western Europe,Unarmed Assault,,,Radiological,,,
197404170001,1974-04-17,"United States","New York City","Black Liberation Army",0,,,,,0,0,Police,,,North America,Armed Assault,,,Firearms,,,
197404160003,1974-04-16,"United States","San Francisco","Zebra killers",0,,,,,1,0,Private Citizens & Property,,,North America,Armed Assault,,,Firearms,,,
197404160002,1974-04-16,"United Kingdom","Portadown","Ulster Volunteer Force (UVF)",0,,,,,1,Unknown,Terrorists/Non-state Militia,,,Western Europe,Bombing/Explosion,,,Explosives/Bombs/Dynamite,,,
197404160001,1974-04-16,"United Kingdom","Newtownhamilton","Irish Republican Army (IRA)",0,,,,,1,Unknown,Police,,,Western Europe,Assassination,,,Firearms,,,
197404150001,1974-04-15,"United States","San Francisco","Symbionese Liberation Army (SLA)",0,,,,,0,0,Business,,,North America,Armed Assault,,,Firearms,,,
197404140003,1974-04-14,"United States","San Francisco","Zebra killers",0,,,,,0,2,Private Citizens & Property,,,North America,Armed Assault,,,Firearms,,,
197404140002,1974-04-14,"United Kingdom","Londonderry","Irish Republican Army (IRA)",0,,,,,1,Unknown,Military,,,Western Europe,Assassination,,,Firearms,,,
197404140001,1974-04-14,"United States","Los Angeles","Jewish Defense League (JDL)",0,,,,,0,0,Government (Diplomatic),,,North America,Bombing/Explosion,,,Explosives/Bombs/Dynamite,,,
197404130004,1974-04-13,"United Kingdom","Chipstead","Unknown",0,,,,,1,Unknown,Private Citizens & Property,,,Western Europe,Assassination,,,Firearms,,,
197404130002,1974-04-13,"United States","Miami","Secret Organization Zero",0,,,,,1,0,Government (General),,,North America,Assassination,,,Firearms,,,
197404130001,1974-04-13,"Philippines","Olongapo","Unknown",0,,,,,3,0,Military,,,Southeast Asia,Assassination,,,Firearms,,,
197404120002,1974-04-12,"Argentina","Cordoba","Ejercito Revolucionaria del Pueblo (ERP) (Argentina)",0,,,,,Unknown,1,Government (Diplomatic),,,South America,Hostage Taking (Barricade Incident),,,Firearms,,,
197404120001,1974-04-12,"Argentina","Cordoba","Ejercito Revolucionaria del Pueblo (ERP) (Argentina)",0,,,,,0,1,Government (General),,,South America,Hostage Taking (Kidnapping),,,Unknown,,,
197404110003,1974-04-11,"United Kingdom","Dungannon","Irish Republican Army (IRA)",0,,,,,1,Unknown,Military,,,Western Europe,Bombing/Explosion,,,Explosives/Bombs/Dynamite,,,
197404110002,1974-04-11,"United Kingdom","Lisnaskea","Irish Republican Army (IRA)",0,,,,,1,Unknown,Military,,,Western Europe,Bombing/Explosion,,,Explosives/Bombs/Dynamite,,,
197404110001,1974-04-11,"Israel","Qiryat Shemona","Popular Front for the Liberation of Palestine, Gen Cmd (PFLP-GC)",0,,,,,21,Unknown,Private Citizens & Property,,,Middle East & North Africa,Hostage Taking (Barricade Incident),,,Firearms,Explosives/Bombs/Dynamite,,
197404100001,1974-04-10,"United Kingdom","Derrylin","Irish Republican Army (IRA)",0,,,,,1,Unknown,Military,,,Western Europe,Assassination,,,Firearms,,,
197404090002,1974-04-09,"United Kingdom","Otterburn","Irish Republican Army (IRA)",0,,,,,1,Unknown,Military,,,Western Europe,Assassination,,,Firearms,,,
197404090001,1974-04-09,"Spain","Madrid","National Front for the Liberation of Cuba (FLNC)",0,,,,,Unknown,Unknown,Government (Diplomatic),,,Western Europe,Bombing/Explosion,,,Explosives/Bombs/Dynamite,,,
197404080001,1974-04-08,"Ethiopia","Asmara","Eritrean Liberation Front",0,,,,,0,0,Government (General),,,Sub-Saharan Africa,Bombing/Explosion,,,Explosives/Bombs/Dynamite,,,
197404060001,1974-04-06,"United Kingdom","Belfast","Ulster Volunteer Force (UVF)",0,,,,,1,Unknown,Private Citizens & Property,,,Western Europe,Assassination,,,Firearms,,,
197404040003,1974-04-04,"France","Toulouse","International Revolutionary Action Group (GARI)",0,,,,,Unknown,Unknown,Business,,,Western Europe,Armed Assault,,,Firearms,,,
197404040002,1974-04-04,"Argentina","Buenos Aires","Unknown",0,,,,,1,0,Business,,,South America,Hostage Taking (Kidnapping),,,Unknown,,,
197404040001,1974-04-04,"Argentina","Buenos Aires","Peronist Armed Forces (FAP)",0,,,,,1,0,Business,,,South America,Assassination,,,Firearms,,,
197404030001,1974-04-03,"Spain","Azpeitia","Basque Fatherland and Freedom (ETA)",0,,,,,1,0,Police,,,Western Europe,Assassination,,,Firearms,Firearms,,
197404010003,1974-04-01,"United States","San Francisco","Zebra killers",0,,,,,1,1,NGO,,,North America,Armed Assault,,,Firearms,,,
197404010002,1974-04-01,"United Kingdom","Belfast","Ulster Volunteer Force (UVF)",0,,,,,1,Unknown,Terrorists/Non-state Militia,,,Western Europe,Assassination,,,Firearms,,,
197404010001,1974-04-01,"West Germany (FRG)","West Berlin","Unknown",0,,,,,Unknown,Unknown,Business,,,Western Europe,Bombing/Explosion,,,Unknown,,,
197403310001,1974-03-31,"United Kingdom","Belfast","Irish Republican Army (IRA)",0,,,,,1,Unknown,Private Citizens & Property,,,Western Europe,Assassination,,,Firearms,,,
197403300001,1974-03-30,"United Kingdom","Belfast","Irish Republican Extremists",0,2,Unknown,Business,Western Europe,,,,Bombing/Explosion,Explosives/Bombs/Dynamite
197403290001,1974-03-29,"United Kingdom","Belfast","Ulster Volunteer Force (UVF)",0,,,,,2,Unknown,Business,,,Western Europe,Bombing/Explosion,,,Explosives/Bombs/Dynamite,,,
197403280002,1974-03-28,"United Kingdom","Belfast","Irish Republican Army (IRA)",0,,,,,1,Unknown,Military,,,Western Europe,Assassination,,,Firearms,,,
197403280001,1974-03-28,"Guatemala","Guatemala city","Rebel Armed Forces of Guatemala (FAR)",0,,,,,0,0,Private Citizens & Property,,,Central America & Caribbean,Hostage Taking (Kidnapping),,,Unknown,,,
197403260004,1974-03-26,"United Kingdom","Belfast","Irish Republican Army (IRA)",0,,,,,1,Unknown,Private Citizens & Property,,,Western Europe,Bombing/Explosion,,,Explosives/Bombs/Dynamite,,,
197403260003,1974-03-26,"United Kingdom","Ripon","Irish Republican Army (IRA)",0,,,,,0,1,Military,,,Western Europe,Bombing/Explosion,,,Explosives/Bombs/Dynamite,,,
197403260002,1974-03-26,"Jamaica","Kingston","National Front for the Liberation of Cuba (FLNC)",0,,,,,0,0,Government (Diplomatic),,,Central America & Caribbean,Bombing/Explosion,,,Explosives/Bombs/Dynamite,,,
197403260001,1974-03-26,"Ethiopia","Unknown","Eritrean Liberation Front",0,,,,,Unknown,Unknown,Business,,,Sub-Saharan Africa,Hostage Taking (Kidnapping),,,Unknown,,,
197403250002,1974-03-25,"Argentina","Jardin Lomas del Palomar","Unknown",0,,,,,Unknown,Unknown,Business,,,South America,Hostage Taking (Kidnapping),,,Unknown,,,
197403250001,1974-03-25,"Argentina","Buenos Aires","Unknown",0,,,,,1,0,Business,,,South America,Hostage Taking (Kidnapping),,,Unknown,,,
197403240004,1974-03-24,"United Kingdom","Belfast","Ulster Volunteer Force (UVF)",0,,,,,1,Unknown,Private Citizens & Property,,,Western Europe,Assassination,,,Firearms,,,
197403240003,1974-03-24,"United Kingdom","Omagh","Irish Republican Army (IRA)",0,,,,,1,Unknown,Private Citizens & Property,,,Western Europe,Assassination,,,Firearms,,,
197403240002,1974-03-24,"Mexico","Mexico City","National Front for the Liberation of Cuba (FLNC)",0,,,,,0,0,Business,,,North America,Bombing/Explosion,,,Explosives/Bombs/Dynamite,,,
197403240001,1974-03-24,"West Germany (FRG)","Essen","Baader-Meinhof Group",0,,,,,0,0,Business,,,Western Europe,Facility/Infrastructure Attack,,,Incendiary,,,
197403230001,1974-03-23,"Ethiopia","Asmara","Eritrean Liberation Front",0,,,,,2,Unknown,Business,,,Sub-Saharan Africa,Bombing/Explosion,,,Firearms,Explosives/Bombs/Dynamite,,
197403220002,1974-03-22,"France","Bastia","Corsican National Liberation Front (FLNC)",0,,,,,0,0,Airports and Aircraft,,,Western Europe,Bombing/Explosion,,,Explosives/Bombs/Dynamite,,,
197403220001,1974-03-22,"Mexico","Hermosillo","People's Liberation Army (Mexico)",0,,,,,1,0,Government (Diplomatic),,,North America,Hostage Taking (Kidnapping),,,Unknown,,,
197403210002,1974-03-21,"United States","Folcroft","Unknown",0,,,,,0,0,Police,,,North America,Bombing/Explosion,,,Explosives/Bombs/Dynamite,,,
197403210001,1974-03-21,"United Kingdom","Belfast","Protestant Extremists",0,,,,,1,Unknown,Private Citizens & Property,,,Western Europe,Assassination,,,Firearms,,,
197403190002,1974-03-19,"United Kingdom","Greenisland","Irish Republican Army (IRA)",0,,,,,1,Unknown,Police,,,Western Europe,Assassination,,,Explosives/Bombs/Dynamite,,,
197403190001,1974-03-19,"Mexico","Acapulco","23rd of September Communist League",0,,,,,Unknown,Unknown,Business,,,North America,Hostage Taking (Kidnapping),,,Unknown,,,
197403170003,1974-03-17,"United Kingdom","Londonderry","Irish Republican Army (IRA)",0,,,,,1,Unknown,Military,,,Western Europe,Assassination,,,Firearms,,,
197403170002,1974-03-17,"United Kingdom","Craigavon","Irish Republican Army (IRA)",0,,,,,1,Unknown,Police,,,Western Europe,Assassination,,,Firearms,,,
197403170001,1974-03-17,"United Kingdom","Londonderry","Irish Republican Army (IRA)",0,,,,,0,0,Military,,,Western Europe,Armed Assault,,,Firearms,Firearms,Firearms,
197403160004,1974-03-16,"United Kingdom","Crossmaglen","Irish Republican Army (IRA)",0,,,,,2,Unknown,Military,,,Western Europe,Assassination,,,Firearms,,,
197403160003,1974-03-16,"Argentina","Cordoba","Ejercito Revolucionaria del Pueblo (ERP) (Argentina)",0,,,,,Unknown,Unknown,Business,,,South America,Bombing/Explosion,,,Explosives/Bombs/Dynamite,,,
197403160002,1974-03-16,"Argentina","Cordoba","Ejercito Revolucionaria del Pueblo (ERP) (Argentina)",0,,,,,Unknown,Unknown,Government (Diplomatic),,,South America,Bombing/Explosion,,,Explosives/Bombs/Dynamite,,,
197403160001,1974-03-16,"Lebanon","Beirut","Lebanese Socialist Revolutionary Organization",0,,,,,0,1,Government (Diplomatic),,,Middle East & North Africa,Assassination,,,Explosives/Bombs/Dynamite,,,
197403150003,1974-03-15,"United Kingdom","Magherafelt","Irish Republican Army (IRA)",0,,,,,1,Unknown,Private Citizens & Property,,,Western Europe,Bombing/Explosion,,,Explosives/Bombs/Dynamite,,,
197403150002,1974-03-15,"United Kingdom","Belfast","Ulster Volunteer Force (UVF)",0,,,,,1,Unknown,Private Citizens & Property,,,Western Europe,Assassination,,,Firearms,,,
197403140002,1974-03-14,"United Kingdom","Belfast","Irish Republican Extremists",0,,,,,1,Unknown,Private Citizens & Property,,,Western Europe,Assassination,,,Firearms,,,
197403140001,1974-03-14,"Venezuela","Caracas","Unknown",0,,,,,0,0,Business,,,South America,Facility/Infrastructure Attack,,,Incendiary,,,
197403130002,1974-03-13,"United Kingdom","Belfast","Irish Republican Army (IRA)",0,,,,,1,Unknown,Military,,,Western Europe,Assassination,,,Firearms,,,
197403130001,1974-03-13,"Italy","Milan","Red Brigades",0,,,,,0,0,Government (Diplomatic),,,Western Europe,Facility/Infrastructure Attack,,,Incendiary,,,
197403120003,1974-03-12,"Ireland","Clones","Irish Republican Army (IRA)",0,,,,,1,Unknown,Private Citizens & Property,,,Western Europe,Assassination,,,Firearms,,,
197403120002,1974-03-12,"Venezuela","Caracas","Red Flag (Venezuela)",0,,,,,0,0,Business,,,South America,Facility/Infrastructure Attack,,,Incendiary,,,
197403120001,1974-03-12,"Venezuela","Caracas","Unknown",0,,,,,0,0,Utilities,,,South America,Bombing/Explosion,,,Explosives/Bombs/Dynamite,,,
197403110002,1974-03-11,"United Kingdom","Belfast","Ulster Volunteer Force (UVF)",0,,,,,1,Unknown,Business,,,Western Europe,Armed Assault,,,Firearms,,,
197403110001,1974-03-11,"Argentina","Buenos Aires","Argentine Liberation Front (FAL)",0,,,,,0,0,Private Citizens & Property,,,South America,Hostage Taking (Kidnapping),,,Unknown,,,
197403100001,1974-03-10,"United Kingdom","Forkhill","Irish Republican Army (IRA)",0,,,,,2,Unknown,Private Citizens & Property,,,Western Europe,Bombing/Explosion,,,Explosives/Bombs/Dynamite,,,
197403090001,1974-03-09,"United States","Los Altos","Americans for Justice",0,,,,,0,0,Business,,,North America,Bombing/Explosion,,,Explosives/Bombs/Dynamite,,,
197403080001,1974-03-08,"United Kingdom","Belfast","Irish Republican Army (IRA)",0,,,,,0,0,Military,,,Western Europe,Bombing/Explosion,,,Explosives/Bombs/Dynamite,,,
197403070004,1974-03-07,"United States","Portland","Unknown",0,,,,,0,0,Government (General),,,North America,Bombing/Explosion,,,Explosives/Bombs/Dynamite,,,
197403070003,1974-03-07,"United States","San Francisco","Weather Underground, Weathermen",0,,,,,0,0,Government (General),,,North America,Bombing/Explosion,,,Explosives/Bombs/Dynamite,,,
197403070002,1974-03-07,"United States","San Jose","Americans for Justice",0,,,,,0,0,Business,,,North America,Bombing/Explosion,,,Explosives/Bombs/Dynamite,,,
197403070001,1974-03-07,"Iran","Tehran","Mujahedin-e Khalq (MEK)",0,,,,,0,0,Government (Diplomatic),,,Middle East & North Africa,Bombing/Explosion,,,Explosives/Bombs/Dynamite,,,
197403060001,1974-03-06,"El Salvador","San Salvador","Unknown",0,,,,,Unknown,3,Government (General),,,Central America & Caribbean,Armed Assault,,,Firearms,,,
197403040006,1974-03-04,"Argentina","Cordoba","Ejercito Revolucionaria del Pueblo (ERP) (Argentina)",0,,,,,0,0,Business,,,South America,Bombing/Explosion,,,Explosives/Bombs/Dynamite,Incendiary,,
197403040005,1974-03-04,"Argentina","Cordoba","Ejercito Revolucionaria del Pueblo (ERP) (Argentina)",0,,,,,0,0,Business,,,South America,Bombing/Explosion,,,Explosives/Bombs/Dynamite,Incendiary,,
197403040004,1974-03-04,"Argentina","Cordoba","Ejercito Revolucionaria del Pueblo (ERP) (Argentina)",0,,,,,0,0,Private Citizens & Property,,,South America,Assassination,,,Explosives/Bombs/Dynamite,Incendiary,,
197403040003,1974-03-04,"Argentina","Cordoba","Ejercito Revolucionaria del Pueblo (ERP) (Argentina)",0,,,,,0,0,Journalists & Media,,,South America,Bombing/Explosion,,,Explosives/Bombs/Dynamite,Incendiary,,
197403040002,1974-03-04,"Argentina","Cordoba","Ejercito Revolucionaria del Pueblo (ERP) (Argentina)",0,,,,,0,0,Police,,,South America,Bombing/Explosion,,,Explosives/Bombs/Dynamite,Incendiary,,
197403040001,1974-03-04,"Argentina","Cordoba","Ejercito Revolucionaria del Pueblo (ERP) (Argentina)",0,,,,,0,0,Religious Figures/Institutions,,,South America,Bombing/Explosion,,,Incendiary,Explosives/Bombs/Dynamite,,
197403030003,1974-03-03,"Lebanon","Beirut","Arabs",0,,,,,0,0,Airports and Aircraft,,,Middle East & North Africa,Hijacking,,,Incendiary,Explosives/Bombs/Dynamite,,
197403030002,1974-03-03,"United Kingdom","Donaghmore","Irish Republican Army (IRA)",0,,,,,1,Unknown,Military,,,Western Europe,Bombing/Explosion,,,Explosives/Bombs/Dynamite,,,
197403030001,1974-03-03,"United Kingdom","Belfast","Irish Republican Army (IRA)",0,,,,,1,Unknown,Police,,,Western Europe,Assassination,,,Firearms,,,
197403020001,1974-03-02,"West Germany (FRG)","Hamburg","Revolutionary Cells",0,,,,,Unknown,Unknown,Religious Figures/Institutions,,,Western Europe,Bombing/Explosion,,,Explosives/Bombs/Dynamite,,,
197403010002,1974-03-01,"France","Paris","Unknown",0,,,,,0,0,Business,,,Western Europe,Facility/Infrastructure Attack,,,Incendiary,,,
197403010001,1974-03-01,"France","Paris","Unknown",0,,,,,0,0,Business,,,Western Europe,Facility/Infrastructure Attack,,,Incendiary,,,
197402280002,1974-02-28,"United Kingdom","Belfast","Ulster Volunteer Force (UVF)",0,,,,,1,Unknown,Business,,,Western Europe,Bombing/Explosion,,,Explosives/Bombs/Dynamite,,,
197402240005,1974-02-24,"United States","Boulder","Chicano Radicals",1,,,,,0,0,Educational Institution,,,North America,Bombing/Explosion,,,Explosives/Bombs/Dynamite,,,
197402240004,1974-02-24,"United Kingdom","Londonderry","Irish Republican Army (IRA)",0,,,,,1,Unknown,Terrorists/Non-state Militia,,,Western Europe,Assassination,,,Firearms,,,
197402240003,1974-02-24,"Mexico","Oaxaca","Unknown",0,,,,,0,0,Business,,,North America,Bombing/Explosion,,,Explosives/Bombs/Dynamite,,,
197402240002,1974-02-24,"Mexico","Guadalajara","Unknown",0,,,,,0,0,Business,,,North America,Bombing/Explosion,,,Explosives/Bombs/Dynamite,,,
197402240001,1974-02-24,"Mexico","Guadalajara","Unknown",0,,,,,0,0,Business,,,North America,Bombing/Explosion,,,Explosives/Bombs/Dynamite,,,
197402230002,1974-02-23,"Greece","Lavrion","People's Resistance Organized Army",0,,,,,2,0,Business,,,Western Europe,Bombing/Explosion,,,Explosives/Bombs/Dynamite,,,
197402230001,1974-02-23,"France","Toulouse","International Revolutionary Action Group (GARI)",0,,,,,0,1,Government (Diplomatic),,,Western Europe,Assassination,,,Firearms,,,
197402210001,1974-02-21,"United Kingdom","Belfast","Ulster Freedom Fighters (UFF)",0,,,,,1,Unknown,Business,,,Western Europe,Bombing/Explosion,,,Explosives/Bombs/Dynamite,,,
197402190001,1974-02-19,"United Kingdom","Loughgall","Ulster Volunteer Force (UVF)",0,,,,,2,Unknown,Business,,,Western Europe,Bombing/Explosion,,,Explosives/Bombs/Dynamite,,,
197402180001,1974-02-18,"United Kingdom","Crossmaglen","Irish Republican Army (IRA)",0,,,,,1,Unknown,Military,,,Western Europe,Bombing/Explosion,,,Explosives/Bombs/Dynamite,,,
197402140001,1974-02-14,"France","Tredudon","Breton Liberation Front (FLB)",0,,,,,0,0,Utilities,,,Western Europe,Bombing/Explosion,,,Explosives/Bombs/Dynamite,,,
197402120002,1974-02-12,"United Kingdom","Belfast","Ulster Freedom Fighters (UFF)",0,,,,,1,Unknown,Private Citizens & Property,,,Western Europe,Assassination,,,Firearms,,,
197402120001,1974-02-12,"United Kingdom","Little Chalfont","Irish Republican Army (IRA)",0,,,,,0,10,Military,,,Western Europe,Bombing/Explosion,,,Explosives/Bombs/Dynamite,,,
197402110004,1974-02-11,"United Kingdom","Newtownabbey","Ulster Freedom Fighters (UFF)",0,,,,,2,Unknown,Private Citizens & Property,,,Western Europe,Assassination,,,Firearms,,,
197402110003,1974-02-11,"Israel","Jerusalem","Jewish Defense League (JDL)",0,,,,,0,0,Religious Figures/Institutions,,,Middle East & North Africa,Bombing/Explosion,,,Explosives/Bombs/Dynamite,,,
197402110002,1974-02-11,"Israel","Jerusalem","Jewish Defense League (JDL)",0,,,,,0,0,Business,,,Middle East & North Africa,Bombing/Explosion,,,Explosives/Bombs/Dynamite,,,
197402110001,1974-02-11,"Israel","Jerusalem","Jewish Defense League (JDL)",0,,,,,0,0,Religious Figures/Institutions,,,Middle East & North Africa,Bombing/Explosion,,,Explosives/Bombs/Dynamite,,,
197402100002,1974-02-10,"West Germany (FRG)","Hamburg","Unknown",0,,,,,0,0,Police,,,Western Europe,Bombing/Explosion,,,Explosives/Bombs/Dynamite,,,
197402100001,1974-02-10,"West Germany (FRG)","Cologne","Unknown",0,,,,,Unknown,Unknown,Government (General),,,Western Europe,Bombing/Explosion,,,Explosives/Bombs/Dynamite,,,
197402090002,1974-02-09,"United Kingdom","Belfast","Ulster Freedom Fighters (UFF)",0,,,,,1,Unknown,Private Citizens & Property,,,Western Europe,Assassination,,,Firearms,,,
197402090001,1974-02-09,"Mexico","Guadalajara","Unknown",0,,,,,0,0,Government (General),,,North America,Bombing/Explosion,,,Explosives/Bombs/Dynamite,,,
197402070001,1974-02-07,"West Germany (FRG)","Darmstadt","Baader-Meinhof Group",0,,,,,Unknown,Unknown,Police,,,Western Europe,Bombing/Explosion,,,Explosives/Bombs/Dynamite,,,
197402060001,1974-02-06,"Kuwait","Kuwait","Popular Front for the Liberation of Palestine (PFLP)",0,,,,,0,0,Government (Diplomatic),,,Middle East & North Africa,Hostage Taking (Kidnapping),,,Firearms,,,
197402040008,1974-02-04,"United Kingdom","Belfast","Ulster Volunteer Force (UVF)",0,,,,,1,Unknown,Private Citizens & Property,,,Western Europe,Assassination,,,Firearms,,,
197402040006,1974-02-04,"United Kingdom","Batley","Irish Republican Army (IRA)",0,,,,,12,14,Military,,,Western Europe,Bombing/Explosion,,,Explosives/Bombs/Dynamite,,,
197402040005,1974-02-04,"United Kingdom","London","Irish Republican Army (IRA)",0,,,,,0,1,Journalists & Media,,,Western Europe,Bombing/Explosion,,,Explosives/Bombs/Dynamite,,,
197402040004,1974-02-04,"United States","Berkeley","Symbionese Liberation Army (SLA)",0,,,,,0,0,Journalists & Media,,,North America,Hostage Taking (Kidnapping),,,Unknown,,,
197402040003,1974-02-04,"United States","New York City","Black Muslims",0,,,,,4,0,Religious Figures/Institutions,Private Citizens & Property,,North America,Assassination,,,Firearms,,,
197402040002,1974-02-04,"United Kingdom","London","Irish Republican Army (IRA)",0,,,,,0,1,Journalists & Media,,,Western Europe,Assassination,,,Explosives/Bombs/Dynamite,,,
197402040001,1974-02-04,"United Kingdom","London","Irish Republican Army (IRA)",0,,,,,0,1,Government (General),,,Western Europe,Assassination,,,Explosives/Bombs/Dynamite,,,
197402030002,1974-02-03,"United States","Laurel","Unknown",0,,,,,0,0,Police,,,North America,Bombing/Explosion,,,Explosives/Bombs/Dynamite,,,
197402030001,1974-02-03,"United Kingdom","Takeley","Irish Republican Army (IRA)",0,,,,,0,0,Business,,,Western Europe,Armed Assault,,,Firearms,,,
197402020001,1974-02-02,"Pakistan","Karachi","Muslim Guerrillas",0,,,,,0,0,Maritime,,,South Asia,Bombing/Explosion,,,Firearms,Explosives/Bombs/Dynamite,,
197402010005,1974-02-01,"Mexico","Guadalajara","Unknown",0,,,,,0,0,Business,,,North America,Bombing/Explosion,,,Explosives/Bombs/Dynamite,,,
197402010004,1974-02-01,"Mexico","Guadalajara","Unknown",0,,,,,0,0,Business,,,North America,Bombing/Explosion,,,Explosives/Bombs/Dynamite,,,
197402010003,1974-02-01,"Mexico","Guadalajara","Unknown",0,,,,,0,0,Business,,,North America,Bombing/Explosion,,,Explosives/Bombs/Dynamite,,,
197402010002,1974-02-01,"France","Paris","Unknown",0,,,,,0,1,Private Citizens & Property,,,Western Europe,Assassination,,,Unknown,,,
197402010001,1974-02-01,"Botswana","Gaborone","Unknown",0,,,,,1,0,Private Citizens & Property,,,Sub-Saharan Africa,Assassination,,,Explosives/Bombs/Dynamite,,,
197401310003,1974-01-31,"United Kingdom","Newtownabbey","Ulster Freedom Fighters (UFF)",0,,,,,2,Unknown,Private Citizens & Property,,,Western Europe,Armed Assault,,,Firearms,,,
197401310002,1974-01-31,"Singapore","Unknown","Japanese Red Army (JRA)",0,"Popular Front for the Liberation of Palestine (PFLP)",0,,,0,0,Business,,,Southeast Asia,Hostage Taking (Kidnapping),,,Incendiary,,,
197401310001,1974-01-31,"United Kingdom","Edenbridge","Irish Republican Army (IRA)",0,,,,,0,1,Government (General),,,Western Europe,Assassination,,,Explosives/Bombs/Dynamite,,,
197401300001,1974-01-30,"United Kingdom","Belfast","Protestant Extremists",0,,,,,1,Unknown,Private Citizens & Property,,,Western Europe,Assassination,,,Firearms,,,
197401290003,1974-01-29,"United Kingdom","Derry","Irish Republican Army (IRA)",0,,,,,1,Unknown,Police,,,Western Europe,Assassination,,,Firearms,,,
197401290002,1974-01-29,"United Kingdom","Newcastle","Irish Republican Army (IRA)",0,,,,,1,Unknown,Military,,,Western Europe,Armed Assault,,,Firearms,,,
197401290001,1974-01-29,"Canada","Ottawa","Unknown",0,,,,,0,0,Government (Diplomatic),,,North America,Bombing/Explosion,,,Explosives/Bombs/Dynamite,,,
197401280005,1974-01-28,"United States","San Francisco","Zebra killers",0,,,,,1,0,Private Citizens & Property,,,North America,Armed Assault,,,Firearms,,,
197401280004,1974-01-28,"United States","San Francisco","Zebra killers",0,,,,,0,1,Private Citizens & Property,,,North America,Armed Assault,,,Firearms,,,
197401280003,1974-01-28,"United States","San Francisco","Zebra killers",0,,,,,1,0,Private Citizens & Property,,,North America,Armed Assault,,,Firearms,,,
197401280002,1974-01-28,"United States","San Francisco","Zebra killers",0,,,,,1,0,Private Citizens & Property,,,North America,Armed Assault,,,Firearms,,,
197401280001,1974-01-28,"United States","San Francisco","Zebra killers",0,,,,,1,0,Private Citizens & Property,,,North America,Armed Assault,,,Firearms,,,
197401260001,1974-01-26,"United Kingdom","Belfast","Irish Republican Army (IRA)",0,,,,,1,Unknown,Police,,,Western Europe,Assassination,,,Firearms,,,
197401250001,1974-01-25,"United Kingdom","Ballyronan","Irish Republican Army (IRA)",0,,,,,1,Unknown,Military,,,Western Europe,Bombing/Explosion,,,Explosives/Bombs/Dynamite,,,
197401240002,1974-01-24,"United Kingdom","London","Unknown",0,,,,,0,1,Business,,,Western Europe,Bombing/Explosion,,,Explosives/Bombs/Dynamite,,,
197401240001,1974-01-24,"France","Romainville","Unknown",0,,,,,0,0,Business,,,Western Europe,Bombing/Explosion,,,Explosives/Bombs/Dynamite,,,
197401210002,1974-01-21,"United Kingdom","Creggan","Irish Republican Army (IRA)",0,,,,,1,Unknown,Military,,,Western Europe,Bombing/Explosion,,,Explosives/Bombs/Dynamite,,,
197401210001,1974-01-21,"United Kingdom","London","Irish Republican Army (IRA)",0,,,,,0,1,Religious Figures/Institutions,,,Western Europe,Assassination,,,Explosives/Bombs/Dynamite,,,
197401200003,1974-01-20,"United Kingdom","Aughnacloy","Irish Republican Army (IRA)",0,,,,,1,Unknown,Military,,,Western Europe,Assassination,,,Firearms,,,
197401200002,1974-01-20,"United Kingdom","Carrickfergus","Protestant Extremists",0,,,,,1,Unknown,Private Citizens & Property,,,Western Europe,Assassination,,,Firearms,,,
197401200001,1974-01-20,"Mexico","Mexico City","Unknown",0,,,,,0,0,Government (Diplomatic),,,North America,Bombing/Explosion,,,Explosives/Bombs/Dynamite,,,
197401190002,1974-01-19,"Argentina","Azul","Ejercito Revolucionaria del Pueblo (ERP) (Argentina)",0,,,,,2,5,Police,,,South America,Armed Assault,,,Firearms,,,
197401190001,1974-01-19,"Argentina","Azul","Ejercito Revolucionaria del Pueblo (ERP) (Argentina)",0,,,,,Unknown,Unknown,Military,,,South America,Hostage Taking (Kidnapping),,,Unknown,,,
197401170002,1974-01-17,"United Kingdom","Cappagh","Protestant Extremists",0,,,,,1,Unknown,Business,,,Western Europe,Armed Assault,,,Firearms,,,
197401170001,1974-01-17,"United Kingdom","Trillick","Irish Republican Army (IRA)",0,,,,,1,Unknown,Military,,,Western Europe,Assassination,,,Firearms,,,
197401140002,1974-01-14,"United Kingdom","Newtownards","Ulster Volunteer Force (UVF)",0,,,,,1,Unknown,Private Citizens & Property,,,Western Europe,Assassination,,,Firearms,,,
197401140001,1974-01-14,"Argentina","Cordoba","Unknown",0,,,,,0,0,Private Citizens & Property,,,South America,Bombing/Explosion,,,Explosives/Bombs/Dynamite,,,
197401130001,1974-01-13,"United Kingdom","Belfast","Official Irish Republican Army (OIRA)",0,,,,,1,Unknown,Private Citizens & Property,,,Western Europe,Assassination,,,Firearms,,,
197401110004,1974-01-11,"United Kingdom","Londonderry","Official Irish Republican Army (OIRA)",0,,,,,2,Unknown,Private Citizens & Property,,,Western Europe,Assassination,,,Explosives/Bombs/Dynamite,,,
197401110003,1974-01-11,"Italy","Rome","Unknown",0,,,,,0,0,Business,,,Western Europe,Bombing/Explosion,,,Explosives/Bombs/Dynamite,,,
197401110002,1974-01-11,"Switzerland","Zurich","Iberian Liberation Movement (MIL)",0,,,,,0,0,Government (Diplomatic),,,Western Europe,Bombing/Explosion,,,Explosives/Bombs/Dynamite,,,
197401110001,1974-01-11,"Italy","Turin","Unknown",0,,,,,Unknown,Unknown,Government (Diplomatic),,,Western Europe,Bombing/Explosion,,,Explosives/Bombs/Dynamite,,,
197401100002,1974-01-10,"United Kingdom","Belfast","Ulster Volunteer Force (UVF)",0,,,,,1,Unknown,Private Citizens & Property,,,Western Europe,Assassination,,,Firearms,,,
197401100001,1974-01-10,"Italy","Rome","Unknown",0,,,,,Unknown,Unknown,Business,,,Western Europe,Bombing/Explosion,,,Explosives/Bombs/Dynamite,,,
197401090001,1974-01-09,"Greece","Athens","Unknown",0,,,,,0,0,Government (General),,,Western Europe,Bombing/Explosion,,,Explosives/Bombs/Dynamite,,,
197401080001,1974-01-08,"Argentina","La Plata","Unknown",0,,,,,Unknown,Unknown,Business,,,South America,Hostage Taking (Kidnapping),,,Unknown,,,
197401060003,1974-01-06,"France","Macon","Unknown",0,,,,,0,0,Business,,,Western Europe,Facility/Infrastructure Attack,,,Incendiary,,,
197401060002,1974-01-06,"United Kingdom","London","Irish Republican Army (IRA)",0,,,,,0,1,Military,,,Western Europe,Assassination,,,Explosives/Bombs/Dynamite,,,
197401060001,1974-01-06,"United Kingdom","London","Irish Republican Army (IRA)",0,,,,,0,1,Military,,,Western Europe,Assassination,,,Explosives/Bombs/Dynamite,,,
197401050002,1974-01-05,"United Kingdom","Belfast","Protestant Extremists",0,,,,,1,Unknown,Private Citizens & Property,,,Western Europe,Assassination,,,Firearms,,,
197401050001,1974-01-05,"Argentina","Potrerillos","Ejercito Revolucionaria del Pueblo (ERP) (Argentina)",0,,,,,0,0,Transportation,,,South America,Bombing/Explosion,,,Explosives/Bombs/Dynamite,,,
197401030001,1974-01-03,"Argentina","Buenos Aires","Unknown",0,,,,,0,0,Business,,,South America,Hostage Taking (Kidnapping),,,Unknown,,,
197401020001,1974-01-02,"Argentina","Buenos Aires","Unknown",0,,,Unknown,Unknown,Business,,South America,Hostage Taking (Kidnapping),,,Unknown,,
197401010001,1974-01-01,"United Kingdom","Belfast","Irish Republican Army (IRA)",0,,,,,1,Unknown,Military,Private Citizens & Property,,Western Europe,Assassination,,,Firearms,,,
